ISO-10303-21;
HEADER;
FILE_DESCRIPTION(('Open CASCADE Model'),'2;1');
FILE_NAME('Open CASCADE Shape Model','2026-05-29T02:17:34',('Author'),(
    'Open CASCADE'),'Open CASCADE STEP processor 7.8','Open CASCADE 7.8'
  ,'Unknown');
FILE_SCHEMA(('AUTOMOTIVE_DESIGN { 1 0 10303 214 1 1 1 1 }'));
ENDSEC;
DATA;
#1 = APPLICATION_PROTOCOL_DEFINITION('international standard',
  'automotive_design',2000,#2);
#2 = APPLICATION_CONTEXT(
  'core data for automotive mechanical design processes');
#3 = SHAPE_DEFINITION_REPRESENTATION(#4,#10);
#4 = PRODUCT_DEFINITION_SHAPE('','',#5);
#5 = PRODUCT_DEFINITION('design','',#6,#9);
#6 = PRODUCT_DEFINITION_FORMATION('','',#7);
#7 = PRODUCT('Open CASCADE STEP translator 7.8 1',
  'Open CASCADE STEP translator 7.8 1','',(#8));
#8 = PRODUCT_CONTEXT('',#2,'mechanical');
#9 = PRODUCT_DEFINITION_CONTEXT('part definition',#2,'design');
#10 = ADVANCED_BREP_SHAPE_REPRESENTATION('',(#11,#15),#2677);
#11 = AXIS2_PLACEMENT_3D('',#12,#13,#14);
#12 = CARTESIAN_POINT('',(0.,0.,0.));
#13 = DIRECTION('',(0.,0.,1.));
#14 = DIRECTION('',(1.,0.,-0.));
#15 = MANIFOLD_SOLID_BREP('',#16);
#16 = CLOSED_SHELL('',(#17,#739,#816,#863,#910,#942,#1018,#1065,#1112,
    #1144,#1220,#1267,#1314,#1346,#1422,#1469,#1516,#1548,#1624,#1729,
    #1778,#1851,#1927,#1974,#2021,#2053,#2502,#2529,#2616,#2623,#2650));
#17 = ADVANCED_FACE('',(#18,#139,#259,#379,#499,#619),#33,.T.);
#18 = FACE_BOUND('',#19,.F.);
#19 = EDGE_LOOP('',(#20,#56,#82,#115));
#20 = ORIENTED_EDGE('',*,*,#21,.F.);
#21 = EDGE_CURVE('',#22,#24,#26,.T.);
#22 = VERTEX_POINT('',#23);
#23 = CARTESIAN_POINT('',(-13.45859034533,-50.22814296703,0.));
#24 = VERTEX_POINT('',#25);
#25 = CARTESIAN_POINT('',(-13.45859034533,50.228142967032,0.));
#26 = SURFACE_CURVE('',#27,(#32,#44),.PCURVE_S1.);
#27 = CIRCLE('',#28,52.);
#28 = AXIS2_PLACEMENT_3D('',#29,#30,#31);
#29 = CARTESIAN_POINT('',(0.,0.,0.));
#30 = DIRECTION('',(0.,0.,1.));
#31 = DIRECTION('',(-0.258819045102,-0.965925826289,0.));
#32 = PCURVE('',#33,#38);
#33 = CYLINDRICAL_SURFACE('',#34,52.);
#34 = AXIS2_PLACEMENT_3D('',#35,#36,#37);
#35 = CARTESIAN_POINT('',(0.,0.,0.));
#36 = DIRECTION('',(-0.,-0.,-1.));
#37 = DIRECTION('',(1.,0.,0.));
#38 = DEFINITIONAL_REPRESENTATION('',(#39),#43);
#39 = LINE('',#40,#41);
#40 = CARTESIAN_POINT('',(-4.450589592586,0.));
#41 = VECTOR('',#42,1.);
#42 = DIRECTION('',(-1.,0.));
#43 = ( GEOMETRIC_REPRESENTATION_CONTEXT(2) 
PARAMETRIC_REPRESENTATION_CONTEXT() REPRESENTATION_CONTEXT('2D SPACE',''
  ) );
#44 = PCURVE('',#45,#50);
#45 = PLANE('',#46);
#46 = AXIS2_PLACEMENT_3D('',#47,#48,#49);
#47 = CARTESIAN_POINT('',(-1.683003240049E-15,4.609291841672E-15,0.));
#48 = DIRECTION('',(0.,0.,1.));
#49 = DIRECTION('',(1.,0.,-0.));
#50 = DEFINITIONAL_REPRESENTATION('',(#51),#55);
#51 = CIRCLE('',#52,52.);
#52 = AXIS2_PLACEMENT_2D('',#53,#54);
#53 = CARTESIAN_POINT('',(1.683003240049E-15,-4.609291841672E-15));
#54 = DIRECTION('',(-0.258819045102,-0.965925826289));
#55 = ( GEOMETRIC_REPRESENTATION_CONTEXT(2) 
PARAMETRIC_REPRESENTATION_CONTEXT() REPRESENTATION_CONTEXT('2D SPACE',''
  ) );
#56 = ORIENTED_EDGE('',*,*,#57,.F.);
#57 = EDGE_CURVE('',#58,#22,#60,.T.);
#58 = VERTEX_POINT('',#59);
#59 = CARTESIAN_POINT('',(-13.45859034533,-50.22814296703,90.));
#60 = SURFACE_CURVE('',#61,(#65,#71),.PCURVE_S1.);
#61 = LINE('',#62,#63);
#62 = CARTESIAN_POINT('',(-13.45859034533,-50.22814296703,0.));
#63 = VECTOR('',#64,1.);
#64 = DIRECTION('',(-0.,-0.,-1.));
#65 = PCURVE('',#33,#66);
#66 = DEFINITIONAL_REPRESENTATION('',(#67),#70);
#67 = B_SPLINE_CURVE_WITH_KNOTS('',1,(#68,#69),.UNSPECIFIED.,.F.,.F.,(2,
    2),(-90.,0.),.PIECEWISE_BEZIER_KNOTS.);
#68 = CARTESIAN_POINT('',(-4.450589592586,-90.));
#69 = CARTESIAN_POINT('',(-4.450589592586,0.));
#70 = ( GEOMETRIC_REPRESENTATION_CONTEXT(2) 
PARAMETRIC_REPRESENTATION_CONTEXT() REPRESENTATION_CONTEXT('2D SPACE',''
  ) );
#71 = PCURVE('',#72,#77);
#72 = PLANE('',#73);
#73 = AXIS2_PLACEMENT_3D('',#74,#75,#76);
#74 = CARTESIAN_POINT('',(0.,0.,0.));
#75 = DIRECTION('',(0.965925826289,-0.258819045103,0.));
#76 = DIRECTION('',(-0.258819045103,-0.965925826289,0.));
#77 = DEFINITIONAL_REPRESENTATION('',(#78),#81);
#78 = B_SPLINE_CURVE_WITH_KNOTS('',1,(#79,#80),.UNSPECIFIED.,.F.,.F.,(2,
    2),(-90.0000006,6.E-07),.PIECEWISE_BEZIER_KNOTS.);
#79 = CARTESIAN_POINT('',(52.,-90.0000006));
#80 = CARTESIAN_POINT('',(52.,6.E-07));
#81 = ( GEOMETRIC_REPRESENTATION_CONTEXT(2) 
PARAMETRIC_REPRESENTATION_CONTEXT() REPRESENTATION_CONTEXT('2D SPACE',''
  ) );
#82 = ORIENTED_EDGE('',*,*,#83,.F.);
#83 = EDGE_CURVE('',#84,#58,#86,.T.);
#84 = VERTEX_POINT('',#85);
#85 = CARTESIAN_POINT('',(-13.45859034533,50.228142967032,90.));
#86 = SURFACE_CURVE('',#87,(#92,#99),.PCURVE_S1.);
#87 = CIRCLE('',#88,52.);
#88 = AXIS2_PLACEMENT_3D('',#89,#90,#91);
#89 = CARTESIAN_POINT('',(0.,0.,90.));
#90 = DIRECTION('',(0.,0.,-1.));
#91 = DIRECTION('',(-0.258819045102,0.965925826289,0.));
#92 = PCURVE('',#33,#93);
#93 = DEFINITIONAL_REPRESENTATION('',(#94),#98);
#94 = LINE('',#95,#96);
#95 = CARTESIAN_POINT('',(-8.115781021774,-90.));
#96 = VECTOR('',#97,1.);
#97 = DIRECTION('',(1.,-0.));
#98 = ( GEOMETRIC_REPRESENTATION_CONTEXT(2) 
PARAMETRIC_REPRESENTATION_CONTEXT() REPRESENTATION_CONTEXT('2D SPACE',''
  ) );
#99 = PCURVE('',#100,#105);
#100 = PLANE('',#101);
#101 = AXIS2_PLACEMENT_3D('',#102,#103,#104);
#102 = CARTESIAN_POINT('',(-1.683003240049E-15,4.609291841672E-15,90.));
#103 = DIRECTION('',(0.,0.,1.));
#104 = DIRECTION('',(1.,0.,-0.));
#105 = DEFINITIONAL_REPRESENTATION('',(#106),#114);
#106 = ( BOUNDED_CURVE() B_SPLINE_CURVE(2,(#107,#108,#109,#110,#111,#112
,#113),.UNSPECIFIED.,.T.,.F.) B_SPLINE_CURVE_WITH_KNOTS((1,2,2,2,2,1),(
    -2.094395102393,0.,2.094395102393,4.188790204786,6.28318530718,
8.377580409573),.UNSPECIFIED.) CURVE() GEOMETRIC_REPRESENTATION_ITEM() 
RATIONAL_B_SPLINE_CURVE((1.,0.5,1.,0.5,1.,0.5,1.)) REPRESENTATION_ITEM(
  '') );
#107 = CARTESIAN_POINT('',(-13.45859034533,50.228142967032));
#108 = CARTESIAN_POINT('',(73.539105243403,73.539105243399));
#109 = CARTESIAN_POINT('',(50.228142967031,-13.45859034533));
#110 = CARTESIAN_POINT('',(26.91718069066,-100.456285934));
#111 = CARTESIAN_POINT('',(-36.7695526217,-36.7695526217));
#112 = CARTESIAN_POINT('',(-100.456285934,26.917180690664));
#113 = CARTESIAN_POINT('',(-13.45859034533,50.228142967032));
#114 = ( GEOMETRIC_REPRESENTATION_CONTEXT(2) 
PARAMETRIC_REPRESENTATION_CONTEXT() REPRESENTATION_CONTEXT('2D SPACE',''
  ) );
#115 = ORIENTED_EDGE('',*,*,#116,.T.);
#116 = EDGE_CURVE('',#84,#24,#117,.T.);
#117 = SURFACE_CURVE('',#118,(#122,#128),.PCURVE_S1.);
#118 = LINE('',#119,#120);
#119 = CARTESIAN_POINT('',(-13.45859034533,50.228142967032,0.));
#120 = VECTOR('',#121,1.);
#121 = DIRECTION('',(-0.,-0.,-1.));
#122 = PCURVE('',#33,#123);
#123 = DEFINITIONAL_REPRESENTATION('',(#124),#127);
#124 = B_SPLINE_CURVE_WITH_KNOTS('',1,(#125,#126),.UNSPECIFIED.,.F.,.F.,
  (2,2),(-90.,-0.),.PIECEWISE_BEZIER_KNOTS.);
#125 = CARTESIAN_POINT('',(-8.115781021774,-90.));
#126 = CARTESIAN_POINT('',(-8.115781021774,0.));
#127 = ( GEOMETRIC_REPRESENTATION_CONTEXT(2) 
PARAMETRIC_REPRESENTATION_CONTEXT() REPRESENTATION_CONTEXT('2D SPACE',''
  ) );
#128 = PCURVE('',#129,#134);
#129 = PLANE('',#130);
#130 = AXIS2_PLACEMENT_3D('',#131,#132,#133);
#131 = CARTESIAN_POINT('',(-16.82323793166,62.785178708789,0.));
#132 = DIRECTION('',(0.965925826289,0.258819045103,-0.));
#133 = DIRECTION('',(0.258819045103,-0.965925826289,0.));
#134 = DEFINITIONAL_REPRESENTATION('',(#135),#138);
#135 = B_SPLINE_CURVE_WITH_KNOTS('',1,(#136,#137),.UNSPECIFIED.,.F.,.F.,
  (2,2),(-90.0000006,6.E-07),.PIECEWISE_BEZIER_KNOTS.);
#136 = CARTESIAN_POINT('',(13.,-90.0000006));
#137 = CARTESIAN_POINT('',(13.,6.E-07));
#138 = ( GEOMETRIC_REPRESENTATION_CONTEXT(2) 
PARAMETRIC_REPRESENTATION_CONTEXT() REPRESENTATION_CONTEXT('2D SPACE',''
  ) );
#139 = FACE_BOUND('',#140,.F.);
#140 = EDGE_LOOP('',(#141,#176,#202,#235));
#141 = ORIENTED_EDGE('',*,*,#142,.T.);
#142 = EDGE_CURVE('',#143,#145,#147,.T.);
#143 = VERTEX_POINT('',#144);
#144 = CARTESIAN_POINT('',(5.214896552298,-51.7378474035,74.));
#145 = VERTEX_POINT('',#146);
#146 = CARTESIAN_POINT('',(0.221748878525,-51.99952718472,74.));
#147 = SURFACE_CURVE('',#148,(#153,#160),.PCURVE_S1.);
#148 = CIRCLE('',#149,52.);
#149 = AXIS2_PLACEMENT_3D('',#150,#151,#152);
#150 = CARTESIAN_POINT('',(0.,0.,74.));
#151 = DIRECTION('',(0.,0.,-1.));
#152 = DIRECTION('',(1.,0.,0.));
#153 = PCURVE('',#33,#154);
#154 = DEFINITIONAL_REPRESENTATION('',(#155),#159);
#155 = LINE('',#156,#157);
#156 = CARTESIAN_POINT('',(-6.28318530718,-74.));
#157 = VECTOR('',#158,1.);
#158 = DIRECTION('',(1.,-0.));
#159 = ( GEOMETRIC_REPRESENTATION_CONTEXT(2) 
PARAMETRIC_REPRESENTATION_CONTEXT() REPRESENTATION_CONTEXT('2D SPACE',''
  ) );
#160 = PCURVE('',#161,#166);
#161 = PLANE('',#162);
#162 = AXIS2_PLACEMENT_3D('',#163,#164,#165);
#163 = CARTESIAN_POINT('',(-0.193791762197,-44.0705394198,74.));
#164 = DIRECTION('',(0.,0.,1.));
#165 = DIRECTION('',(5.233595624294E-02,-0.998629534755,0.));
#166 = DEFINITIONAL_REPRESENTATION('',(#167),#175);
#167 = ( BOUNDED_CURVE() B_SPLINE_CURVE(2,(#168,#169,#170,#171,#172,#173
,#174),.UNSPECIFIED.,.T.,.F.) B_SPLINE_CURVE_WITH_KNOTS((1,2,2,2,2,1),(
    -2.094395102393,0.,2.094395102393,4.188790204786,6.28318530718,
8.377580409573),.UNSPECIFIED.) CURVE() GEOMETRIC_REPRESENTATION_ITEM() 
RATIONAL_B_SPLINE_CURVE((1.,0.5,1.,0.5,1.,0.5,1.)) REPRESENTATION_ITEM(
  '') );
#168 = CARTESIAN_POINT('',(-41.27853027536,54.428735807238));
#169 = CARTESIAN_POINT('',(48.66467851559,49.715011972913));
#170 = CARTESIAN_POINT('',(-0.389130466838,-25.82122982078));
#171 = CARTESIAN_POINT('',(-49.44293944926,-101.3574716144));
#172 = CARTESIAN_POINT('',(-90.33233925779,-21.10750598645));
#173 = CARTESIAN_POINT('',(-131.2217390663,59.142459641563));
#174 = CARTESIAN_POINT('',(-41.27853027536,54.428735807238));
#175 = ( GEOMETRIC_REPRESENTATION_CONTEXT(2) 
PARAMETRIC_REPRESENTATION_CONTEXT() REPRESENTATION_CONTEXT('2D SPACE',''
  ) );
#176 = ORIENTED_EDGE('',*,*,#177,.T.);
#177 = EDGE_CURVE('',#145,#178,#180,.T.);
#178 = VERTEX_POINT('',#179);
#179 = CARTESIAN_POINT('',(0.221748878525,-51.99952718472,52.));
#180 = SURFACE_CURVE('',#181,(#185,#191),.PCURVE_S1.);
#181 = LINE('',#182,#183);
#182 = CARTESIAN_POINT('',(0.221748878525,-51.99952718472,0.));
#183 = VECTOR('',#184,1.);
#184 = DIRECTION('',(-0.,-0.,-1.));
#185 = PCURVE('',#33,#186);
#186 = DEFINITIONAL_REPRESENTATION('',(#187),#190);
#187 = B_SPLINE_CURVE_WITH_KNOTS('',1,(#188,#189),.UNSPECIFIED.,.F.,.F.,
  (2,2),(-76.2,-49.8),.PIECEWISE_BEZIER_KNOTS.);
#188 = CARTESIAN_POINT('',(-4.71665339482,-76.2));
#189 = CARTESIAN_POINT('',(-4.71665339482,-49.8));
#190 = ( GEOMETRIC_REPRESENTATION_CONTEXT(2) 
PARAMETRIC_REPRESENTATION_CONTEXT() REPRESENTATION_CONTEXT('2D SPACE',''
  ) );
#191 = PCURVE('',#192,#197);
#192 = PLANE('',#193);
#193 = AXIS2_PLACEMENT_3D('',#194,#195,#196);
#194 = CARTESIAN_POINT('',(-0.193791762197,-44.0705394198,52.));
#195 = DIRECTION('',(0.998629534755,5.233595624294E-02,0.));
#196 = DIRECTION('',(0.,0.,1.));
#197 = DEFINITIONAL_REPRESENTATION('',(#198),#201);
#198 = B_SPLINE_CURVE_WITH_KNOTS('',1,(#199,#200),.UNSPECIFIED.,.F.,.F.,
  (2,2),(-76.2,-49.8),.PIECEWISE_BEZIER_KNOTS.);
#199 = CARTESIAN_POINT('',(24.2,7.939869079542));
#200 = CARTESIAN_POINT('',(-2.2,7.939869079542));
#201 = ( GEOMETRIC_REPRESENTATION_CONTEXT(2) 
PARAMETRIC_REPRESENTATION_CONTEXT() REPRESENTATION_CONTEXT('2D SPACE',''
  ) );
#202 = ORIENTED_EDGE('',*,*,#203,.F.);
#203 = EDGE_CURVE('',#204,#178,#206,.T.);
#204 = VERTEX_POINT('',#205);
#205 = CARTESIAN_POINT('',(5.214896552298,-51.7378474035,52.));
#206 = SURFACE_CURVE('',#207,(#212,#219),.PCURVE_S1.);
#207 = CIRCLE('',#208,52.);
#208 = AXIS2_PLACEMENT_3D('',#209,#210,#211);
#209 = CARTESIAN_POINT('',(0.,0.,52.));
#210 = DIRECTION('',(0.,0.,-1.));
#211 = DIRECTION('',(1.,0.,0.));
#212 = PCURVE('',#33,#213);
#213 = DEFINITIONAL_REPRESENTATION('',(#214),#218);
#214 = LINE('',#215,#216);
#215 = CARTESIAN_POINT('',(-6.28318530718,-52.));
#216 = VECTOR('',#217,1.);
#217 = DIRECTION('',(1.,-0.));
#218 = ( GEOMETRIC_REPRESENTATION_CONTEXT(2) 
PARAMETRIC_REPRESENTATION_CONTEXT() REPRESENTATION_CONTEXT('2D SPACE',''
  ) );
#219 = PCURVE('',#220,#225);
#220 = PLANE('',#221);
#221 = AXIS2_PLACEMENT_3D('',#222,#223,#224);
#222 = CARTESIAN_POINT('',(-0.193791762197,-44.0705394198,52.));
#223 = DIRECTION('',(0.,0.,1.));
#224 = DIRECTION('',(5.233595624294E-02,-0.998629534755,0.));
#225 = DEFINITIONAL_REPRESENTATION('',(#226),#234);
#226 = ( BOUNDED_CURVE() B_SPLINE_CURVE(2,(#227,#228,#229,#230,#231,#232
,#233),.UNSPECIFIED.,.T.,.F.) B_SPLINE_CURVE_WITH_KNOTS((1,2,2,2,2,1),(
    -2.094395102393,0.,2.094395102393,4.188790204786,6.28318530718,
8.377580409573),.UNSPECIFIED.) CURVE() GEOMETRIC_REPRESENTATION_ITEM() 
RATIONAL_B_SPLINE_CURVE((1.,0.5,1.,0.5,1.,0.5,1.)) REPRESENTATION_ITEM(
  '') );
#227 = CARTESIAN_POINT('',(-41.27853027536,54.428735807238));
#228 = CARTESIAN_POINT('',(48.66467851559,49.715011972913));
#229 = CARTESIAN_POINT('',(-0.389130466838,-25.82122982078));
#230 = CARTESIAN_POINT('',(-49.44293944926,-101.3574716144));
#231 = CARTESIAN_POINT('',(-90.33233925779,-21.10750598645));
#232 = CARTESIAN_POINT('',(-131.2217390663,59.142459641563));
#233 = CARTESIAN_POINT('',(-41.27853027536,54.428735807238));
#234 = ( GEOMETRIC_REPRESENTATION_CONTEXT(2) 
PARAMETRIC_REPRESENTATION_CONTEXT() REPRESENTATION_CONTEXT('2D SPACE',''
  ) );
#235 = ORIENTED_EDGE('',*,*,#236,.F.);
#236 = EDGE_CURVE('',#143,#204,#237,.T.);
#237 = SURFACE_CURVE('',#238,(#242,#248),.PCURVE_S1.);
#238 = LINE('',#239,#240);
#239 = CARTESIAN_POINT('',(5.214896552298,-51.7378474035,0.));
#240 = VECTOR('',#241,1.);
#241 = DIRECTION('',(-0.,-0.,-1.));
#242 = PCURVE('',#33,#243);
#243 = DEFINITIONAL_REPRESENTATION('',(#244),#247);
#244 = B_SPLINE_CURVE_WITH_KNOTS('',1,(#245,#246),.UNSPECIFIED.,.F.,.F.,
  (2,2),(-76.2,-49.8),.PIECEWISE_BEZIER_KNOTS.);
#245 = CARTESIAN_POINT('',(-4.812844321069,-76.2));
#246 = CARTESIAN_POINT('',(-4.812844321069,-49.8));
#247 = ( GEOMETRIC_REPRESENTATION_CONTEXT(2) 
PARAMETRIC_REPRESENTATION_CONTEXT() REPRESENTATION_CONTEXT('2D SPACE',''
  ) );
#248 = PCURVE('',#249,#254);
#249 = PLANE('',#250);
#250 = AXIS2_PLACEMENT_3D('',#251,#252,#253);
#251 = CARTESIAN_POINT('',(4.799355911576,-43.80885963859,52.));
#252 = DIRECTION('',(0.998629534755,5.233595624294E-02,0.));
#253 = DIRECTION('',(0.,0.,1.));
#254 = DEFINITIONAL_REPRESENTATION('',(#255),#258);
#255 = B_SPLINE_CURVE_WITH_KNOTS('',1,(#256,#257),.UNSPECIFIED.,.F.,.F.,
  (2,2),(-76.2,-49.8),.PIECEWISE_BEZIER_KNOTS.);
#256 = CARTESIAN_POINT('',(24.2,7.939869079542));
#257 = CARTESIAN_POINT('',(-2.2,7.939869079542));
#258 = ( GEOMETRIC_REPRESENTATION_CONTEXT(2) 
PARAMETRIC_REPRESENTATION_CONTEXT() REPRESENTATION_CONTEXT('2D SPACE',''
  ) );
#259 = FACE_BOUND('',#260,.F.);
#260 = EDGE_LOOP('',(#261,#296,#322,#355));
#261 = ORIENTED_EDGE('',*,*,#262,.T.);
#262 = EDGE_CURVE('',#263,#265,#267,.T.);
#263 = VERTEX_POINT('',#264);
#264 = CARTESIAN_POINT('',(0.221748878525,51.999527184724,74.));
#265 = VERTEX_POINT('',#266);
#266 = CARTESIAN_POINT('',(5.214896552298,51.737847403509,74.));
#267 = SURFACE_CURVE('',#268,(#273,#280),.PCURVE_S1.);
#268 = CIRCLE('',#269,52.);
#269 = AXIS2_PLACEMENT_3D('',#270,#271,#272);
#270 = CARTESIAN_POINT('',(0.,0.,74.));
#271 = DIRECTION('',(0.,0.,-1.));
#272 = DIRECTION('',(1.,0.,0.));
#273 = PCURVE('',#33,#274);
#274 = DEFINITIONAL_REPRESENTATION('',(#275),#279);
#275 = LINE('',#276,#277);
#276 = CARTESIAN_POINT('',(-12.56637061435,-74.));
#277 = VECTOR('',#278,1.);
#278 = DIRECTION('',(1.,-0.));
#279 = ( GEOMETRIC_REPRESENTATION_CONTEXT(2) 
PARAMETRIC_REPRESENTATION_CONTEXT() REPRESENTATION_CONTEXT('2D SPACE',''
  ) );
#280 = PCURVE('',#281,#286);
#281 = PLANE('',#282);
#282 = AXIS2_PLACEMENT_3D('',#283,#284,#285);
#283 = CARTESIAN_POINT('',(4.799355911576,43.808859638594,74.));
#284 = DIRECTION('',(0.,0.,1.));
#285 = DIRECTION('',(5.233595624294E-02,0.998629534755,0.));
#286 = DEFINITIONAL_REPRESENTATION('',(#287),#295);
#287 = ( BOUNDED_CURVE() B_SPLINE_CURVE(2,(#288,#289,#290,#291,#292,#293
,#294),.UNSPECIFIED.,.T.,.F.) B_SPLINE_CURVE_WITH_KNOTS((1,2,2,2,2,1),(
    -2.094395102393,0.,2.094395102393,4.188790204786,6.28318530718,
8.377580409573),.UNSPECIFIED.) CURVE() GEOMETRIC_REPRESENTATION_ITEM() 
RATIONAL_B_SPLINE_CURVE((1.,0.5,1.,0.5,1.,0.5,1.)) REPRESENTATION_ITEM(
  '') );
#288 = CARTESIAN_POINT('',(-41.27853027536,-49.42873580723));
#289 = CARTESIAN_POINT('',(-131.2217390663,-54.14245964156));
#290 = CARTESIAN_POINT('',(-90.33233925779,26.107505986456));
#291 = CARTESIAN_POINT('',(-49.44293944926,106.35747161447));
#292 = CARTESIAN_POINT('',(-0.389130466838,30.821229820781));
#293 = CARTESIAN_POINT('',(48.66467851559,-44.71501197291));
#294 = CARTESIAN_POINT('',(-41.27853027536,-49.42873580723));
#295 = ( GEOMETRIC_REPRESENTATION_CONTEXT(2) 
PARAMETRIC_REPRESENTATION_CONTEXT() REPRESENTATION_CONTEXT('2D SPACE',''
  ) );
#296 = ORIENTED_EDGE('',*,*,#297,.T.);
#297 = EDGE_CURVE('',#265,#298,#300,.T.);
#298 = VERTEX_POINT('',#299);
#299 = CARTESIAN_POINT('',(5.214896552298,51.737847403509,52.));
#300 = SURFACE_CURVE('',#301,(#305,#311),.PCURVE_S1.);
#301 = LINE('',#302,#303);
#302 = CARTESIAN_POINT('',(5.214896552298,51.737847403509,0.));
#303 = VECTOR('',#304,1.);
#304 = DIRECTION('',(-0.,-0.,-1.));
#305 = PCURVE('',#33,#306);
#306 = DEFINITIONAL_REPRESENTATION('',(#307),#310);
#307 = B_SPLINE_CURVE_WITH_KNOTS('',1,(#308,#309),.UNSPECIFIED.,.F.,.F.,
  (2,2),(-76.2,-49.8),.PIECEWISE_BEZIER_KNOTS.);
#308 = CARTESIAN_POINT('',(-7.75352629329,-76.2));
#309 = CARTESIAN_POINT('',(-7.75352629329,-49.8));
#310 = ( GEOMETRIC_REPRESENTATION_CONTEXT(2) 
PARAMETRIC_REPRESENTATION_CONTEXT() REPRESENTATION_CONTEXT('2D SPACE',''
  ) );
#311 = PCURVE('',#312,#317);
#312 = PLANE('',#313);
#313 = AXIS2_PLACEMENT_3D('',#314,#315,#316);
#314 = CARTESIAN_POINT('',(4.799355911576,43.808859638594,52.));
#315 = DIRECTION('',(-0.998629534755,5.233595624294E-02,0.));
#316 = DIRECTION('',(0.,0.,1.));
#317 = DEFINITIONAL_REPRESENTATION('',(#318),#321);
#318 = B_SPLINE_CURVE_WITH_KNOTS('',1,(#319,#320),.UNSPECIFIED.,.F.,.F.,
  (2,2),(-76.2,-49.8),.PIECEWISE_BEZIER_KNOTS.);
#319 = CARTESIAN_POINT('',(24.2,7.939869079542));
#320 = CARTESIAN_POINT('',(-2.2,7.939869079542));
#321 = ( GEOMETRIC_REPRESENTATION_CONTEXT(2) 
PARAMETRIC_REPRESENTATION_CONTEXT() REPRESENTATION_CONTEXT('2D SPACE',''
  ) );
#322 = ORIENTED_EDGE('',*,*,#323,.F.);
#323 = EDGE_CURVE('',#324,#298,#326,.T.);
#324 = VERTEX_POINT('',#325);
#325 = CARTESIAN_POINT('',(0.221748878525,51.999527184724,52.));
#326 = SURFACE_CURVE('',#327,(#332,#339),.PCURVE_S1.);
#327 = CIRCLE('',#328,52.);
#328 = AXIS2_PLACEMENT_3D('',#329,#330,#331);
#329 = CARTESIAN_POINT('',(0.,0.,52.));
#330 = DIRECTION('',(0.,0.,-1.));
#331 = DIRECTION('',(1.,0.,0.));
#332 = PCURVE('',#33,#333);
#333 = DEFINITIONAL_REPRESENTATION('',(#334),#338);
#334 = LINE('',#335,#336);
#335 = CARTESIAN_POINT('',(-12.56637061435,-52.));
#336 = VECTOR('',#337,1.);
#337 = DIRECTION('',(1.,-0.));
#338 = ( GEOMETRIC_REPRESENTATION_CONTEXT(2) 
PARAMETRIC_REPRESENTATION_CONTEXT() REPRESENTATION_CONTEXT('2D SPACE',''
  ) );
#339 = PCURVE('',#340,#345);
#340 = PLANE('',#341);
#341 = AXIS2_PLACEMENT_3D('',#342,#343,#344);
#342 = CARTESIAN_POINT('',(4.799355911576,43.808859638594,52.));
#343 = DIRECTION('',(0.,0.,1.));
#344 = DIRECTION('',(5.233595624294E-02,0.998629534755,0.));
#345 = DEFINITIONAL_REPRESENTATION('',(#346),#354);
#346 = ( BOUNDED_CURVE() B_SPLINE_CURVE(2,(#347,#348,#349,#350,#351,#352
,#353),.UNSPECIFIED.,.T.,.F.) B_SPLINE_CURVE_WITH_KNOTS((1,2,2,2,2,1),(
    -2.094395102393,0.,2.094395102393,4.188790204786,6.28318530718,
8.377580409573),.UNSPECIFIED.) CURVE() GEOMETRIC_REPRESENTATION_ITEM() 
RATIONAL_B_SPLINE_CURVE((1.,0.5,1.,0.5,1.,0.5,1.)) REPRESENTATION_ITEM(
  '') );
#347 = CARTESIAN_POINT('',(-41.27853027536,-49.42873580723));
#348 = CARTESIAN_POINT('',(-131.2217390663,-54.14245964156));
#349 = CARTESIAN_POINT('',(-90.33233925779,26.107505986456));
#350 = CARTESIAN_POINT('',(-49.44293944926,106.35747161447));
#351 = CARTESIAN_POINT('',(-0.389130466838,30.821229820781));
#352 = CARTESIAN_POINT('',(48.66467851559,-44.71501197291));
#353 = CARTESIAN_POINT('',(-41.27853027536,-49.42873580723));
#354 = ( GEOMETRIC_REPRESENTATION_CONTEXT(2) 
PARAMETRIC_REPRESENTATION_CONTEXT() REPRESENTATION_CONTEXT('2D SPACE',''
  ) );
#355 = ORIENTED_EDGE('',*,*,#356,.F.);
#356 = EDGE_CURVE('',#263,#324,#357,.T.);
#357 = SURFACE_CURVE('',#358,(#362,#368),.PCURVE_S1.);
#358 = LINE('',#359,#360);
#359 = CARTESIAN_POINT('',(0.221748878525,51.999527184724,0.));
#360 = VECTOR('',#361,1.);
#361 = DIRECTION('',(-0.,-0.,-1.));
#362 = PCURVE('',#33,#363);
#363 = DEFINITIONAL_REPRESENTATION('',(#364),#367);
#364 = B_SPLINE_CURVE_WITH_KNOTS('',1,(#365,#366),.UNSPECIFIED.,.F.,.F.,
  (2,2),(-76.2,-49.8),.PIECEWISE_BEZIER_KNOTS.);
#365 = CARTESIAN_POINT('',(-7.84971721954,-76.2));
#366 = CARTESIAN_POINT('',(-7.84971721954,-49.8));
#367 = ( GEOMETRIC_REPRESENTATION_CONTEXT(2) 
PARAMETRIC_REPRESENTATION_CONTEXT() REPRESENTATION_CONTEXT('2D SPACE',''
  ) );
#368 = PCURVE('',#369,#374);
#369 = PLANE('',#370);
#370 = AXIS2_PLACEMENT_3D('',#371,#372,#373);
#371 = CARTESIAN_POINT('',(-0.193791762197,44.070539419809,52.));
#372 = DIRECTION('',(-0.998629534755,5.233595624294E-02,0.));
#373 = DIRECTION('',(0.,0.,1.));
#374 = DEFINITIONAL_REPRESENTATION('',(#375),#378);
#375 = B_SPLINE_CURVE_WITH_KNOTS('',1,(#376,#377),.UNSPECIFIED.,.F.,.F.,
  (2,2),(-76.2,-49.8),.PIECEWISE_BEZIER_KNOTS.);
#376 = CARTESIAN_POINT('',(24.2,7.939869079542));
#377 = CARTESIAN_POINT('',(-2.2,7.939869079542));
#378 = ( GEOMETRIC_REPRESENTATION_CONTEXT(2) 
PARAMETRIC_REPRESENTATION_CONTEXT() REPRESENTATION_CONTEXT('2D SPACE',''
  ) );
#379 = FACE_BOUND('',#380,.F.);
#380 = EDGE_LOOP('',(#381,#416,#442,#475));
#381 = ORIENTED_EDGE('',*,*,#382,.T.);
#382 = EDGE_CURVE('',#383,#385,#387,.T.);
#383 = VERTEX_POINT('',#384);
#384 = CARTESIAN_POINT('',(5.214896552298,-51.7378474035,38.));
#385 = VERTEX_POINT('',#386);
#386 = CARTESIAN_POINT('',(0.221748878525,-51.99952718472,38.));
#387 = SURFACE_CURVE('',#388,(#393,#400),.PCURVE_S1.);
#388 = CIRCLE('',#389,52.);
#389 = AXIS2_PLACEMENT_3D('',#390,#391,#392);
#390 = CARTESIAN_POINT('',(0.,0.,38.));
#391 = DIRECTION('',(0.,0.,-1.));
#392 = DIRECTION('',(1.,0.,0.));
#393 = PCURVE('',#33,#394);
#394 = DEFINITIONAL_REPRESENTATION('',(#395),#399);
#395 = LINE('',#396,#397);
#396 = CARTESIAN_POINT('',(-6.28318530718,-38.));
#397 = VECTOR('',#398,1.);
#398 = DIRECTION('',(1.,-0.));
#399 = ( GEOMETRIC_REPRESENTATION_CONTEXT(2) 
PARAMETRIC_REPRESENTATION_CONTEXT() REPRESENTATION_CONTEXT('2D SPACE',''
  ) );
#400 = PCURVE('',#401,#406);
#401 = PLANE('',#402);
#402 = AXIS2_PLACEMENT_3D('',#403,#404,#405);
#403 = CARTESIAN_POINT('',(-0.193791762197,-44.0705394198,38.));
#404 = DIRECTION('',(0.,0.,1.));
#405 = DIRECTION('',(5.233595624294E-02,-0.998629534755,0.));
#406 = DEFINITIONAL_REPRESENTATION('',(#407),#415);
#407 = ( BOUNDED_CURVE() B_SPLINE_CURVE(2,(#408,#409,#410,#411,#412,#413
,#414),.UNSPECIFIED.,.T.,.F.) B_SPLINE_CURVE_WITH_KNOTS((1,2,2,2,2,1),(
    -2.094395102393,0.,2.094395102393,4.188790204786,6.28318530718,
8.377580409573),.UNSPECIFIED.) CURVE() GEOMETRIC_REPRESENTATION_ITEM() 
RATIONAL_B_SPLINE_CURVE((1.,0.5,1.,0.5,1.,0.5,1.)) REPRESENTATION_ITEM(
  '') );
#408 = CARTESIAN_POINT('',(-41.27853027536,54.428735807238));
#409 = CARTESIAN_POINT('',(48.66467851559,49.715011972913));
#410 = CARTESIAN_POINT('',(-0.389130466838,-25.82122982078));
#411 = CARTESIAN_POINT('',(-49.44293944926,-101.3574716144));
#412 = CARTESIAN_POINT('',(-90.33233925779,-21.10750598645));
#413 = CARTESIAN_POINT('',(-131.2217390663,59.142459641563));
#414 = CARTESIAN_POINT('',(-41.27853027536,54.428735807238));
#415 = ( GEOMETRIC_REPRESENTATION_CONTEXT(2) 
PARAMETRIC_REPRESENTATION_CONTEXT() REPRESENTATION_CONTEXT('2D SPACE',''
  ) );
#416 = ORIENTED_EDGE('',*,*,#417,.T.);
#417 = EDGE_CURVE('',#385,#418,#420,.T.);
#418 = VERTEX_POINT('',#419);
#419 = CARTESIAN_POINT('',(0.221748878525,-51.99952718472,16.));
#420 = SURFACE_CURVE('',#421,(#425,#431),.PCURVE_S1.);
#421 = LINE('',#422,#423);
#422 = CARTESIAN_POINT('',(0.221748878525,-51.99952718472,0.));
#423 = VECTOR('',#424,1.);
#424 = DIRECTION('',(-0.,-0.,-1.));
#425 = PCURVE('',#33,#426);
#426 = DEFINITIONAL_REPRESENTATION('',(#427),#430);
#427 = B_SPLINE_CURVE_WITH_KNOTS('',1,(#428,#429),.UNSPECIFIED.,.F.,.F.,
  (2,2),(-40.2,-13.8),.PIECEWISE_BEZIER_KNOTS.);
#428 = CARTESIAN_POINT('',(-4.71665339482,-40.2));
#429 = CARTESIAN_POINT('',(-4.71665339482,-13.8));
#430 = ( GEOMETRIC_REPRESENTATION_CONTEXT(2) 
PARAMETRIC_REPRESENTATION_CONTEXT() REPRESENTATION_CONTEXT('2D SPACE',''
  ) );
#431 = PCURVE('',#432,#437);
#432 = PLANE('',#433);
#433 = AXIS2_PLACEMENT_3D('',#434,#435,#436);
#434 = CARTESIAN_POINT('',(-0.193791762197,-44.0705394198,16.));
#435 = DIRECTION('',(0.998629534755,5.233595624294E-02,0.));
#436 = DIRECTION('',(0.,0.,1.));
#437 = DEFINITIONAL_REPRESENTATION('',(#438),#441);
#438 = B_SPLINE_CURVE_WITH_KNOTS('',1,(#439,#440),.UNSPECIFIED.,.F.,.F.,
  (2,2),(-40.2,-13.8),.PIECEWISE_BEZIER_KNOTS.);
#439 = CARTESIAN_POINT('',(24.2,7.939869079542));
#440 = CARTESIAN_POINT('',(-2.2,7.939869079542));
#441 = ( GEOMETRIC_REPRESENTATION_CONTEXT(2) 
PARAMETRIC_REPRESENTATION_CONTEXT() REPRESENTATION_CONTEXT('2D SPACE',''
  ) );
#442 = ORIENTED_EDGE('',*,*,#443,.F.);
#443 = EDGE_CURVE('',#444,#418,#446,.T.);
#444 = VERTEX_POINT('',#445);
#445 = CARTESIAN_POINT('',(5.214896552298,-51.7378474035,16.));
#446 = SURFACE_CURVE('',#447,(#452,#459),.PCURVE_S1.);
#447 = CIRCLE('',#448,52.);
#448 = AXIS2_PLACEMENT_3D('',#449,#450,#451);
#449 = CARTESIAN_POINT('',(0.,0.,16.));
#450 = DIRECTION('',(0.,0.,-1.));
#451 = DIRECTION('',(1.,0.,0.));
#452 = PCURVE('',#33,#453);
#453 = DEFINITIONAL_REPRESENTATION('',(#454),#458);
#454 = LINE('',#455,#456);
#455 = CARTESIAN_POINT('',(-6.28318530718,-16.));
#456 = VECTOR('',#457,1.);
#457 = DIRECTION('',(1.,-0.));
#458 = ( GEOMETRIC_REPRESENTATION_CONTEXT(2) 
PARAMETRIC_REPRESENTATION_CONTEXT() REPRESENTATION_CONTEXT('2D SPACE',''
  ) );
#459 = PCURVE('',#460,#465);
#460 = PLANE('',#461);
#461 = AXIS2_PLACEMENT_3D('',#462,#463,#464);
#462 = CARTESIAN_POINT('',(-0.193791762197,-44.0705394198,16.));
#463 = DIRECTION('',(0.,0.,1.));
#464 = DIRECTION('',(5.233595624294E-02,-0.998629534755,0.));
#465 = DEFINITIONAL_REPRESENTATION('',(#466),#474);
#466 = ( BOUNDED_CURVE() B_SPLINE_CURVE(2,(#467,#468,#469,#470,#471,#472
,#473),.UNSPECIFIED.,.T.,.F.) B_SPLINE_CURVE_WITH_KNOTS((1,2,2,2,2,1),(
    -2.094395102393,0.,2.094395102393,4.188790204786,6.28318530718,
8.377580409573),.UNSPECIFIED.) CURVE() GEOMETRIC_REPRESENTATION_ITEM() 
RATIONAL_B_SPLINE_CURVE((1.,0.5,1.,0.5,1.,0.5,1.)) REPRESENTATION_ITEM(
  '') );
#467 = CARTESIAN_POINT('',(-41.27853027536,54.428735807238));
#468 = CARTESIAN_POINT('',(48.66467851559,49.715011972913));
#469 = CARTESIAN_POINT('',(-0.389130466838,-25.82122982078));
#470 = CARTESIAN_POINT('',(-49.44293944926,-101.3574716144));
#471 = CARTESIAN_POINT('',(-90.33233925779,-21.10750598645));
#472 = CARTESIAN_POINT('',(-131.2217390663,59.142459641563));
#473 = CARTESIAN_POINT('',(-41.27853027536,54.428735807238));
#474 = ( GEOMETRIC_REPRESENTATION_CONTEXT(2) 
PARAMETRIC_REPRESENTATION_CONTEXT() REPRESENTATION_CONTEXT('2D SPACE',''
  ) );
#475 = ORIENTED_EDGE('',*,*,#476,.F.);
#476 = EDGE_CURVE('',#383,#444,#477,.T.);
#477 = SURFACE_CURVE('',#478,(#482,#488),.PCURVE_S1.);
#478 = LINE('',#479,#480);
#479 = CARTESIAN_POINT('',(5.214896552298,-51.7378474035,0.));
#480 = VECTOR('',#481,1.);
#481 = DIRECTION('',(-0.,-0.,-1.));
#482 = PCURVE('',#33,#483);
#483 = DEFINITIONAL_REPRESENTATION('',(#484),#487);
#484 = B_SPLINE_CURVE_WITH_KNOTS('',1,(#485,#486),.UNSPECIFIED.,.F.,.F.,
  (2,2),(-40.2,-13.8),.PIECEWISE_BEZIER_KNOTS.);
#485 = CARTESIAN_POINT('',(-4.812844321069,-40.2));
#486 = CARTESIAN_POINT('',(-4.812844321069,-13.8));
#487 = ( GEOMETRIC_REPRESENTATION_CONTEXT(2) 
PARAMETRIC_REPRESENTATION_CONTEXT() REPRESENTATION_CONTEXT('2D SPACE',''
  ) );
#488 = PCURVE('',#489,#494);
#489 = PLANE('',#490);
#490 = AXIS2_PLACEMENT_3D('',#491,#492,#493);
#491 = CARTESIAN_POINT('',(4.799355911576,-43.80885963859,16.));
#492 = DIRECTION('',(0.998629534755,5.233595624294E-02,0.));
#493 = DIRECTION('',(0.,0.,1.));
#494 = DEFINITIONAL_REPRESENTATION('',(#495),#498);
#495 = B_SPLINE_CURVE_WITH_KNOTS('',1,(#496,#497),.UNSPECIFIED.,.F.,.F.,
  (2,2),(-40.2,-13.8),.PIECEWISE_BEZIER_KNOTS.);
#496 = CARTESIAN_POINT('',(24.2,7.939869079542));
#497 = CARTESIAN_POINT('',(-2.2,7.939869079542));
#498 = ( GEOMETRIC_REPRESENTATION_CONTEXT(2) 
PARAMETRIC_REPRESENTATION_CONTEXT() REPRESENTATION_CONTEXT('2D SPACE',''
  ) );
#499 = FACE_BOUND('',#500,.F.);
#500 = EDGE_LOOP('',(#501,#529,#562,#588));
#501 = ORIENTED_EDGE('',*,*,#502,.F.);
#502 = EDGE_CURVE('',#503,#505,#507,.T.);
#503 = VERTEX_POINT('',#504);
#504 = CARTESIAN_POINT('',(51.4,7.876547467006,65.));
#505 = VERTEX_POINT('',#506);
#506 = CARTESIAN_POINT('',(51.4,7.876547467006,25.));
#507 = SURFACE_CURVE('',#508,(#512,#518),.PCURVE_S1.);
#508 = LINE('',#509,#510);
#509 = CARTESIAN_POINT('',(51.4,7.876547467006,0.));
#510 = VECTOR('',#511,1.);
#511 = DIRECTION('',(-0.,-0.,-1.));
#512 = PCURVE('',#33,#513);
#513 = DEFINITIONAL_REPRESENTATION('',(#514),#517);
#514 = B_SPLINE_CURVE_WITH_KNOTS('',1,(#515,#516),.UNSPECIFIED.,.F.,.F.,
  (2,2),(-69.,-21.),.PIECEWISE_BEZIER_KNOTS.);
#515 = CARTESIAN_POINT('',(-6.435242660943,-69.));
#516 = CARTESIAN_POINT('',(-6.435242660943,-21.));
#517 = ( GEOMETRIC_REPRESENTATION_CONTEXT(2) 
PARAMETRIC_REPRESENTATION_CONTEXT() REPRESENTATION_CONTEXT('2D SPACE',''
  ) );
#518 = PCURVE('',#519,#524);
#519 = PLANE('',#520);
#520 = AXIS2_PLACEMENT_3D('',#521,#522,#523);
#521 = CARTESIAN_POINT('',(51.4,-13.,25.));
#522 = DIRECTION('',(1.,0.,0.));
#523 = DIRECTION('',(0.,0.,1.));
#524 = DEFINITIONAL_REPRESENTATION('',(#525),#528);
#525 = B_SPLINE_CURVE_WITH_KNOTS('',1,(#526,#527),.UNSPECIFIED.,.F.,.F.,
  (2,2),(-69.,-21.),.PIECEWISE_BEZIER_KNOTS.);
#526 = CARTESIAN_POINT('',(44.,-20.876547467));
#527 = CARTESIAN_POINT('',(-4.,-20.876547467));
#528 = ( GEOMETRIC_REPRESENTATION_CONTEXT(2) 
PARAMETRIC_REPRESENTATION_CONTEXT() REPRESENTATION_CONTEXT('2D SPACE',''
  ) );
#529 = ORIENTED_EDGE('',*,*,#530,.T.);
#530 = EDGE_CURVE('',#503,#531,#533,.T.);
#531 = VERTEX_POINT('',#532);
#532 = CARTESIAN_POINT('',(51.4,-7.876547467006,65.));
#533 = SURFACE_CURVE('',#534,(#539,#546),.PCURVE_S1.);
#534 = CIRCLE('',#535,52.);
#535 = AXIS2_PLACEMENT_3D('',#536,#537,#538);
#536 = CARTESIAN_POINT('',(0.,0.,65.));
#537 = DIRECTION('',(0.,0.,-1.));
#538 = DIRECTION('',(1.,0.,0.));
#539 = PCURVE('',#33,#540);
#540 = DEFINITIONAL_REPRESENTATION('',(#541),#545);
#541 = LINE('',#542,#543);
#542 = CARTESIAN_POINT('',(-12.56637061435,-65.));
#543 = VECTOR('',#544,1.);
#544 = DIRECTION('',(1.,-0.));
#545 = ( GEOMETRIC_REPRESENTATION_CONTEXT(2) 
PARAMETRIC_REPRESENTATION_CONTEXT() REPRESENTATION_CONTEXT('2D SPACE',''
  ) );
#546 = PCURVE('',#547,#552);
#547 = PLANE('',#548);
#548 = AXIS2_PLACEMENT_3D('',#549,#550,#551);
#549 = CARTESIAN_POINT('',(51.4,-13.,65.));
#550 = DIRECTION('',(0.,0.,1.));
#551 = DIRECTION('',(1.,0.,0.));
#552 = DEFINITIONAL_REPRESENTATION('',(#553),#561);
#553 = ( BOUNDED_CURVE() B_SPLINE_CURVE(2,(#554,#555,#556,#557,#558,#559
,#560),.UNSPECIFIED.,.T.,.F.) B_SPLINE_CURVE_WITH_KNOTS((1,2,2,2,2,1),(
    -2.094395102393,0.,2.094395102393,4.188790204786,6.28318530718,
8.377580409573),.UNSPECIFIED.) CURVE() GEOMETRIC_REPRESENTATION_ITEM() 
RATIONAL_B_SPLINE_CURVE((1.,0.5,1.,0.5,1.,0.5,1.)) REPRESENTATION_ITEM(
  '') );
#554 = CARTESIAN_POINT('',(0.6,13.));
#555 = CARTESIAN_POINT('',(0.6,-77.06664199358));
#556 = CARTESIAN_POINT('',(-77.4,-32.03332099679));
#557 = CARTESIAN_POINT('',(-155.4,13.));
#558 = CARTESIAN_POINT('',(-77.4,58.033320996791));
#559 = CARTESIAN_POINT('',(0.6,103.06664199358));
#560 = CARTESIAN_POINT('',(0.6,13.));
#561 = ( GEOMETRIC_REPRESENTATION_CONTEXT(2) 
PARAMETRIC_REPRESENTATION_CONTEXT() REPRESENTATION_CONTEXT('2D SPACE',''
  ) );
#562 = ORIENTED_EDGE('',*,*,#563,.T.);
#563 = EDGE_CURVE('',#531,#564,#566,.T.);
#564 = VERTEX_POINT('',#565);
#565 = CARTESIAN_POINT('',(51.4,-7.876547467006,25.));
#566 = SURFACE_CURVE('',#567,(#571,#577),.PCURVE_S1.);
#567 = LINE('',#568,#569);
#568 = CARTESIAN_POINT('',(51.4,-7.876547467006,0.));
#569 = VECTOR('',#570,1.);
#570 = DIRECTION('',(-0.,-0.,-1.));
#571 = PCURVE('',#33,#572);
#572 = DEFINITIONAL_REPRESENTATION('',(#573),#576);
#573 = B_SPLINE_CURVE_WITH_KNOTS('',1,(#574,#575),.UNSPECIFIED.,.F.,.F.,
  (2,2),(-69.,-21.),.PIECEWISE_BEZIER_KNOTS.);
#574 = CARTESIAN_POINT('',(-6.131127953416,-69.));
#575 = CARTESIAN_POINT('',(-6.131127953416,-21.));
#576 = ( GEOMETRIC_REPRESENTATION_CONTEXT(2) 
PARAMETRIC_REPRESENTATION_CONTEXT() REPRESENTATION_CONTEXT('2D SPACE',''
  ) );
#577 = PCURVE('',#578,#583);
#578 = PLANE('',#579);
#579 = AXIS2_PLACEMENT_3D('',#580,#581,#582);
#580 = CARTESIAN_POINT('',(51.4,-13.,25.));
#581 = DIRECTION('',(1.,0.,0.));
#582 = DIRECTION('',(0.,0.,1.));
#583 = DEFINITIONAL_REPRESENTATION('',(#584),#587);
#584 = B_SPLINE_CURVE_WITH_KNOTS('',1,(#585,#586),.UNSPECIFIED.,.F.,.F.,
  (2,2),(-69.,-21.),.PIECEWISE_BEZIER_KNOTS.);
#585 = CARTESIAN_POINT('',(44.,-5.123452532994));
#586 = CARTESIAN_POINT('',(-4.,-5.123452532994));
#587 = ( GEOMETRIC_REPRESENTATION_CONTEXT(2) 
PARAMETRIC_REPRESENTATION_CONTEXT() REPRESENTATION_CONTEXT('2D SPACE',''
  ) );
#588 = ORIENTED_EDGE('',*,*,#589,.F.);
#589 = EDGE_CURVE('',#505,#564,#590,.T.);
#590 = SURFACE_CURVE('',#591,(#596,#603),.PCURVE_S1.);
#591 = CIRCLE('',#592,52.);
#592 = AXIS2_PLACEMENT_3D('',#593,#594,#595);
#593 = CARTESIAN_POINT('',(0.,0.,25.));
#594 = DIRECTION('',(0.,0.,-1.));
#595 = DIRECTION('',(1.,0.,0.));
#596 = PCURVE('',#33,#597);
#597 = DEFINITIONAL_REPRESENTATION('',(#598),#602);
#598 = LINE('',#599,#600);
#599 = CARTESIAN_POINT('',(-12.56637061435,-25.));
#600 = VECTOR('',#601,1.);
#601 = DIRECTION('',(1.,-0.));
#602 = ( GEOMETRIC_REPRESENTATION_CONTEXT(2) 
PARAMETRIC_REPRESENTATION_CONTEXT() REPRESENTATION_CONTEXT('2D SPACE',''
  ) );
#603 = PCURVE('',#604,#609);
#604 = PLANE('',#605);
#605 = AXIS2_PLACEMENT_3D('',#606,#607,#608);
#606 = CARTESIAN_POINT('',(51.4,-13.,25.));
#607 = DIRECTION('',(0.,0.,1.));
#608 = DIRECTION('',(1.,0.,0.));
#609 = DEFINITIONAL_REPRESENTATION('',(#610),#618);
#610 = ( BOUNDED_CURVE() B_SPLINE_CURVE(2,(#611,#612,#613,#614,#615,#616
,#617),.UNSPECIFIED.,.T.,.F.) B_SPLINE_CURVE_WITH_KNOTS((1,2,2,2,2,1),(
    -2.094395102393,0.,2.094395102393,4.188790204786,6.28318530718,
8.377580409573),.UNSPECIFIED.) CURVE() GEOMETRIC_REPRESENTATION_ITEM() 
RATIONAL_B_SPLINE_CURVE((1.,0.5,1.,0.5,1.,0.5,1.)) REPRESENTATION_ITEM(
  '') );
#611 = CARTESIAN_POINT('',(0.6,13.));
#612 = CARTESIAN_POINT('',(0.6,-77.06664199358));
#613 = CARTESIAN_POINT('',(-77.4,-32.03332099679));
#614 = CARTESIAN_POINT('',(-155.4,13.));
#615 = CARTESIAN_POINT('',(-77.4,58.033320996791));
#616 = CARTESIAN_POINT('',(0.6,103.06664199358));
#617 = CARTESIAN_POINT('',(0.6,13.));
#618 = ( GEOMETRIC_REPRESENTATION_CONTEXT(2) 
PARAMETRIC_REPRESENTATION_CONTEXT() REPRESENTATION_CONTEXT('2D SPACE',''
  ) );
#619 = FACE_BOUND('',#620,.F.);
#620 = EDGE_LOOP('',(#621,#656,#682,#715));
#621 = ORIENTED_EDGE('',*,*,#622,.T.);
#622 = EDGE_CURVE('',#623,#625,#627,.T.);
#623 = VERTEX_POINT('',#624);
#624 = CARTESIAN_POINT('',(0.221748878525,51.999527184724,38.));
#625 = VERTEX_POINT('',#626);
#626 = CARTESIAN_POINT('',(5.214896552298,51.737847403509,38.));
#627 = SURFACE_CURVE('',#628,(#633,#640),.PCURVE_S1.);
#628 = CIRCLE('',#629,52.);
#629 = AXIS2_PLACEMENT_3D('',#630,#631,#632);
#630 = CARTESIAN_POINT('',(0.,0.,38.));
#631 = DIRECTION('',(0.,0.,-1.));
#632 = DIRECTION('',(1.,0.,0.));
#633 = PCURVE('',#33,#634);
#634 = DEFINITIONAL_REPRESENTATION('',(#635),#639);
#635 = LINE('',#636,#637);
#636 = CARTESIAN_POINT('',(-12.56637061435,-38.));
#637 = VECTOR('',#638,1.);
#638 = DIRECTION('',(1.,-0.));
#639 = ( GEOMETRIC_REPRESENTATION_CONTEXT(2) 
PARAMETRIC_REPRESENTATION_CONTEXT() REPRESENTATION_CONTEXT('2D SPACE',''
  ) );
#640 = PCURVE('',#641,#646);
#641 = PLANE('',#642);
#642 = AXIS2_PLACEMENT_3D('',#643,#644,#645);
#643 = CARTESIAN_POINT('',(4.799355911576,43.808859638594,38.));
#644 = DIRECTION('',(0.,0.,1.));
#645 = DIRECTION('',(5.233595624294E-02,0.998629534755,0.));
#646 = DEFINITIONAL_REPRESENTATION('',(#647),#655);
#647 = ( BOUNDED_CURVE() B_SPLINE_CURVE(2,(#648,#649,#650,#651,#652,#653
,#654),.UNSPECIFIED.,.T.,.F.) B_SPLINE_CURVE_WITH_KNOTS((1,2,2,2,2,1),(
    -2.094395102393,0.,2.094395102393,4.188790204786,6.28318530718,
8.377580409573),.UNSPECIFIED.) CURVE() GEOMETRIC_REPRESENTATION_ITEM() 
RATIONAL_B_SPLINE_CURVE((1.,0.5,1.,0.5,1.,0.5,1.)) REPRESENTATION_ITEM(
  '') );
#648 = CARTESIAN_POINT('',(-41.27853027536,-49.42873580723));
#649 = CARTESIAN_POINT('',(-131.2217390663,-54.14245964156));
#650 = CARTESIAN_POINT('',(-90.33233925779,26.107505986456));
#651 = CARTESIAN_POINT('',(-49.44293944926,106.35747161447));
#652 = CARTESIAN_POINT('',(-0.389130466838,30.821229820781));
#653 = CARTESIAN_POINT('',(48.66467851559,-44.71501197291));
#654 = CARTESIAN_POINT('',(-41.27853027536,-49.42873580723));
#655 = ( GEOMETRIC_REPRESENTATION_CONTEXT(2) 
PARAMETRIC_REPRESENTATION_CONTEXT() REPRESENTATION_CONTEXT('2D SPACE',''
  ) );
#656 = ORIENTED_EDGE('',*,*,#657,.T.);
#657 = EDGE_CURVE('',#625,#658,#660,.T.);
#658 = VERTEX_POINT('',#659);
#659 = CARTESIAN_POINT('',(5.214896552298,51.737847403509,16.));
#660 = SURFACE_CURVE('',#661,(#665,#671),.PCURVE_S1.);
#661 = LINE('',#662,#663);
#662 = CARTESIAN_POINT('',(5.214896552298,51.737847403509,0.));
#663 = VECTOR('',#664,1.);
#664 = DIRECTION('',(-0.,-0.,-1.));
#665 = PCURVE('',#33,#666);
#666 = DEFINITIONAL_REPRESENTATION('',(#667),#670);
#667 = B_SPLINE_CURVE_WITH_KNOTS('',1,(#668,#669),.UNSPECIFIED.,.F.,.F.,
  (2,2),(-40.2,-13.8),.PIECEWISE_BEZIER_KNOTS.);
#668 = CARTESIAN_POINT('',(-7.75352629329,-40.2));
#669 = CARTESIAN_POINT('',(-7.75352629329,-13.8));
#670 = ( GEOMETRIC_REPRESENTATION_CONTEXT(2) 
PARAMETRIC_REPRESENTATION_CONTEXT() REPRESENTATION_CONTEXT('2D SPACE',''
  ) );
#671 = PCURVE('',#672,#677);
#672 = PLANE('',#673);
#673 = AXIS2_PLACEMENT_3D('',#674,#675,#676);
#674 = CARTESIAN_POINT('',(4.799355911576,43.808859638594,16.));
#675 = DIRECTION('',(-0.998629534755,5.233595624294E-02,0.));
#676 = DIRECTION('',(0.,0.,1.));
#677 = DEFINITIONAL_REPRESENTATION('',(#678),#681);
#678 = B_SPLINE_CURVE_WITH_KNOTS('',1,(#679,#680),.UNSPECIFIED.,.F.,.F.,
  (2,2),(-40.2,-13.8),.PIECEWISE_BEZIER_KNOTS.);
#679 = CARTESIAN_POINT('',(24.2,7.939869079542));
#680 = CARTESIAN_POINT('',(-2.2,7.939869079542));
#681 = ( GEOMETRIC_REPRESENTATION_CONTEXT(2) 
PARAMETRIC_REPRESENTATION_CONTEXT() REPRESENTATION_CONTEXT('2D SPACE',''
  ) );
#682 = ORIENTED_EDGE('',*,*,#683,.F.);
#683 = EDGE_CURVE('',#684,#658,#686,.T.);
#684 = VERTEX_POINT('',#685);
#685 = CARTESIAN_POINT('',(0.221748878525,51.999527184724,16.));
#686 = SURFACE_CURVE('',#687,(#692,#699),.PCURVE_S1.);
#687 = CIRCLE('',#688,52.);
#688 = AXIS2_PLACEMENT_3D('',#689,#690,#691);
#689 = CARTESIAN_POINT('',(0.,0.,16.));
#690 = DIRECTION('',(0.,0.,-1.));
#691 = DIRECTION('',(1.,0.,0.));
#692 = PCURVE('',#33,#693);
#693 = DEFINITIONAL_REPRESENTATION('',(#694),#698);
#694 = LINE('',#695,#696);
#695 = CARTESIAN_POINT('',(-12.56637061435,-16.));
#696 = VECTOR('',#697,1.);
#697 = DIRECTION('',(1.,-0.));
#698 = ( GEOMETRIC_REPRESENTATION_CONTEXT(2) 
PARAMETRIC_REPRESENTATION_CONTEXT() REPRESENTATION_CONTEXT('2D SPACE',''
  ) );
#699 = PCURVE('',#700,#705);
#700 = PLANE('',#701);
#701 = AXIS2_PLACEMENT_3D('',#702,#703,#704);
#702 = CARTESIAN_POINT('',(4.799355911576,43.808859638594,16.));
#703 = DIRECTION('',(0.,0.,1.));
#704 = DIRECTION('',(5.233595624294E-02,0.998629534755,0.));
#705 = DEFINITIONAL_REPRESENTATION('',(#706),#714);
#706 = ( BOUNDED_CURVE() B_SPLINE_CURVE(2,(#707,#708,#709,#710,#711,#712
,#713),.UNSPECIFIED.,.T.,.F.) B_SPLINE_CURVE_WITH_KNOTS((1,2,2,2,2,1),(
    -2.094395102393,0.,2.094395102393,4.188790204786,6.28318530718,
8.377580409573),.UNSPECIFIED.) CURVE() GEOMETRIC_REPRESENTATION_ITEM() 
RATIONAL_B_SPLINE_CURVE((1.,0.5,1.,0.5,1.,0.5,1.)) REPRESENTATION_ITEM(
  '') );
#707 = CARTESIAN_POINT('',(-41.27853027536,-49.42873580723));
#708 = CARTESIAN_POINT('',(-131.2217390663,-54.14245964156));
#709 = CARTESIAN_POINT('',(-90.33233925779,26.107505986456));
#710 = CARTESIAN_POINT('',(-49.44293944926,106.35747161447));
#711 = CARTESIAN_POINT('',(-0.389130466838,30.821229820781));
#712 = CARTESIAN_POINT('',(48.66467851559,-44.71501197291));
#713 = CARTESIAN_POINT('',(-41.27853027536,-49.42873580723));
#714 = ( GEOMETRIC_REPRESENTATION_CONTEXT(2) 
PARAMETRIC_REPRESENTATION_CONTEXT() REPRESENTATION_CONTEXT('2D SPACE',''
  ) );
#715 = ORIENTED_EDGE('',*,*,#716,.F.);
#716 = EDGE_CURVE('',#623,#684,#717,.T.);
#717 = SURFACE_CURVE('',#718,(#722,#728),.PCURVE_S1.);
#718 = LINE('',#719,#720);
#719 = CARTESIAN_POINT('',(0.221748878525,51.999527184724,0.));
#720 = VECTOR('',#721,1.);
#721 = DIRECTION('',(-0.,-0.,-1.));
#722 = PCURVE('',#33,#723);
#723 = DEFINITIONAL_REPRESENTATION('',(#724),#727);
#724 = B_SPLINE_CURVE_WITH_KNOTS('',1,(#725,#726),.UNSPECIFIED.,.F.,.F.,
  (2,2),(-40.2,-13.8),.PIECEWISE_BEZIER_KNOTS.);
#725 = CARTESIAN_POINT('',(-7.84971721954,-40.2));
#726 = CARTESIAN_POINT('',(-7.84971721954,-13.8));
#727 = ( GEOMETRIC_REPRESENTATION_CONTEXT(2) 
PARAMETRIC_REPRESENTATION_CONTEXT() REPRESENTATION_CONTEXT('2D SPACE',''
  ) );
#728 = PCURVE('',#729,#734);
#729 = PLANE('',#730);
#730 = AXIS2_PLACEMENT_3D('',#731,#732,#733);
#731 = CARTESIAN_POINT('',(-0.193791762197,44.070539419809,16.));
#732 = DIRECTION('',(-0.998629534755,5.233595624294E-02,0.));
#733 = DIRECTION('',(0.,0.,1.));
#734 = DEFINITIONAL_REPRESENTATION('',(#735),#738);
#735 = B_SPLINE_CURVE_WITH_KNOTS('',1,(#736,#737),.UNSPECIFIED.,.F.,.F.,
  (2,2),(-40.2,-13.8),.PIECEWISE_BEZIER_KNOTS.);
#736 = CARTESIAN_POINT('',(24.2,7.939869079542));
#737 = CARTESIAN_POINT('',(-2.2,7.939869079542));
#738 = ( GEOMETRIC_REPRESENTATION_CONTEXT(2) 
PARAMETRIC_REPRESENTATION_CONTEXT() REPRESENTATION_CONTEXT('2D SPACE',''
  ) );
#739 = ADVANCED_FACE('',(#740),#45,.F.);
#740 = FACE_BOUND('',#741,.F.);
#741 = EDGE_LOOP('',(#742,#743,#766,#795));
#742 = ORIENTED_EDGE('',*,*,#21,.T.);
#743 = ORIENTED_EDGE('',*,*,#744,.T.);
#744 = EDGE_CURVE('',#24,#745,#747,.T.);
#745 = VERTEX_POINT('',#746);
#746 = CARTESIAN_POINT('',(-12.42331416492,46.364439661875,0.));
#747 = SURFACE_CURVE('',#748,(#752,#759),.PCURVE_S1.);
#748 = LINE('',#749,#750);
#749 = CARTESIAN_POINT('',(-16.82323793166,62.785178708789,0.));
#750 = VECTOR('',#751,1.);
#751 = DIRECTION('',(0.258819045103,-0.965925826289,0.));
#752 = PCURVE('',#45,#753);
#753 = DEFINITIONAL_REPRESENTATION('',(#754),#758);
#754 = LINE('',#755,#756);
#755 = CARTESIAN_POINT('',(-16.82323793166,62.785178708789));
#756 = VECTOR('',#757,1.);
#757 = DIRECTION('',(0.258819045103,-0.965925826289));
#758 = ( GEOMETRIC_REPRESENTATION_CONTEXT(2) 
PARAMETRIC_REPRESENTATION_CONTEXT() REPRESENTATION_CONTEXT('2D SPACE',''
  ) );
#759 = PCURVE('',#129,#760);
#760 = DEFINITIONAL_REPRESENTATION('',(#761),#765);
#761 = LINE('',#762,#763);
#762 = CARTESIAN_POINT('',(0.,0.));
#763 = VECTOR('',#764,1.);
#764 = DIRECTION('',(1.,0.));
#765 = ( GEOMETRIC_REPRESENTATION_CONTEXT(2) 
PARAMETRIC_REPRESENTATION_CONTEXT() REPRESENTATION_CONTEXT('2D SPACE',''
  ) );
#766 = ORIENTED_EDGE('',*,*,#767,.F.);
#767 = EDGE_CURVE('',#768,#745,#770,.T.);
#768 = VERTEX_POINT('',#769);
#769 = CARTESIAN_POINT('',(-12.42331416492,-46.36443966187,0.));
#770 = SURFACE_CURVE('',#771,(#776,#783),.PCURVE_S1.);
#771 = CIRCLE('',#772,48.);
#772 = AXIS2_PLACEMENT_3D('',#773,#774,#775);
#773 = CARTESIAN_POINT('',(0.,0.,0.));
#774 = DIRECTION('',(0.,0.,1.));
#775 = DIRECTION('',(-0.258819045103,-0.965925826289,0.));
#776 = PCURVE('',#45,#777);
#777 = DEFINITIONAL_REPRESENTATION('',(#778),#782);
#778 = CIRCLE('',#779,48.);
#779 = AXIS2_PLACEMENT_2D('',#780,#781);
#780 = CARTESIAN_POINT('',(1.683003240049E-15,-4.609291841672E-15));
#781 = DIRECTION('',(-0.258819045103,-0.965925826289));
#782 = ( GEOMETRIC_REPRESENTATION_CONTEXT(2) 
PARAMETRIC_REPRESENTATION_CONTEXT() REPRESENTATION_CONTEXT('2D SPACE',''
  ) );
#783 = PCURVE('',#784,#789);
#784 = CYLINDRICAL_SURFACE('',#785,48.);
#785 = AXIS2_PLACEMENT_3D('',#786,#787,#788);
#786 = CARTESIAN_POINT('',(0.,0.,0.));
#787 = DIRECTION('',(-0.,-0.,-1.));
#788 = DIRECTION('',(1.,0.,0.));
#789 = DEFINITIONAL_REPRESENTATION('',(#790),#794);
#790 = LINE('',#791,#792);
#791 = CARTESIAN_POINT('',(-4.450589592586,0.));
#792 = VECTOR('',#793,1.);
#793 = DIRECTION('',(-1.,0.));
#794 = ( GEOMETRIC_REPRESENTATION_CONTEXT(2) 
PARAMETRIC_REPRESENTATION_CONTEXT() REPRESENTATION_CONTEXT('2D SPACE',''
  ) );
#795 = ORIENTED_EDGE('',*,*,#796,.T.);
#796 = EDGE_CURVE('',#768,#22,#797,.T.);
#797 = SURFACE_CURVE('',#798,(#802,#809),.PCURVE_S1.);
#798 = LINE('',#799,#800);
#799 = CARTESIAN_POINT('',(0.,0.,0.));
#800 = VECTOR('',#801,1.);
#801 = DIRECTION('',(-0.258819045103,-0.965925826289,0.));
#802 = PCURVE('',#45,#803);
#803 = DEFINITIONAL_REPRESENTATION('',(#804),#808);
#804 = LINE('',#805,#806);
#805 = CARTESIAN_POINT('',(1.683003240049E-15,-4.609291841672E-15));
#806 = VECTOR('',#807,1.);
#807 = DIRECTION('',(-0.258819045103,-0.965925826289));
#808 = ( GEOMETRIC_REPRESENTATION_CONTEXT(2) 
PARAMETRIC_REPRESENTATION_CONTEXT() REPRESENTATION_CONTEXT('2D SPACE',''
  ) );
#809 = PCURVE('',#72,#810);
#810 = DEFINITIONAL_REPRESENTATION('',(#811),#815);
#811 = LINE('',#812,#813);
#812 = CARTESIAN_POINT('',(0.,0.));
#813 = VECTOR('',#814,1.);
#814 = DIRECTION('',(1.,0.));
#815 = ( GEOMETRIC_REPRESENTATION_CONTEXT(2) 
PARAMETRIC_REPRESENTATION_CONTEXT() REPRESENTATION_CONTEXT('2D SPACE',''
  ) );
#816 = ADVANCED_FACE('',(#817),#72,.F.);
#817 = FACE_BOUND('',#818,.F.);
#818 = EDGE_LOOP('',(#819,#820,#841,#862));
#819 = ORIENTED_EDGE('',*,*,#796,.F.);
#820 = ORIENTED_EDGE('',*,*,#821,.F.);
#821 = EDGE_CURVE('',#822,#768,#824,.T.);
#822 = VERTEX_POINT('',#823);
#823 = CARTESIAN_POINT('',(-12.42331416492,-46.36443966187,90.));
#824 = SURFACE_CURVE('',#825,(#829,#835),.PCURVE_S1.);
#825 = LINE('',#826,#827);
#826 = CARTESIAN_POINT('',(-12.42331416492,-46.36443966187,0.));
#827 = VECTOR('',#828,1.);
#828 = DIRECTION('',(-0.,-0.,-1.));
#829 = PCURVE('',#72,#830);
#830 = DEFINITIONAL_REPRESENTATION('',(#831),#834);
#831 = B_SPLINE_CURVE_WITH_KNOTS('',1,(#832,#833),.UNSPECIFIED.,.F.,.F.,
  (2,2),(-90.0000006,6.E-07),.PIECEWISE_BEZIER_KNOTS.);
#832 = CARTESIAN_POINT('',(48.,-90.0000006));
#833 = CARTESIAN_POINT('',(48.,6.E-07));
#834 = ( GEOMETRIC_REPRESENTATION_CONTEXT(2) 
PARAMETRIC_REPRESENTATION_CONTEXT() REPRESENTATION_CONTEXT('2D SPACE',''
  ) );
#835 = PCURVE('',#784,#836);
#836 = DEFINITIONAL_REPRESENTATION('',(#837),#840);
#837 = B_SPLINE_CURVE_WITH_KNOTS('',1,(#838,#839),.UNSPECIFIED.,.F.,.F.,
  (2,2),(-90.,0.),.PIECEWISE_BEZIER_KNOTS.);
#838 = CARTESIAN_POINT('',(-4.450589592586,-90.));
#839 = CARTESIAN_POINT('',(-4.450589592586,0.));
#840 = ( GEOMETRIC_REPRESENTATION_CONTEXT(2) 
PARAMETRIC_REPRESENTATION_CONTEXT() REPRESENTATION_CONTEXT('2D SPACE',''
  ) );
#841 = ORIENTED_EDGE('',*,*,#842,.T.);
#842 = EDGE_CURVE('',#822,#58,#843,.T.);
#843 = SURFACE_CURVE('',#844,(#848,#855),.PCURVE_S1.);
#844 = LINE('',#845,#846);
#845 = CARTESIAN_POINT('',(0.,0.,90.));
#846 = VECTOR('',#847,1.);
#847 = DIRECTION('',(-0.258819045103,-0.965925826289,0.));
#848 = PCURVE('',#72,#849);
#849 = DEFINITIONAL_REPRESENTATION('',(#850),#854);
#850 = LINE('',#851,#852);
#851 = CARTESIAN_POINT('',(0.,-90.));
#852 = VECTOR('',#853,1.);
#853 = DIRECTION('',(1.,0.));
#854 = ( GEOMETRIC_REPRESENTATION_CONTEXT(2) 
PARAMETRIC_REPRESENTATION_CONTEXT() REPRESENTATION_CONTEXT('2D SPACE',''
  ) );
#855 = PCURVE('',#100,#856);
#856 = DEFINITIONAL_REPRESENTATION('',(#857),#861);
#857 = LINE('',#858,#859);
#858 = CARTESIAN_POINT('',(1.683003240049E-15,-4.609291841672E-15));
#859 = VECTOR('',#860,1.);
#860 = DIRECTION('',(-0.258819045103,-0.965925826289));
#861 = ( GEOMETRIC_REPRESENTATION_CONTEXT(2) 
PARAMETRIC_REPRESENTATION_CONTEXT() REPRESENTATION_CONTEXT('2D SPACE',''
  ) );
#862 = ORIENTED_EDGE('',*,*,#57,.T.);
#863 = ADVANCED_FACE('',(#864),#129,.F.);
#864 = FACE_BOUND('',#865,.F.);
#865 = EDGE_LOOP('',(#866,#867,#868,#891));
#866 = ORIENTED_EDGE('',*,*,#744,.F.);
#867 = ORIENTED_EDGE('',*,*,#116,.F.);
#868 = ORIENTED_EDGE('',*,*,#869,.T.);
#869 = EDGE_CURVE('',#84,#870,#872,.T.);
#870 = VERTEX_POINT('',#871);
#871 = CARTESIAN_POINT('',(-12.42331416492,46.364439661875,90.));
#872 = SURFACE_CURVE('',#873,(#877,#884),.PCURVE_S1.);
#873 = LINE('',#874,#875);
#874 = CARTESIAN_POINT('',(-16.82323793166,62.785178708789,90.));
#875 = VECTOR('',#876,1.);
#876 = DIRECTION('',(0.258819045103,-0.965925826289,0.));
#877 = PCURVE('',#129,#878);
#878 = DEFINITIONAL_REPRESENTATION('',(#879),#883);
#879 = LINE('',#880,#881);
#880 = CARTESIAN_POINT('',(0.,-90.));
#881 = VECTOR('',#882,1.);
#882 = DIRECTION('',(1.,0.));
#883 = ( GEOMETRIC_REPRESENTATION_CONTEXT(2) 
PARAMETRIC_REPRESENTATION_CONTEXT() REPRESENTATION_CONTEXT('2D SPACE',''
  ) );
#884 = PCURVE('',#100,#885);
#885 = DEFINITIONAL_REPRESENTATION('',(#886),#890);
#886 = LINE('',#887,#888);
#887 = CARTESIAN_POINT('',(-16.82323793166,62.785178708789));
#888 = VECTOR('',#889,1.);
#889 = DIRECTION('',(0.258819045103,-0.965925826289));
#890 = ( GEOMETRIC_REPRESENTATION_CONTEXT(2) 
PARAMETRIC_REPRESENTATION_CONTEXT() REPRESENTATION_CONTEXT('2D SPACE',''
  ) );
#891 = ORIENTED_EDGE('',*,*,#892,.T.);
#892 = EDGE_CURVE('',#870,#745,#893,.T.);
#893 = SURFACE_CURVE('',#894,(#898,#904),.PCURVE_S1.);
#894 = LINE('',#895,#896);
#895 = CARTESIAN_POINT('',(-12.42331416492,46.364439661875,0.));
#896 = VECTOR('',#897,1.);
#897 = DIRECTION('',(-0.,-0.,-1.));
#898 = PCURVE('',#129,#899);
#899 = DEFINITIONAL_REPRESENTATION('',(#900),#903);
#900 = B_SPLINE_CURVE_WITH_KNOTS('',1,(#901,#902),.UNSPECIFIED.,.F.,.F.,
  (2,2),(-90.0000006,6.E-07),.PIECEWISE_BEZIER_KNOTS.);
#901 = CARTESIAN_POINT('',(17.,-90.0000006));
#902 = CARTESIAN_POINT('',(17.,6.E-07));
#903 = ( GEOMETRIC_REPRESENTATION_CONTEXT(2) 
PARAMETRIC_REPRESENTATION_CONTEXT() REPRESENTATION_CONTEXT('2D SPACE',''
  ) );
#904 = PCURVE('',#784,#905);
#905 = DEFINITIONAL_REPRESENTATION('',(#906),#909);
#906 = B_SPLINE_CURVE_WITH_KNOTS('',1,(#907,#908),.UNSPECIFIED.,.F.,.F.,
  (2,2),(-90.,0.),.PIECEWISE_BEZIER_KNOTS.);
#907 = CARTESIAN_POINT('',(-8.115781021774,-90.));
#908 = CARTESIAN_POINT('',(-8.115781021774,0.));
#909 = ( GEOMETRIC_REPRESENTATION_CONTEXT(2) 
PARAMETRIC_REPRESENTATION_CONTEXT() REPRESENTATION_CONTEXT('2D SPACE',''
  ) );
#910 = ADVANCED_FACE('',(#911),#100,.T.);
#911 = FACE_BOUND('',#912,.T.);
#912 = EDGE_LOOP('',(#913,#914,#915,#916));
#913 = ORIENTED_EDGE('',*,*,#842,.T.);
#914 = ORIENTED_EDGE('',*,*,#83,.F.);
#915 = ORIENTED_EDGE('',*,*,#869,.T.);
#916 = ORIENTED_EDGE('',*,*,#917,.T.);
#917 = EDGE_CURVE('',#870,#822,#918,.T.);
#918 = SURFACE_CURVE('',#919,(#924,#935),.PCURVE_S1.);
#919 = CIRCLE('',#920,48.);
#920 = AXIS2_PLACEMENT_3D('',#921,#922,#923);
#921 = CARTESIAN_POINT('',(0.,0.,90.));
#922 = DIRECTION('',(0.,0.,-1.));
#923 = DIRECTION('',(-0.258819045103,0.965925826289,0.));
#924 = PCURVE('',#100,#925);
#925 = DEFINITIONAL_REPRESENTATION('',(#926),#934);
#926 = ( BOUNDED_CURVE() B_SPLINE_CURVE(2,(#927,#928,#929,#930,#931,#932
,#933),.UNSPECIFIED.,.T.,.F.) B_SPLINE_CURVE_WITH_KNOTS((1,2,2,2,2,1),(
    -2.094395102393,0.,2.094395102393,4.188790204786,6.28318530718,
8.377580409573),.UNSPECIFIED.) CURVE() GEOMETRIC_REPRESENTATION_ITEM() 
RATIONAL_B_SPLINE_CURVE((1.,0.5,1.,0.5,1.,0.5,1.)) REPRESENTATION_ITEM(
  '') );
#927 = CARTESIAN_POINT('',(-12.42331416492,46.364439661875));
#928 = CARTESIAN_POINT('',(67.882250993908,67.88225099391));
#929 = CARTESIAN_POINT('',(46.364439661875,-12.42331416492));
#930 = CARTESIAN_POINT('',(24.846628329843,-92.72887932375));
#931 = CARTESIAN_POINT('',(-33.94112549695,-33.94112549695));
#932 = CARTESIAN_POINT('',(-92.72887932375,24.846628329841));
#933 = CARTESIAN_POINT('',(-12.42331416492,46.364439661875));
#934 = ( GEOMETRIC_REPRESENTATION_CONTEXT(2) 
PARAMETRIC_REPRESENTATION_CONTEXT() REPRESENTATION_CONTEXT('2D SPACE',''
  ) );
#935 = PCURVE('',#784,#936);
#936 = DEFINITIONAL_REPRESENTATION('',(#937),#941);
#937 = LINE('',#938,#939);
#938 = CARTESIAN_POINT('',(-8.115781021774,-90.));
#939 = VECTOR('',#940,1.);
#940 = DIRECTION('',(1.,-0.));
#941 = ( GEOMETRIC_REPRESENTATION_CONTEXT(2) 
PARAMETRIC_REPRESENTATION_CONTEXT() REPRESENTATION_CONTEXT('2D SPACE',''
  ) );
#942 = ADVANCED_FACE('',(#943),#161,.F.);
#943 = FACE_BOUND('',#944,.F.);
#944 = EDGE_LOOP('',(#945,#968,#996,#1017));
#945 = ORIENTED_EDGE('',*,*,#946,.F.);
#946 = EDGE_CURVE('',#947,#143,#949,.T.);
#947 = VERTEX_POINT('',#948);
#948 = CARTESIAN_POINT('',(5.005290133875,-47.73831868295,74.));
#949 = SURFACE_CURVE('',#950,(#954,#961),.PCURVE_S1.);
#950 = LINE('',#951,#952);
#951 = CARTESIAN_POINT('',(4.799355911576,-43.80885963859,74.));
#952 = VECTOR('',#953,1.);
#953 = DIRECTION('',(5.233595624294E-02,-0.998629534755,0.));
#954 = PCURVE('',#161,#955);
#955 = DEFINITIONAL_REPRESENTATION('',(#956),#960);
#956 = LINE('',#957,#958);
#957 = CARTESIAN_POINT('',(-4.218847493576E-15,5.));
#958 = VECTOR('',#959,1.);
#959 = DIRECTION('',(1.,0.));
#960 = ( GEOMETRIC_REPRESENTATION_CONTEXT(2) 
PARAMETRIC_REPRESENTATION_CONTEXT() REPRESENTATION_CONTEXT('2D SPACE',''
  ) );
#961 = PCURVE('',#249,#962);
#962 = DEFINITIONAL_REPRESENTATION('',(#963),#967);
#963 = LINE('',#964,#965);
#964 = CARTESIAN_POINT('',(22.,0.));
#965 = VECTOR('',#966,1.);
#966 = DIRECTION('',(0.,1.));
#967 = ( GEOMETRIC_REPRESENTATION_CONTEXT(2) 
PARAMETRIC_REPRESENTATION_CONTEXT() REPRESENTATION_CONTEXT('2D SPACE',''
  ) );
#968 = ORIENTED_EDGE('',*,*,#969,.T.);
#969 = EDGE_CURVE('',#947,#970,#972,.T.);
#970 = VERTEX_POINT('',#971);
#971 = CARTESIAN_POINT('',(1.214246010193E-02,-47.99999846417,74.));
#972 = SURFACE_CURVE('',#973,(#978,#989),.PCURVE_S1.);
#973 = CIRCLE('',#974,48.);
#974 = AXIS2_PLACEMENT_3D('',#975,#976,#977);
#975 = CARTESIAN_POINT('',(0.,0.,74.));
#976 = DIRECTION('',(0.,0.,-1.));
#977 = DIRECTION('',(1.,0.,0.));
#978 = PCURVE('',#161,#979);
#979 = DEFINITIONAL_REPRESENTATION('',(#980),#988);
#980 = ( BOUNDED_CURVE() B_SPLINE_CURVE(2,(#981,#982,#983,#984,#985,#986
,#987),.UNSPECIFIED.,.T.,.F.) B_SPLINE_CURVE_WITH_KNOTS((1,2,2,2,2,1),(
    -2.094395102393,0.,2.094395102393,4.188790204786,6.28318530718,
8.377580409573),.UNSPECIFIED.) CURVE() GEOMETRIC_REPRESENTATION_ITEM() 
RATIONAL_B_SPLINE_CURVE((1.,0.5,1.,0.5,1.,0.5,1.)) REPRESENTATION_ITEM(
  '') );
#981 = CARTESIAN_POINT('',(-41.48787410033,50.43421766822));
#982 = CARTESIAN_POINT('',(41.536626322083,46.083087974996));
#983 = CARTESIAN_POINT('',(-3.74381273862,-23.64267368072));
#984 = CARTESIAN_POINT('',(-49.02425179932,-93.36843533643));
#985 = CARTESIAN_POINT('',(-86.76831316104,-19.29154398749));
#986 = CARTESIAN_POINT('',(-124.5123745227,54.785347361443));
#987 = CARTESIAN_POINT('',(-41.48787410033,50.43421766822));
#988 = ( GEOMETRIC_REPRESENTATION_CONTEXT(2) 
PARAMETRIC_REPRESENTATION_CONTEXT() REPRESENTATION_CONTEXT('2D SPACE',''
  ) );
#989 = PCURVE('',#784,#990);
#990 = DEFINITIONAL_REPRESENTATION('',(#991),#995);
#991 = LINE('',#992,#993);
#992 = CARTESIAN_POINT('',(-6.28318530718,-74.));
#993 = VECTOR('',#994,1.);
#994 = DIRECTION('',(1.,-0.));
#995 = ( GEOMETRIC_REPRESENTATION_CONTEXT(2) 
PARAMETRIC_REPRESENTATION_CONTEXT() REPRESENTATION_CONTEXT('2D SPACE',''
  ) );
#996 = ORIENTED_EDGE('',*,*,#997,.T.);
#997 = EDGE_CURVE('',#970,#145,#998,.T.);
#998 = SURFACE_CURVE('',#999,(#1003,#1010),.PCURVE_S1.);
#999 = LINE('',#1000,#1001);
#1000 = CARTESIAN_POINT('',(-0.193791762197,-44.0705394198,74.));
#1001 = VECTOR('',#1002,1.);
#1002 = DIRECTION('',(5.233595624294E-02,-0.998629534755,0.));
#1003 = PCURVE('',#161,#1004);
#1004 = DEFINITIONAL_REPRESENTATION('',(#1005),#1009);
#1005 = LINE('',#1006,#1007);
#1006 = CARTESIAN_POINT('',(0.,0.));
#1007 = VECTOR('',#1008,1.);
#1008 = DIRECTION('',(1.,0.));
#1009 = ( GEOMETRIC_REPRESENTATION_CONTEXT(2) 
PARAMETRIC_REPRESENTATION_CONTEXT() REPRESENTATION_CONTEXT('2D SPACE',''
  ) );
#1010 = PCURVE('',#192,#1011);
#1011 = DEFINITIONAL_REPRESENTATION('',(#1012),#1016);
#1012 = LINE('',#1013,#1014);
#1013 = CARTESIAN_POINT('',(22.,0.));
#1014 = VECTOR('',#1015,1.);
#1015 = DIRECTION('',(0.,1.));
#1016 = ( GEOMETRIC_REPRESENTATION_CONTEXT(2) 
PARAMETRIC_REPRESENTATION_CONTEXT() REPRESENTATION_CONTEXT('2D SPACE',''
  ) );
#1017 = ORIENTED_EDGE('',*,*,#142,.F.);
#1018 = ADVANCED_FACE('',(#1019),#249,.F.);
#1019 = FACE_BOUND('',#1020,.F.);
#1020 = EDGE_LOOP('',(#1021,#1044,#1063,#1064));
#1021 = ORIENTED_EDGE('',*,*,#1022,.F.);
#1022 = EDGE_CURVE('',#1023,#204,#1025,.T.);
#1023 = VERTEX_POINT('',#1024);
#1024 = CARTESIAN_POINT('',(5.005290133875,-47.73831868295,52.));
#1025 = SURFACE_CURVE('',#1026,(#1030,#1037),.PCURVE_S1.);
#1026 = LINE('',#1027,#1028);
#1027 = CARTESIAN_POINT('',(4.799355911576,-43.80885963859,52.));
#1028 = VECTOR('',#1029,1.);
#1029 = DIRECTION('',(5.233595624294E-02,-0.998629534755,0.));
#1030 = PCURVE('',#249,#1031);
#1031 = DEFINITIONAL_REPRESENTATION('',(#1032),#1036);
#1032 = LINE('',#1033,#1034);
#1033 = CARTESIAN_POINT('',(0.,0.));
#1034 = VECTOR('',#1035,1.);
#1035 = DIRECTION('',(0.,1.));
#1036 = ( GEOMETRIC_REPRESENTATION_CONTEXT(2) 
PARAMETRIC_REPRESENTATION_CONTEXT() REPRESENTATION_CONTEXT('2D SPACE',''
  ) );
#1037 = PCURVE('',#220,#1038);
#1038 = DEFINITIONAL_REPRESENTATION('',(#1039),#1043);
#1039 = LINE('',#1040,#1041);
#1040 = CARTESIAN_POINT('',(-4.218847493576E-15,5.));
#1041 = VECTOR('',#1042,1.);
#1042 = DIRECTION('',(1.,0.));
#1043 = ( GEOMETRIC_REPRESENTATION_CONTEXT(2) 
PARAMETRIC_REPRESENTATION_CONTEXT() REPRESENTATION_CONTEXT('2D SPACE',''
  ) );
#1044 = ORIENTED_EDGE('',*,*,#1045,.F.);
#1045 = EDGE_CURVE('',#947,#1023,#1046,.T.);
#1046 = SURFACE_CURVE('',#1047,(#1051,#1057),.PCURVE_S1.);
#1047 = LINE('',#1048,#1049);
#1048 = CARTESIAN_POINT('',(5.005290133875,-47.73831868295,0.));
#1049 = VECTOR('',#1050,1.);
#1050 = DIRECTION('',(-0.,-0.,-1.));
#1051 = PCURVE('',#249,#1052);
#1052 = DEFINITIONAL_REPRESENTATION('',(#1053),#1056);
#1053 = B_SPLINE_CURVE_WITH_KNOTS('',1,(#1054,#1055),.UNSPECIFIED.,.F.,
  .F.,(2,2),(-76.2,-49.8),.PIECEWISE_BEZIER_KNOTS.);
#1054 = CARTESIAN_POINT('',(24.2,3.934851621758));
#1055 = CARTESIAN_POINT('',(-2.2,3.934851621758));
#1056 = ( GEOMETRIC_REPRESENTATION_CONTEXT(2) 
PARAMETRIC_REPRESENTATION_CONTEXT() REPRESENTATION_CONTEXT('2D SPACE',''
  ) );
#1057 = PCURVE('',#784,#1058);
#1058 = DEFINITIONAL_REPRESENTATION('',(#1059),#1062);
#1059 = B_SPLINE_CURVE_WITH_KNOTS('',1,(#1060,#1061),.UNSPECIFIED.,.F.,
  .F.,(2,2),(-76.2,-49.8),.PIECEWISE_BEZIER_KNOTS.);
#1060 = CARTESIAN_POINT('',(-4.816855767583,-76.2));
#1061 = CARTESIAN_POINT('',(-4.816855767583,-49.8));
#1062 = ( GEOMETRIC_REPRESENTATION_CONTEXT(2) 
PARAMETRIC_REPRESENTATION_CONTEXT() REPRESENTATION_CONTEXT('2D SPACE',''
  ) );
#1063 = ORIENTED_EDGE('',*,*,#946,.T.);
#1064 = ORIENTED_EDGE('',*,*,#236,.T.);
#1065 = ADVANCED_FACE('',(#1066),#192,.T.);
#1066 = FACE_BOUND('',#1067,.T.);
#1067 = EDGE_LOOP('',(#1068,#1091,#1110,#1111));
#1068 = ORIENTED_EDGE('',*,*,#1069,.F.);
#1069 = EDGE_CURVE('',#1070,#178,#1072,.T.);
#1070 = VERTEX_POINT('',#1071);
#1071 = CARTESIAN_POINT('',(1.214246010193E-02,-47.99999846417,52.));
#1072 = SURFACE_CURVE('',#1073,(#1077,#1084),.PCURVE_S1.);
#1073 = LINE('',#1074,#1075);
#1074 = CARTESIAN_POINT('',(-0.193791762197,-44.0705394198,52.));
#1075 = VECTOR('',#1076,1.);
#1076 = DIRECTION('',(5.233595624294E-02,-0.998629534755,0.));
#1077 = PCURVE('',#192,#1078);
#1078 = DEFINITIONAL_REPRESENTATION('',(#1079),#1083);
#1079 = LINE('',#1080,#1081);
#1080 = CARTESIAN_POINT('',(0.,0.));
#1081 = VECTOR('',#1082,1.);
#1082 = DIRECTION('',(0.,1.));
#1083 = ( GEOMETRIC_REPRESENTATION_CONTEXT(2) 
PARAMETRIC_REPRESENTATION_CONTEXT() REPRESENTATION_CONTEXT('2D SPACE',''
  ) );
#1084 = PCURVE('',#220,#1085);
#1085 = DEFINITIONAL_REPRESENTATION('',(#1086),#1090);
#1086 = LINE('',#1087,#1088);
#1087 = CARTESIAN_POINT('',(0.,0.));
#1088 = VECTOR('',#1089,1.);
#1089 = DIRECTION('',(1.,0.));
#1090 = ( GEOMETRIC_REPRESENTATION_CONTEXT(2) 
PARAMETRIC_REPRESENTATION_CONTEXT() REPRESENTATION_CONTEXT('2D SPACE',''
  ) );
#1091 = ORIENTED_EDGE('',*,*,#1092,.F.);
#1092 = EDGE_CURVE('',#970,#1070,#1093,.T.);
#1093 = SURFACE_CURVE('',#1094,(#1098,#1104),.PCURVE_S1.);
#1094 = LINE('',#1095,#1096);
#1095 = CARTESIAN_POINT('',(1.214246010193E-02,-47.99999846417,0.));
#1096 = VECTOR('',#1097,1.);
#1097 = DIRECTION('',(-0.,-0.,-1.));
#1098 = PCURVE('',#192,#1099);
#1099 = DEFINITIONAL_REPRESENTATION('',(#1100),#1103);
#1100 = B_SPLINE_CURVE_WITH_KNOTS('',1,(#1101,#1102),.UNSPECIFIED.,.F.,
  .F.,(2,2),(-76.2,-49.8),.PIECEWISE_BEZIER_KNOTS.);
#1101 = CARTESIAN_POINT('',(24.2,3.934851621758));
#1102 = CARTESIAN_POINT('',(-2.2,3.934851621758));
#1103 = ( GEOMETRIC_REPRESENTATION_CONTEXT(2) 
PARAMETRIC_REPRESENTATION_CONTEXT() REPRESENTATION_CONTEXT('2D SPACE',''
  ) );
#1104 = PCURVE('',#784,#1105);
#1105 = DEFINITIONAL_REPRESENTATION('',(#1106),#1109);
#1106 = B_SPLINE_CURVE_WITH_KNOTS('',1,(#1107,#1108),.UNSPECIFIED.,.F.,
  .F.,(2,2),(-76.2,-49.8),.PIECEWISE_BEZIER_KNOTS.);
#1107 = CARTESIAN_POINT('',(-4.712641948306,-76.2));
#1108 = CARTESIAN_POINT('',(-4.712641948306,-49.8));
#1109 = ( GEOMETRIC_REPRESENTATION_CONTEXT(2) 
PARAMETRIC_REPRESENTATION_CONTEXT() REPRESENTATION_CONTEXT('2D SPACE',''
  ) );
#1110 = ORIENTED_EDGE('',*,*,#997,.T.);
#1111 = ORIENTED_EDGE('',*,*,#177,.T.);
#1112 = ADVANCED_FACE('',(#1113),#220,.T.);
#1113 = FACE_BOUND('',#1114,.T.);
#1114 = EDGE_LOOP('',(#1115,#1116,#1142,#1143));
#1115 = ORIENTED_EDGE('',*,*,#1022,.F.);
#1116 = ORIENTED_EDGE('',*,*,#1117,.T.);
#1117 = EDGE_CURVE('',#1023,#1070,#1118,.T.);
#1118 = SURFACE_CURVE('',#1119,(#1124,#1135),.PCURVE_S1.);
#1119 = CIRCLE('',#1120,48.);
#1120 = AXIS2_PLACEMENT_3D('',#1121,#1122,#1123);
#1121 = CARTESIAN_POINT('',(0.,0.,52.));
#1122 = DIRECTION('',(0.,0.,-1.));
#1123 = DIRECTION('',(1.,0.,0.));
#1124 = PCURVE('',#220,#1125);
#1125 = DEFINITIONAL_REPRESENTATION('',(#1126),#1134);
#1126 = ( BOUNDED_CURVE() B_SPLINE_CURVE(2,(#1127,#1128,#1129,#1130,
#1131,#1132,#1133),.UNSPECIFIED.,.T.,.F.) B_SPLINE_CURVE_WITH_KNOTS((1,2
    ,2,2,2,1),(-2.094395102393,0.,2.094395102393,4.188790204786,
6.28318530718,8.377580409573),.UNSPECIFIED.) CURVE() 
GEOMETRIC_REPRESENTATION_ITEM() RATIONAL_B_SPLINE_CURVE((1.,0.5,1.,0.5,
1.,0.5,1.)) REPRESENTATION_ITEM('') );
#1127 = CARTESIAN_POINT('',(-41.48787410033,50.43421766822));
#1128 = CARTESIAN_POINT('',(41.536626322083,46.083087974996));
#1129 = CARTESIAN_POINT('',(-3.74381273862,-23.64267368072));
#1130 = CARTESIAN_POINT('',(-49.02425179932,-93.36843533643));
#1131 = CARTESIAN_POINT('',(-86.76831316104,-19.29154398749));
#1132 = CARTESIAN_POINT('',(-124.5123745227,54.785347361443));
#1133 = CARTESIAN_POINT('',(-41.48787410033,50.43421766822));
#1134 = ( GEOMETRIC_REPRESENTATION_CONTEXT(2) 
PARAMETRIC_REPRESENTATION_CONTEXT() REPRESENTATION_CONTEXT('2D SPACE',''
  ) );
#1135 = PCURVE('',#784,#1136);
#1136 = DEFINITIONAL_REPRESENTATION('',(#1137),#1141);
#1137 = LINE('',#1138,#1139);
#1138 = CARTESIAN_POINT('',(-6.28318530718,-52.));
#1139 = VECTOR('',#1140,1.);
#1140 = DIRECTION('',(1.,-0.));
#1141 = ( GEOMETRIC_REPRESENTATION_CONTEXT(2) 
PARAMETRIC_REPRESENTATION_CONTEXT() REPRESENTATION_CONTEXT('2D SPACE',''
  ) );
#1142 = ORIENTED_EDGE('',*,*,#1069,.T.);
#1143 = ORIENTED_EDGE('',*,*,#203,.F.);
#1144 = ADVANCED_FACE('',(#1145),#281,.F.);
#1145 = FACE_BOUND('',#1146,.F.);
#1146 = EDGE_LOOP('',(#1147,#1170,#1198,#1219));
#1147 = ORIENTED_EDGE('',*,*,#1148,.F.);
#1148 = EDGE_CURVE('',#1149,#263,#1151,.T.);
#1149 = VERTEX_POINT('',#1150);
#1150 = CARTESIAN_POINT('',(1.214246010193E-02,47.999998464174,74.));
#1151 = SURFACE_CURVE('',#1152,(#1156,#1163),.PCURVE_S1.);
#1152 = LINE('',#1153,#1154);
#1153 = CARTESIAN_POINT('',(-0.193791762197,44.070539419809,74.));
#1154 = VECTOR('',#1155,1.);
#1155 = DIRECTION('',(5.233595624294E-02,0.998629534755,0.));
#1156 = PCURVE('',#281,#1157);
#1157 = DEFINITIONAL_REPRESENTATION('',(#1158),#1162);
#1158 = LINE('',#1159,#1160);
#1159 = CARTESIAN_POINT('',(4.218847493576E-15,5.));
#1160 = VECTOR('',#1161,1.);
#1161 = DIRECTION('',(1.,0.));
#1162 = ( GEOMETRIC_REPRESENTATION_CONTEXT(2) 
PARAMETRIC_REPRESENTATION_CONTEXT() REPRESENTATION_CONTEXT('2D SPACE',''
  ) );
#1163 = PCURVE('',#369,#1164);
#1164 = DEFINITIONAL_REPRESENTATION('',(#1165),#1169);
#1165 = LINE('',#1166,#1167);
#1166 = CARTESIAN_POINT('',(22.,0.));
#1167 = VECTOR('',#1168,1.);
#1168 = DIRECTION('',(0.,1.));
#1169 = ( GEOMETRIC_REPRESENTATION_CONTEXT(2) 
PARAMETRIC_REPRESENTATION_CONTEXT() REPRESENTATION_CONTEXT('2D SPACE',''
  ) );
#1170 = ORIENTED_EDGE('',*,*,#1171,.T.);
#1171 = EDGE_CURVE('',#1149,#1172,#1174,.T.);
#1172 = VERTEX_POINT('',#1173);
#1173 = CARTESIAN_POINT('',(5.005290133875,47.738318682959,74.));
#1174 = SURFACE_CURVE('',#1175,(#1180,#1191),.PCURVE_S1.);
#1175 = CIRCLE('',#1176,48.);
#1176 = AXIS2_PLACEMENT_3D('',#1177,#1178,#1179);
#1177 = CARTESIAN_POINT('',(0.,0.,74.));
#1178 = DIRECTION('',(0.,0.,-1.));
#1179 = DIRECTION('',(1.,0.,0.));
#1180 = PCURVE('',#281,#1181);
#1181 = DEFINITIONAL_REPRESENTATION('',(#1182),#1190);
#1182 = ( BOUNDED_CURVE() B_SPLINE_CURVE(2,(#1183,#1184,#1185,#1186,
#1187,#1188,#1189),.UNSPECIFIED.,.T.,.F.) B_SPLINE_CURVE_WITH_KNOTS((1,2
    ,2,2,2,1),(-2.094395102393,0.,2.094395102393,4.188790204786,
6.28318530718,8.377580409573),.UNSPECIFIED.) CURVE() 
GEOMETRIC_REPRESENTATION_ITEM() RATIONAL_B_SPLINE_CURVE((1.,0.5,1.,0.5,
1.,0.5,1.)) REPRESENTATION_ITEM('') );
#1183 = CARTESIAN_POINT('',(-41.48787410033,-45.43421766822));
#1184 = CARTESIAN_POINT('',(-124.5123745227,-49.78534736144));
#1185 = CARTESIAN_POINT('',(-86.76831316104,24.291543987498));
#1186 = CARTESIAN_POINT('',(-49.02425179932,98.368435336439));
#1187 = CARTESIAN_POINT('',(-3.74381273862,28.642673680721));
#1188 = CARTESIAN_POINT('',(41.536626322083,-41.08308797499));
#1189 = CARTESIAN_POINT('',(-41.48787410033,-45.43421766822));
#1190 = ( GEOMETRIC_REPRESENTATION_CONTEXT(2) 
PARAMETRIC_REPRESENTATION_CONTEXT() REPRESENTATION_CONTEXT('2D SPACE',''
  ) );
#1191 = PCURVE('',#784,#1192);
#1192 = DEFINITIONAL_REPRESENTATION('',(#1193),#1197);
#1193 = LINE('',#1194,#1195);
#1194 = CARTESIAN_POINT('',(-12.56637061435,-74.));
#1195 = VECTOR('',#1196,1.);
#1196 = DIRECTION('',(1.,-0.));
#1197 = ( GEOMETRIC_REPRESENTATION_CONTEXT(2) 
PARAMETRIC_REPRESENTATION_CONTEXT() REPRESENTATION_CONTEXT('2D SPACE',''
  ) );
#1198 = ORIENTED_EDGE('',*,*,#1199,.T.);
#1199 = EDGE_CURVE('',#1172,#265,#1200,.T.);
#1200 = SURFACE_CURVE('',#1201,(#1205,#1212),.PCURVE_S1.);
#1201 = LINE('',#1202,#1203);
#1202 = CARTESIAN_POINT('',(4.799355911576,43.808859638594,74.));
#1203 = VECTOR('',#1204,1.);
#1204 = DIRECTION('',(5.233595624294E-02,0.998629534755,0.));
#1205 = PCURVE('',#281,#1206);
#1206 = DEFINITIONAL_REPRESENTATION('',(#1207),#1211);
#1207 = LINE('',#1208,#1209);
#1208 = CARTESIAN_POINT('',(0.,0.));
#1209 = VECTOR('',#1210,1.);
#1210 = DIRECTION('',(1.,0.));
#1211 = ( GEOMETRIC_REPRESENTATION_CONTEXT(2) 
PARAMETRIC_REPRESENTATION_CONTEXT() REPRESENTATION_CONTEXT('2D SPACE',''
  ) );
#1212 = PCURVE('',#312,#1213);
#1213 = DEFINITIONAL_REPRESENTATION('',(#1214),#1218);
#1214 = LINE('',#1215,#1216);
#1215 = CARTESIAN_POINT('',(22.,0.));
#1216 = VECTOR('',#1217,1.);
#1217 = DIRECTION('',(0.,1.));
#1218 = ( GEOMETRIC_REPRESENTATION_CONTEXT(2) 
PARAMETRIC_REPRESENTATION_CONTEXT() REPRESENTATION_CONTEXT('2D SPACE',''
  ) );
#1219 = ORIENTED_EDGE('',*,*,#262,.F.);
#1220 = ADVANCED_FACE('',(#1221),#369,.F.);
#1221 = FACE_BOUND('',#1222,.F.);
#1222 = EDGE_LOOP('',(#1223,#1246,#1265,#1266));
#1223 = ORIENTED_EDGE('',*,*,#1224,.F.);
#1224 = EDGE_CURVE('',#1225,#324,#1227,.T.);
#1225 = VERTEX_POINT('',#1226);
#1226 = CARTESIAN_POINT('',(1.214246010193E-02,47.999998464174,52.));
#1227 = SURFACE_CURVE('',#1228,(#1232,#1239),.PCURVE_S1.);
#1228 = LINE('',#1229,#1230);
#1229 = CARTESIAN_POINT('',(-0.193791762197,44.070539419809,52.));
#1230 = VECTOR('',#1231,1.);
#1231 = DIRECTION('',(5.233595624294E-02,0.998629534755,0.));
#1232 = PCURVE('',#369,#1233);
#1233 = DEFINITIONAL_REPRESENTATION('',(#1234),#1238);
#1234 = LINE('',#1235,#1236);
#1235 = CARTESIAN_POINT('',(0.,0.));
#1236 = VECTOR('',#1237,1.);
#1237 = DIRECTION('',(0.,1.));
#1238 = ( GEOMETRIC_REPRESENTATION_CONTEXT(2) 
PARAMETRIC_REPRESENTATION_CONTEXT() REPRESENTATION_CONTEXT('2D SPACE',''
  ) );
#1239 = PCURVE('',#340,#1240);
#1240 = DEFINITIONAL_REPRESENTATION('',(#1241),#1245);
#1241 = LINE('',#1242,#1243);
#1242 = CARTESIAN_POINT('',(4.218847493576E-15,5.));
#1243 = VECTOR('',#1244,1.);
#1244 = DIRECTION('',(1.,0.));
#1245 = ( GEOMETRIC_REPRESENTATION_CONTEXT(2) 
PARAMETRIC_REPRESENTATION_CONTEXT() REPRESENTATION_CONTEXT('2D SPACE',''
  ) );
#1246 = ORIENTED_EDGE('',*,*,#1247,.F.);
#1247 = EDGE_CURVE('',#1149,#1225,#1248,.T.);
#1248 = SURFACE_CURVE('',#1249,(#1253,#1259),.PCURVE_S1.);
#1249 = LINE('',#1250,#1251);
#1250 = CARTESIAN_POINT('',(1.214246010193E-02,47.999998464174,0.));
#1251 = VECTOR('',#1252,1.);
#1252 = DIRECTION('',(-0.,-0.,-1.));
#1253 = PCURVE('',#369,#1254);
#1254 = DEFINITIONAL_REPRESENTATION('',(#1255),#1258);
#1255 = B_SPLINE_CURVE_WITH_KNOTS('',1,(#1256,#1257),.UNSPECIFIED.,.F.,
  .F.,(2,2),(-76.2,-49.8),.PIECEWISE_BEZIER_KNOTS.);
#1256 = CARTESIAN_POINT('',(24.2,3.934851621758));
#1257 = CARTESIAN_POINT('',(-2.2,3.934851621758));
#1258 = ( GEOMETRIC_REPRESENTATION_CONTEXT(2) 
PARAMETRIC_REPRESENTATION_CONTEXT() REPRESENTATION_CONTEXT('2D SPACE',''
  ) );
#1259 = PCURVE('',#784,#1260);
#1260 = DEFINITIONAL_REPRESENTATION('',(#1261),#1264);
#1261 = B_SPLINE_CURVE_WITH_KNOTS('',1,(#1262,#1263),.UNSPECIFIED.,.F.,
  .F.,(2,2),(-76.2,-49.8),.PIECEWISE_BEZIER_KNOTS.);
#1262 = CARTESIAN_POINT('',(-7.853728666053,-76.2));
#1263 = CARTESIAN_POINT('',(-7.853728666053,-49.8));
#1264 = ( GEOMETRIC_REPRESENTATION_CONTEXT(2) 
PARAMETRIC_REPRESENTATION_CONTEXT() REPRESENTATION_CONTEXT('2D SPACE',''
  ) );
#1265 = ORIENTED_EDGE('',*,*,#1148,.T.);
#1266 = ORIENTED_EDGE('',*,*,#356,.T.);
#1267 = ADVANCED_FACE('',(#1268),#312,.T.);
#1268 = FACE_BOUND('',#1269,.T.);
#1269 = EDGE_LOOP('',(#1270,#1293,#1312,#1313));
#1270 = ORIENTED_EDGE('',*,*,#1271,.F.);
#1271 = EDGE_CURVE('',#1272,#298,#1274,.T.);
#1272 = VERTEX_POINT('',#1273);
#1273 = CARTESIAN_POINT('',(5.005290133875,47.738318682959,52.));
#1274 = SURFACE_CURVE('',#1275,(#1279,#1286),.PCURVE_S1.);
#1275 = LINE('',#1276,#1277);
#1276 = CARTESIAN_POINT('',(4.799355911576,43.808859638594,52.));
#1277 = VECTOR('',#1278,1.);
#1278 = DIRECTION('',(5.233595624294E-02,0.998629534755,0.));
#1279 = PCURVE('',#312,#1280);
#1280 = DEFINITIONAL_REPRESENTATION('',(#1281),#1285);
#1281 = LINE('',#1282,#1283);
#1282 = CARTESIAN_POINT('',(0.,0.));
#1283 = VECTOR('',#1284,1.);
#1284 = DIRECTION('',(0.,1.));
#1285 = ( GEOMETRIC_REPRESENTATION_CONTEXT(2) 
PARAMETRIC_REPRESENTATION_CONTEXT() REPRESENTATION_CONTEXT('2D SPACE',''
  ) );
#1286 = PCURVE('',#340,#1287);
#1287 = DEFINITIONAL_REPRESENTATION('',(#1288),#1292);
#1288 = LINE('',#1289,#1290);
#1289 = CARTESIAN_POINT('',(0.,0.));
#1290 = VECTOR('',#1291,1.);
#1291 = DIRECTION('',(1.,0.));
#1292 = ( GEOMETRIC_REPRESENTATION_CONTEXT(2) 
PARAMETRIC_REPRESENTATION_CONTEXT() REPRESENTATION_CONTEXT('2D SPACE',''
  ) );
#1293 = ORIENTED_EDGE('',*,*,#1294,.F.);
#1294 = EDGE_CURVE('',#1172,#1272,#1295,.T.);
#1295 = SURFACE_CURVE('',#1296,(#1300,#1306),.PCURVE_S1.);
#1296 = LINE('',#1297,#1298);
#1297 = CARTESIAN_POINT('',(5.005290133875,47.738318682959,0.));
#1298 = VECTOR('',#1299,1.);
#1299 = DIRECTION('',(-0.,-0.,-1.));
#1300 = PCURVE('',#312,#1301);
#1301 = DEFINITIONAL_REPRESENTATION('',(#1302),#1305);
#1302 = B_SPLINE_CURVE_WITH_KNOTS('',1,(#1303,#1304),.UNSPECIFIED.,.F.,
  .F.,(2,2),(-76.2,-49.8),.PIECEWISE_BEZIER_KNOTS.);
#1303 = CARTESIAN_POINT('',(24.2,3.934851621758));
#1304 = CARTESIAN_POINT('',(-2.2,3.934851621758));
#1305 = ( GEOMETRIC_REPRESENTATION_CONTEXT(2) 
PARAMETRIC_REPRESENTATION_CONTEXT() REPRESENTATION_CONTEXT('2D SPACE',''
  ) );
#1306 = PCURVE('',#784,#1307);
#1307 = DEFINITIONAL_REPRESENTATION('',(#1308),#1311);
#1308 = B_SPLINE_CURVE_WITH_KNOTS('',1,(#1309,#1310),.UNSPECIFIED.,.F.,
  .F.,(2,2),(-76.2,-49.8),.PIECEWISE_BEZIER_KNOTS.);
#1309 = CARTESIAN_POINT('',(-7.749514846776,-76.2));
#1310 = CARTESIAN_POINT('',(-7.749514846776,-49.8));
#1311 = ( GEOMETRIC_REPRESENTATION_CONTEXT(2) 
PARAMETRIC_REPRESENTATION_CONTEXT() REPRESENTATION_CONTEXT('2D SPACE',''
  ) );
#1312 = ORIENTED_EDGE('',*,*,#1199,.T.);
#1313 = ORIENTED_EDGE('',*,*,#297,.T.);
#1314 = ADVANCED_FACE('',(#1315),#340,.T.);
#1315 = FACE_BOUND('',#1316,.T.);
#1316 = EDGE_LOOP('',(#1317,#1318,#1344,#1345));
#1317 = ORIENTED_EDGE('',*,*,#1224,.F.);
#1318 = ORIENTED_EDGE('',*,*,#1319,.T.);
#1319 = EDGE_CURVE('',#1225,#1272,#1320,.T.);
#1320 = SURFACE_CURVE('',#1321,(#1326,#1337),.PCURVE_S1.);
#1321 = CIRCLE('',#1322,48.);
#1322 = AXIS2_PLACEMENT_3D('',#1323,#1324,#1325);
#1323 = CARTESIAN_POINT('',(0.,0.,52.));
#1324 = DIRECTION('',(0.,0.,-1.));
#1325 = DIRECTION('',(1.,0.,0.));
#1326 = PCURVE('',#340,#1327);
#1327 = DEFINITIONAL_REPRESENTATION('',(#1328),#1336);
#1328 = ( BOUNDED_CURVE() B_SPLINE_CURVE(2,(#1329,#1330,#1331,#1332,
#1333,#1334,#1335),.UNSPECIFIED.,.T.,.F.) B_SPLINE_CURVE_WITH_KNOTS((1,2
    ,2,2,2,1),(-2.094395102393,0.,2.094395102393,4.188790204786,
6.28318530718,8.377580409573),.UNSPECIFIED.) CURVE() 
GEOMETRIC_REPRESENTATION_ITEM() RATIONAL_B_SPLINE_CURVE((1.,0.5,1.,0.5,
1.,0.5,1.)) REPRESENTATION_ITEM('') );
#1329 = CARTESIAN_POINT('',(-41.48787410033,-45.43421766822));
#1330 = CARTESIAN_POINT('',(-124.5123745227,-49.78534736144));
#1331 = CARTESIAN_POINT('',(-86.76831316104,24.291543987498));
#1332 = CARTESIAN_POINT('',(-49.02425179932,98.368435336439));
#1333 = CARTESIAN_POINT('',(-3.74381273862,28.642673680721));
#1334 = CARTESIAN_POINT('',(41.536626322083,-41.08308797499));
#1335 = CARTESIAN_POINT('',(-41.48787410033,-45.43421766822));
#1336 = ( GEOMETRIC_REPRESENTATION_CONTEXT(2) 
PARAMETRIC_REPRESENTATION_CONTEXT() REPRESENTATION_CONTEXT('2D SPACE',''
  ) );
#1337 = PCURVE('',#784,#1338);
#1338 = DEFINITIONAL_REPRESENTATION('',(#1339),#1343);
#1339 = LINE('',#1340,#1341);
#1340 = CARTESIAN_POINT('',(-12.56637061435,-52.));
#1341 = VECTOR('',#1342,1.);
#1342 = DIRECTION('',(1.,-0.));
#1343 = ( GEOMETRIC_REPRESENTATION_CONTEXT(2) 
PARAMETRIC_REPRESENTATION_CONTEXT() REPRESENTATION_CONTEXT('2D SPACE',''
  ) );
#1344 = ORIENTED_EDGE('',*,*,#1271,.T.);
#1345 = ORIENTED_EDGE('',*,*,#323,.F.);
#1346 = ADVANCED_FACE('',(#1347),#401,.F.);
#1347 = FACE_BOUND('',#1348,.F.);
#1348 = EDGE_LOOP('',(#1349,#1372,#1400,#1421));
#1349 = ORIENTED_EDGE('',*,*,#1350,.F.);
#1350 = EDGE_CURVE('',#1351,#383,#1353,.T.);
#1351 = VERTEX_POINT('',#1352);
#1352 = CARTESIAN_POINT('',(5.005290133875,-47.73831868295,38.));
#1353 = SURFACE_CURVE('',#1354,(#1358,#1365),.PCURVE_S1.);
#1354 = LINE('',#1355,#1356);
#1355 = CARTESIAN_POINT('',(4.799355911576,-43.80885963859,38.));
#1356 = VECTOR('',#1357,1.);
#1357 = DIRECTION('',(5.233595624294E-02,-0.998629534755,0.));
#1358 = PCURVE('',#401,#1359);
#1359 = DEFINITIONAL_REPRESENTATION('',(#1360),#1364);
#1360 = LINE('',#1361,#1362);
#1361 = CARTESIAN_POINT('',(-4.218847493576E-15,5.));
#1362 = VECTOR('',#1363,1.);
#1363 = DIRECTION('',(1.,0.));
#1364 = ( GEOMETRIC_REPRESENTATION_CONTEXT(2) 
PARAMETRIC_REPRESENTATION_CONTEXT() REPRESENTATION_CONTEXT('2D SPACE',''
  ) );
#1365 = PCURVE('',#489,#1366);
#1366 = DEFINITIONAL_REPRESENTATION('',(#1367),#1371);
#1367 = LINE('',#1368,#1369);
#1368 = CARTESIAN_POINT('',(22.,0.));
#1369 = VECTOR('',#1370,1.);
#1370 = DIRECTION('',(0.,1.));
#1371 = ( GEOMETRIC_REPRESENTATION_CONTEXT(2) 
PARAMETRIC_REPRESENTATION_CONTEXT() REPRESENTATION_CONTEXT('2D SPACE',''
  ) );
#1372 = ORIENTED_EDGE('',*,*,#1373,.T.);
#1373 = EDGE_CURVE('',#1351,#1374,#1376,.T.);
#1374 = VERTEX_POINT('',#1375);
#1375 = CARTESIAN_POINT('',(1.214246010193E-02,-47.99999846417,38.));
#1376 = SURFACE_CURVE('',#1377,(#1382,#1393),.PCURVE_S1.);
#1377 = CIRCLE('',#1378,48.);
#1378 = AXIS2_PLACEMENT_3D('',#1379,#1380,#1381);
#1379 = CARTESIAN_POINT('',(0.,0.,38.));
#1380 = DIRECTION('',(0.,0.,-1.));
#1381 = DIRECTION('',(1.,0.,0.));
#1382 = PCURVE('',#401,#1383);
#1383 = DEFINITIONAL_REPRESENTATION('',(#1384),#1392);
#1384 = ( BOUNDED_CURVE() B_SPLINE_CURVE(2,(#1385,#1386,#1387,#1388,
#1389,#1390,#1391),.UNSPECIFIED.,.T.,.F.) B_SPLINE_CURVE_WITH_KNOTS((1,2
    ,2,2,2,1),(-2.094395102393,0.,2.094395102393,4.188790204786,
6.28318530718,8.377580409573),.UNSPECIFIED.) CURVE() 
GEOMETRIC_REPRESENTATION_ITEM() RATIONAL_B_SPLINE_CURVE((1.,0.5,1.,0.5,
1.,0.5,1.)) REPRESENTATION_ITEM('') );
#1385 = CARTESIAN_POINT('',(-41.48787410033,50.43421766822));
#1386 = CARTESIAN_POINT('',(41.536626322083,46.083087974996));
#1387 = CARTESIAN_POINT('',(-3.74381273862,-23.64267368072));
#1388 = CARTESIAN_POINT('',(-49.02425179932,-93.36843533643));
#1389 = CARTESIAN_POINT('',(-86.76831316104,-19.29154398749));
#1390 = CARTESIAN_POINT('',(-124.5123745227,54.785347361443));
#1391 = CARTESIAN_POINT('',(-41.48787410033,50.43421766822));
#1392 = ( GEOMETRIC_REPRESENTATION_CONTEXT(2) 
PARAMETRIC_REPRESENTATION_CONTEXT() REPRESENTATION_CONTEXT('2D SPACE',''
  ) );
#1393 = PCURVE('',#784,#1394);
#1394 = DEFINITIONAL_REPRESENTATION('',(#1395),#1399);
#1395 = LINE('',#1396,#1397);
#1396 = CARTESIAN_POINT('',(-6.28318530718,-38.));
#1397 = VECTOR('',#1398,1.);
#1398 = DIRECTION('',(1.,-0.));
#1399 = ( GEOMETRIC_REPRESENTATION_CONTEXT(2) 
PARAMETRIC_REPRESENTATION_CONTEXT() REPRESENTATION_CONTEXT('2D SPACE',''
  ) );
#1400 = ORIENTED_EDGE('',*,*,#1401,.T.);
#1401 = EDGE_CURVE('',#1374,#385,#1402,.T.);
#1402 = SURFACE_CURVE('',#1403,(#1407,#1414),.PCURVE_S1.);
#1403 = LINE('',#1404,#1405);
#1404 = CARTESIAN_POINT('',(-0.193791762197,-44.0705394198,38.));
#1405 = VECTOR('',#1406,1.);
#1406 = DIRECTION('',(5.233595624294E-02,-0.998629534755,0.));
#1407 = PCURVE('',#401,#1408);
#1408 = DEFINITIONAL_REPRESENTATION('',(#1409),#1413);
#1409 = LINE('',#1410,#1411);
#1410 = CARTESIAN_POINT('',(0.,0.));
#1411 = VECTOR('',#1412,1.);
#1412 = DIRECTION('',(1.,0.));
#1413 = ( GEOMETRIC_REPRESENTATION_CONTEXT(2) 
PARAMETRIC_REPRESENTATION_CONTEXT() REPRESENTATION_CONTEXT('2D SPACE',''
  ) );
#1414 = PCURVE('',#432,#1415);
#1415 = DEFINITIONAL_REPRESENTATION('',(#1416),#1420);
#1416 = LINE('',#1417,#1418);
#1417 = CARTESIAN_POINT('',(22.,0.));
#1418 = VECTOR('',#1419,1.);
#1419 = DIRECTION('',(0.,1.));
#1420 = ( GEOMETRIC_REPRESENTATION_CONTEXT(2) 
PARAMETRIC_REPRESENTATION_CONTEXT() REPRESENTATION_CONTEXT('2D SPACE',''
  ) );
#1421 = ORIENTED_EDGE('',*,*,#382,.F.);
#1422 = ADVANCED_FACE('',(#1423),#489,.F.);
#1423 = FACE_BOUND('',#1424,.F.);
#1424 = EDGE_LOOP('',(#1425,#1448,#1467,#1468));
#1425 = ORIENTED_EDGE('',*,*,#1426,.F.);
#1426 = EDGE_CURVE('',#1427,#444,#1429,.T.);
#1427 = VERTEX_POINT('',#1428);
#1428 = CARTESIAN_POINT('',(5.005290133875,-47.73831868295,16.));
#1429 = SURFACE_CURVE('',#1430,(#1434,#1441),.PCURVE_S1.);
#1430 = LINE('',#1431,#1432);
#1431 = CARTESIAN_POINT('',(4.799355911576,-43.80885963859,16.));
#1432 = VECTOR('',#1433,1.);
#1433 = DIRECTION('',(5.233595624294E-02,-0.998629534755,0.));
#1434 = PCURVE('',#489,#1435);
#1435 = DEFINITIONAL_REPRESENTATION('',(#1436),#1440);
#1436 = LINE('',#1437,#1438);
#1437 = CARTESIAN_POINT('',(0.,0.));
#1438 = VECTOR('',#1439,1.);
#1439 = DIRECTION('',(0.,1.));
#1440 = ( GEOMETRIC_REPRESENTATION_CONTEXT(2) 
PARAMETRIC_REPRESENTATION_CONTEXT() REPRESENTATION_CONTEXT('2D SPACE',''
  ) );
#1441 = PCURVE('',#460,#1442);
#1442 = DEFINITIONAL_REPRESENTATION('',(#1443),#1447);
#1443 = LINE('',#1444,#1445);
#1444 = CARTESIAN_POINT('',(-4.218847493576E-15,5.));
#1445 = VECTOR('',#1446,1.);
#1446 = DIRECTION('',(1.,0.));
#1447 = ( GEOMETRIC_REPRESENTATION_CONTEXT(2) 
PARAMETRIC_REPRESENTATION_CONTEXT() REPRESENTATION_CONTEXT('2D SPACE',''
  ) );
#1448 = ORIENTED_EDGE('',*,*,#1449,.F.);
#1449 = EDGE_CURVE('',#1351,#1427,#1450,.T.);
#1450 = SURFACE_CURVE('',#1451,(#1455,#1461),.PCURVE_S1.);
#1451 = LINE('',#1452,#1453);
#1452 = CARTESIAN_POINT('',(5.005290133875,-47.73831868295,0.));
#1453 = VECTOR('',#1454,1.);
#1454 = DIRECTION('',(-0.,-0.,-1.));
#1455 = PCURVE('',#489,#1456);
#1456 = DEFINITIONAL_REPRESENTATION('',(#1457),#1460);
#1457 = B_SPLINE_CURVE_WITH_KNOTS('',1,(#1458,#1459),.UNSPECIFIED.,.F.,
  .F.,(2,2),(-40.2,-13.8),.PIECEWISE_BEZIER_KNOTS.);
#1458 = CARTESIAN_POINT('',(24.2,3.934851621758));
#1459 = CARTESIAN_POINT('',(-2.2,3.934851621758));
#1460 = ( GEOMETRIC_REPRESENTATION_CONTEXT(2) 
PARAMETRIC_REPRESENTATION_CONTEXT() REPRESENTATION_CONTEXT('2D SPACE',''
  ) );
#1461 = PCURVE('',#784,#1462);
#1462 = DEFINITIONAL_REPRESENTATION('',(#1463),#1466);
#1463 = B_SPLINE_CURVE_WITH_KNOTS('',1,(#1464,#1465),.UNSPECIFIED.,.F.,
  .F.,(2,2),(-40.2,-13.8),.PIECEWISE_BEZIER_KNOTS.);
#1464 = CARTESIAN_POINT('',(-4.816855767583,-40.2));
#1465 = CARTESIAN_POINT('',(-4.816855767583,-13.8));
#1466 = ( GEOMETRIC_REPRESENTATION_CONTEXT(2) 
PARAMETRIC_REPRESENTATION_CONTEXT() REPRESENTATION_CONTEXT('2D SPACE',''
  ) );
#1467 = ORIENTED_EDGE('',*,*,#1350,.T.);
#1468 = ORIENTED_EDGE('',*,*,#476,.T.);
#1469 = ADVANCED_FACE('',(#1470),#432,.T.);
#1470 = FACE_BOUND('',#1471,.T.);
#1471 = EDGE_LOOP('',(#1472,#1495,#1514,#1515));
#1472 = ORIENTED_EDGE('',*,*,#1473,.F.);
#1473 = EDGE_CURVE('',#1474,#418,#1476,.T.);
#1474 = VERTEX_POINT('',#1475);
#1475 = CARTESIAN_POINT('',(1.214246010193E-02,-47.99999846417,16.));
#1476 = SURFACE_CURVE('',#1477,(#1481,#1488),.PCURVE_S1.);
#1477 = LINE('',#1478,#1479);
#1478 = CARTESIAN_POINT('',(-0.193791762197,-44.0705394198,16.));
#1479 = VECTOR('',#1480,1.);
#1480 = DIRECTION('',(5.233595624294E-02,-0.998629534755,0.));
#1481 = PCURVE('',#432,#1482);
#1482 = DEFINITIONAL_REPRESENTATION('',(#1483),#1487);
#1483 = LINE('',#1484,#1485);
#1484 = CARTESIAN_POINT('',(0.,0.));
#1485 = VECTOR('',#1486,1.);
#1486 = DIRECTION('',(0.,1.));
#1487 = ( GEOMETRIC_REPRESENTATION_CONTEXT(2) 
PARAMETRIC_REPRESENTATION_CONTEXT() REPRESENTATION_CONTEXT('2D SPACE',''
  ) );
#1488 = PCURVE('',#460,#1489);
#1489 = DEFINITIONAL_REPRESENTATION('',(#1490),#1494);
#1490 = LINE('',#1491,#1492);
#1491 = CARTESIAN_POINT('',(0.,0.));
#1492 = VECTOR('',#1493,1.);
#1493 = DIRECTION('',(1.,0.));
#1494 = ( GEOMETRIC_REPRESENTATION_CONTEXT(2) 
PARAMETRIC_REPRESENTATION_CONTEXT() REPRESENTATION_CONTEXT('2D SPACE',''
  ) );
#1495 = ORIENTED_EDGE('',*,*,#1496,.F.);
#1496 = EDGE_CURVE('',#1374,#1474,#1497,.T.);
#1497 = SURFACE_CURVE('',#1498,(#1502,#1508),.PCURVE_S1.);
#1498 = LINE('',#1499,#1500);
#1499 = CARTESIAN_POINT('',(1.214246010193E-02,-47.99999846417,0.));
#1500 = VECTOR('',#1501,1.);
#1501 = DIRECTION('',(-0.,-0.,-1.));
#1502 = PCURVE('',#432,#1503);
#1503 = DEFINITIONAL_REPRESENTATION('',(#1504),#1507);
#1504 = B_SPLINE_CURVE_WITH_KNOTS('',1,(#1505,#1506),.UNSPECIFIED.,.F.,
  .F.,(2,2),(-40.2,-13.8),.PIECEWISE_BEZIER_KNOTS.);
#1505 = CARTESIAN_POINT('',(24.2,3.934851621758));
#1506 = CARTESIAN_POINT('',(-2.2,3.934851621758));
#1507 = ( GEOMETRIC_REPRESENTATION_CONTEXT(2) 
PARAMETRIC_REPRESENTATION_CONTEXT() REPRESENTATION_CONTEXT('2D SPACE',''
  ) );
#1508 = PCURVE('',#784,#1509);
#1509 = DEFINITIONAL_REPRESENTATION('',(#1510),#1513);
#1510 = B_SPLINE_CURVE_WITH_KNOTS('',1,(#1511,#1512),.UNSPECIFIED.,.F.,
  .F.,(2,2),(-40.2,-13.8),.PIECEWISE_BEZIER_KNOTS.);
#1511 = CARTESIAN_POINT('',(-4.712641948306,-40.2));
#1512 = CARTESIAN_POINT('',(-4.712641948306,-13.8));
#1513 = ( GEOMETRIC_REPRESENTATION_CONTEXT(2) 
PARAMETRIC_REPRESENTATION_CONTEXT() REPRESENTATION_CONTEXT('2D SPACE',''
  ) );
#1514 = ORIENTED_EDGE('',*,*,#1401,.T.);
#1515 = ORIENTED_EDGE('',*,*,#417,.T.);
#1516 = ADVANCED_FACE('',(#1517),#460,.T.);
#1517 = FACE_BOUND('',#1518,.T.);
#1518 = EDGE_LOOP('',(#1519,#1520,#1546,#1547));
#1519 = ORIENTED_EDGE('',*,*,#1426,.F.);
#1520 = ORIENTED_EDGE('',*,*,#1521,.T.);
#1521 = EDGE_CURVE('',#1427,#1474,#1522,.T.);
#1522 = SURFACE_CURVE('',#1523,(#1528,#1539),.PCURVE_S1.);
#1523 = CIRCLE('',#1524,48.);
#1524 = AXIS2_PLACEMENT_3D('',#1525,#1526,#1527);
#1525 = CARTESIAN_POINT('',(0.,0.,16.));
#1526 = DIRECTION('',(0.,0.,-1.));
#1527 = DIRECTION('',(1.,0.,0.));
#1528 = PCURVE('',#460,#1529);
#1529 = DEFINITIONAL_REPRESENTATION('',(#1530),#1538);
#1530 = ( BOUNDED_CURVE() B_SPLINE_CURVE(2,(#1531,#1532,#1533,#1534,
#1535,#1536,#1537),.UNSPECIFIED.,.T.,.F.) B_SPLINE_CURVE_WITH_KNOTS((1,2
    ,2,2,2,1),(-2.094395102393,0.,2.094395102393,4.188790204786,
6.28318530718,8.377580409573),.UNSPECIFIED.) CURVE() 
GEOMETRIC_REPRESENTATION_ITEM() RATIONAL_B_SPLINE_CURVE((1.,0.5,1.,0.5,
1.,0.5,1.)) REPRESENTATION_ITEM('') );
#1531 = CARTESIAN_POINT('',(-41.48787410033,50.43421766822));
#1532 = CARTESIAN_POINT('',(41.536626322083,46.083087974996));
#1533 = CARTESIAN_POINT('',(-3.74381273862,-23.64267368072));
#1534 = CARTESIAN_POINT('',(-49.02425179932,-93.36843533643));
#1535 = CARTESIAN_POINT('',(-86.76831316104,-19.29154398749));
#1536 = CARTESIAN_POINT('',(-124.5123745227,54.785347361443));
#1537 = CARTESIAN_POINT('',(-41.48787410033,50.43421766822));
#1538 = ( GEOMETRIC_REPRESENTATION_CONTEXT(2) 
PARAMETRIC_REPRESENTATION_CONTEXT() REPRESENTATION_CONTEXT('2D SPACE',''
  ) );
#1539 = PCURVE('',#784,#1540);
#1540 = DEFINITIONAL_REPRESENTATION('',(#1541),#1545);
#1541 = LINE('',#1542,#1543);
#1542 = CARTESIAN_POINT('',(-6.28318530718,-16.));
#1543 = VECTOR('',#1544,1.);
#1544 = DIRECTION('',(1.,-0.));
#1545 = ( GEOMETRIC_REPRESENTATION_CONTEXT(2) 
PARAMETRIC_REPRESENTATION_CONTEXT() REPRESENTATION_CONTEXT('2D SPACE',''
  ) );
#1546 = ORIENTED_EDGE('',*,*,#1473,.T.);
#1547 = ORIENTED_EDGE('',*,*,#443,.F.);
#1548 = ADVANCED_FACE('',(#1549),#519,.F.);
#1549 = FACE_BOUND('',#1550,.F.);
#1550 = EDGE_LOOP('',(#1551,#1574,#1575,#1598));
#1551 = ORIENTED_EDGE('',*,*,#1552,.F.);
#1552 = EDGE_CURVE('',#503,#1553,#1555,.T.);
#1553 = VERTEX_POINT('',#1554);
#1554 = CARTESIAN_POINT('',(51.4,13.,65.));
#1555 = SURFACE_CURVE('',#1556,(#1560,#1567),.PCURVE_S1.);
#1556 = LINE('',#1557,#1558);
#1557 = CARTESIAN_POINT('',(51.4,-13.,65.));
#1558 = VECTOR('',#1559,1.);
#1559 = DIRECTION('',(0.,1.,0.));
#1560 = PCURVE('',#519,#1561);
#1561 = DEFINITIONAL_REPRESENTATION('',(#1562),#1566);
#1562 = LINE('',#1563,#1564);
#1563 = CARTESIAN_POINT('',(40.,0.));
#1564 = VECTOR('',#1565,1.);
#1565 = DIRECTION('',(0.,-1.));
#1566 = ( GEOMETRIC_REPRESENTATION_CONTEXT(2) 
PARAMETRIC_REPRESENTATION_CONTEXT() REPRESENTATION_CONTEXT('2D SPACE',''
  ) );
#1567 = PCURVE('',#547,#1568);
#1568 = DEFINITIONAL_REPRESENTATION('',(#1569),#1573);
#1569 = LINE('',#1570,#1571);
#1570 = CARTESIAN_POINT('',(0.,0.));
#1571 = VECTOR('',#1572,1.);
#1572 = DIRECTION('',(0.,1.));
#1573 = ( GEOMETRIC_REPRESENTATION_CONTEXT(2) 
PARAMETRIC_REPRESENTATION_CONTEXT() REPRESENTATION_CONTEXT('2D SPACE',''
  ) );
#1574 = ORIENTED_EDGE('',*,*,#502,.T.);
#1575 = ORIENTED_EDGE('',*,*,#1576,.T.);
#1576 = EDGE_CURVE('',#505,#1577,#1579,.T.);
#1577 = VERTEX_POINT('',#1578);
#1578 = CARTESIAN_POINT('',(51.4,13.,25.));
#1579 = SURFACE_CURVE('',#1580,(#1584,#1591),.PCURVE_S1.);
#1580 = LINE('',#1581,#1582);
#1581 = CARTESIAN_POINT('',(51.4,-13.,25.));
#1582 = VECTOR('',#1583,1.);
#1583 = DIRECTION('',(0.,1.,0.));
#1584 = PCURVE('',#519,#1585);
#1585 = DEFINITIONAL_REPRESENTATION('',(#1586),#1590);
#1586 = LINE('',#1587,#1588);
#1587 = CARTESIAN_POINT('',(0.,0.));
#1588 = VECTOR('',#1589,1.);
#1589 = DIRECTION('',(0.,-1.));
#1590 = ( GEOMETRIC_REPRESENTATION_CONTEXT(2) 
PARAMETRIC_REPRESENTATION_CONTEXT() REPRESENTATION_CONTEXT('2D SPACE',''
  ) );
#1591 = PCURVE('',#604,#1592);
#1592 = DEFINITIONAL_REPRESENTATION('',(#1593),#1597);
#1593 = LINE('',#1594,#1595);
#1594 = CARTESIAN_POINT('',(0.,0.));
#1595 = VECTOR('',#1596,1.);
#1596 = DIRECTION('',(0.,1.));
#1597 = ( GEOMETRIC_REPRESENTATION_CONTEXT(2) 
PARAMETRIC_REPRESENTATION_CONTEXT() REPRESENTATION_CONTEXT('2D SPACE',''
  ) );
#1598 = ORIENTED_EDGE('',*,*,#1599,.T.);
#1599 = EDGE_CURVE('',#1577,#1553,#1600,.T.);
#1600 = SURFACE_CURVE('',#1601,(#1605,#1612),.PCURVE_S1.);
#1601 = LINE('',#1602,#1603);
#1602 = CARTESIAN_POINT('',(51.4,13.,25.));
#1603 = VECTOR('',#1604,1.);
#1604 = DIRECTION('',(0.,0.,1.));
#1605 = PCURVE('',#519,#1606);
#1606 = DEFINITIONAL_REPRESENTATION('',(#1607),#1611);
#1607 = LINE('',#1608,#1609);
#1608 = CARTESIAN_POINT('',(0.,-26.));
#1609 = VECTOR('',#1610,1.);
#1610 = DIRECTION('',(1.,0.));
#1611 = ( GEOMETRIC_REPRESENTATION_CONTEXT(2) 
PARAMETRIC_REPRESENTATION_CONTEXT() REPRESENTATION_CONTEXT('2D SPACE',''
  ) );
#1612 = PCURVE('',#1613,#1618);
#1613 = PLANE('',#1614);
#1614 = AXIS2_PLACEMENT_3D('',#1615,#1616,#1617);
#1615 = CARTESIAN_POINT('',(51.4,13.,25.));
#1616 = DIRECTION('',(0.,1.,0.));
#1617 = DIRECTION('',(0.,0.,1.));
#1618 = DEFINITIONAL_REPRESENTATION('',(#1619),#1623);
#1619 = LINE('',#1620,#1621);
#1620 = CARTESIAN_POINT('',(0.,0.));
#1621 = VECTOR('',#1622,1.);
#1622 = DIRECTION('',(1.,0.));
#1623 = ( GEOMETRIC_REPRESENTATION_CONTEXT(2) 
PARAMETRIC_REPRESENTATION_CONTEXT() REPRESENTATION_CONTEXT('2D SPACE',''
  ) );
#1624 = ADVANCED_FACE('',(#1625),#604,.F.);
#1625 = FACE_BOUND('',#1626,.F.);
#1626 = EDGE_LOOP('',(#1627,#1650,#1678,#1706,#1727,#1728));
#1627 = ORIENTED_EDGE('',*,*,#1628,.F.);
#1628 = EDGE_CURVE('',#1629,#564,#1631,.T.);
#1629 = VERTEX_POINT('',#1630);
#1630 = CARTESIAN_POINT('',(51.4,-13.,25.));
#1631 = SURFACE_CURVE('',#1632,(#1636,#1643),.PCURVE_S1.);
#1632 = LINE('',#1633,#1634);
#1633 = CARTESIAN_POINT('',(51.4,-13.,25.));
#1634 = VECTOR('',#1635,1.);
#1635 = DIRECTION('',(0.,1.,0.));
#1636 = PCURVE('',#604,#1637);
#1637 = DEFINITIONAL_REPRESENTATION('',(#1638),#1642);
#1638 = LINE('',#1639,#1640);
#1639 = CARTESIAN_POINT('',(0.,0.));
#1640 = VECTOR('',#1641,1.);
#1641 = DIRECTION('',(0.,1.));
#1642 = ( GEOMETRIC_REPRESENTATION_CONTEXT(2) 
PARAMETRIC_REPRESENTATION_CONTEXT() REPRESENTATION_CONTEXT('2D SPACE',''
  ) );
#1643 = PCURVE('',#578,#1644);
#1644 = DEFINITIONAL_REPRESENTATION('',(#1645),#1649);
#1645 = LINE('',#1646,#1647);
#1646 = CARTESIAN_POINT('',(0.,0.));
#1647 = VECTOR('',#1648,1.);
#1648 = DIRECTION('',(0.,-1.));
#1649 = ( GEOMETRIC_REPRESENTATION_CONTEXT(2) 
PARAMETRIC_REPRESENTATION_CONTEXT() REPRESENTATION_CONTEXT('2D SPACE',''
  ) );
#1650 = ORIENTED_EDGE('',*,*,#1651,.T.);
#1651 = EDGE_CURVE('',#1629,#1652,#1654,.T.);
#1652 = VERTEX_POINT('',#1653);
#1653 = CARTESIAN_POINT('',(59.4,-13.,25.));
#1654 = SURFACE_CURVE('',#1655,(#1659,#1666),.PCURVE_S1.);
#1655 = LINE('',#1656,#1657);
#1656 = CARTESIAN_POINT('',(51.4,-13.,25.));
#1657 = VECTOR('',#1658,1.);
#1658 = DIRECTION('',(1.,0.,0.));
#1659 = PCURVE('',#604,#1660);
#1660 = DEFINITIONAL_REPRESENTATION('',(#1661),#1665);
#1661 = LINE('',#1662,#1663);
#1662 = CARTESIAN_POINT('',(0.,0.));
#1663 = VECTOR('',#1664,1.);
#1664 = DIRECTION('',(1.,0.));
#1665 = ( GEOMETRIC_REPRESENTATION_CONTEXT(2) 
PARAMETRIC_REPRESENTATION_CONTEXT() REPRESENTATION_CONTEXT('2D SPACE',''
  ) );
#1666 = PCURVE('',#1667,#1672);
#1667 = PLANE('',#1668);
#1668 = AXIS2_PLACEMENT_3D('',#1669,#1670,#1671);
#1669 = CARTESIAN_POINT('',(51.4,-13.,25.));
#1670 = DIRECTION('',(0.,1.,0.));
#1671 = DIRECTION('',(0.,0.,1.));
#1672 = DEFINITIONAL_REPRESENTATION('',(#1673),#1677);
#1673 = LINE('',#1674,#1675);
#1674 = CARTESIAN_POINT('',(0.,0.));
#1675 = VECTOR('',#1676,1.);
#1676 = DIRECTION('',(0.,1.));
#1677 = ( GEOMETRIC_REPRESENTATION_CONTEXT(2) 
PARAMETRIC_REPRESENTATION_CONTEXT() REPRESENTATION_CONTEXT('2D SPACE',''
  ) );
#1678 = ORIENTED_EDGE('',*,*,#1679,.T.);
#1679 = EDGE_CURVE('',#1652,#1680,#1682,.T.);
#1680 = VERTEX_POINT('',#1681);
#1681 = CARTESIAN_POINT('',(59.4,13.,25.));
#1682 = SURFACE_CURVE('',#1683,(#1687,#1694),.PCURVE_S1.);
#1683 = LINE('',#1684,#1685);
#1684 = CARTESIAN_POINT('',(59.4,-13.,25.));
#1685 = VECTOR('',#1686,1.);
#1686 = DIRECTION('',(0.,1.,0.));
#1687 = PCURVE('',#604,#1688);
#1688 = DEFINITIONAL_REPRESENTATION('',(#1689),#1693);
#1689 = LINE('',#1690,#1691);
#1690 = CARTESIAN_POINT('',(8.,0.));
#1691 = VECTOR('',#1692,1.);
#1692 = DIRECTION('',(0.,1.));
#1693 = ( GEOMETRIC_REPRESENTATION_CONTEXT(2) 
PARAMETRIC_REPRESENTATION_CONTEXT() REPRESENTATION_CONTEXT('2D SPACE',''
  ) );
#1694 = PCURVE('',#1695,#1700);
#1695 = PLANE('',#1696);
#1696 = AXIS2_PLACEMENT_3D('',#1697,#1698,#1699);
#1697 = CARTESIAN_POINT('',(59.4,-13.,25.));
#1698 = DIRECTION('',(1.,0.,0.));
#1699 = DIRECTION('',(0.,0.,1.));
#1700 = DEFINITIONAL_REPRESENTATION('',(#1701),#1705);
#1701 = LINE('',#1702,#1703);
#1702 = CARTESIAN_POINT('',(0.,0.));
#1703 = VECTOR('',#1704,1.);
#1704 = DIRECTION('',(0.,-1.));
#1705 = ( GEOMETRIC_REPRESENTATION_CONTEXT(2) 
PARAMETRIC_REPRESENTATION_CONTEXT() REPRESENTATION_CONTEXT('2D SPACE',''
  ) );
#1706 = ORIENTED_EDGE('',*,*,#1707,.F.);
#1707 = EDGE_CURVE('',#1577,#1680,#1708,.T.);
#1708 = SURFACE_CURVE('',#1709,(#1713,#1720),.PCURVE_S1.);
#1709 = LINE('',#1710,#1711);
#1710 = CARTESIAN_POINT('',(51.4,13.,25.));
#1711 = VECTOR('',#1712,1.);
#1712 = DIRECTION('',(1.,0.,0.));
#1713 = PCURVE('',#604,#1714);
#1714 = DEFINITIONAL_REPRESENTATION('',(#1715),#1719);
#1715 = LINE('',#1716,#1717);
#1716 = CARTESIAN_POINT('',(0.,26.));
#1717 = VECTOR('',#1718,1.);
#1718 = DIRECTION('',(1.,0.));
#1719 = ( GEOMETRIC_REPRESENTATION_CONTEXT(2) 
PARAMETRIC_REPRESENTATION_CONTEXT() REPRESENTATION_CONTEXT('2D SPACE',''
  ) );
#1720 = PCURVE('',#1613,#1721);
#1721 = DEFINITIONAL_REPRESENTATION('',(#1722),#1726);
#1722 = LINE('',#1723,#1724);
#1723 = CARTESIAN_POINT('',(0.,0.));
#1724 = VECTOR('',#1725,1.);
#1725 = DIRECTION('',(0.,1.));
#1726 = ( GEOMETRIC_REPRESENTATION_CONTEXT(2) 
PARAMETRIC_REPRESENTATION_CONTEXT() REPRESENTATION_CONTEXT('2D SPACE',''
  ) );
#1727 = ORIENTED_EDGE('',*,*,#1576,.F.);
#1728 = ORIENTED_EDGE('',*,*,#589,.T.);
#1729 = ADVANCED_FACE('',(#1730),#578,.F.);
#1730 = FACE_BOUND('',#1731,.F.);
#1731 = EDGE_LOOP('',(#1732,#1755,#1776,#1777));
#1732 = ORIENTED_EDGE('',*,*,#1733,.F.);
#1733 = EDGE_CURVE('',#1734,#531,#1736,.T.);
#1734 = VERTEX_POINT('',#1735);
#1735 = CARTESIAN_POINT('',(51.4,-13.,65.));
#1736 = SURFACE_CURVE('',#1737,(#1741,#1748),.PCURVE_S1.);
#1737 = LINE('',#1738,#1739);
#1738 = CARTESIAN_POINT('',(51.4,-13.,65.));
#1739 = VECTOR('',#1740,1.);
#1740 = DIRECTION('',(0.,1.,0.));
#1741 = PCURVE('',#578,#1742);
#1742 = DEFINITIONAL_REPRESENTATION('',(#1743),#1747);
#1743 = LINE('',#1744,#1745);
#1744 = CARTESIAN_POINT('',(40.,0.));
#1745 = VECTOR('',#1746,1.);
#1746 = DIRECTION('',(0.,-1.));
#1747 = ( GEOMETRIC_REPRESENTATION_CONTEXT(2) 
PARAMETRIC_REPRESENTATION_CONTEXT() REPRESENTATION_CONTEXT('2D SPACE',''
  ) );
#1748 = PCURVE('',#547,#1749);
#1749 = DEFINITIONAL_REPRESENTATION('',(#1750),#1754);
#1750 = LINE('',#1751,#1752);
#1751 = CARTESIAN_POINT('',(0.,0.));
#1752 = VECTOR('',#1753,1.);
#1753 = DIRECTION('',(0.,1.));
#1754 = ( GEOMETRIC_REPRESENTATION_CONTEXT(2) 
PARAMETRIC_REPRESENTATION_CONTEXT() REPRESENTATION_CONTEXT('2D SPACE',''
  ) );
#1755 = ORIENTED_EDGE('',*,*,#1756,.F.);
#1756 = EDGE_CURVE('',#1629,#1734,#1757,.T.);
#1757 = SURFACE_CURVE('',#1758,(#1762,#1769),.PCURVE_S1.);
#1758 = LINE('',#1759,#1760);
#1759 = CARTESIAN_POINT('',(51.4,-13.,25.));
#1760 = VECTOR('',#1761,1.);
#1761 = DIRECTION('',(0.,0.,1.));
#1762 = PCURVE('',#578,#1763);
#1763 = DEFINITIONAL_REPRESENTATION('',(#1764),#1768);
#1764 = LINE('',#1765,#1766);
#1765 = CARTESIAN_POINT('',(0.,0.));
#1766 = VECTOR('',#1767,1.);
#1767 = DIRECTION('',(1.,0.));
#1768 = ( GEOMETRIC_REPRESENTATION_CONTEXT(2) 
PARAMETRIC_REPRESENTATION_CONTEXT() REPRESENTATION_CONTEXT('2D SPACE',''
  ) );
#1769 = PCURVE('',#1667,#1770);
#1770 = DEFINITIONAL_REPRESENTATION('',(#1771),#1775);
#1771 = LINE('',#1772,#1773);
#1772 = CARTESIAN_POINT('',(0.,0.));
#1773 = VECTOR('',#1774,1.);
#1774 = DIRECTION('',(1.,0.));
#1775 = ( GEOMETRIC_REPRESENTATION_CONTEXT(2) 
PARAMETRIC_REPRESENTATION_CONTEXT() REPRESENTATION_CONTEXT('2D SPACE',''
  ) );
#1776 = ORIENTED_EDGE('',*,*,#1628,.T.);
#1777 = ORIENTED_EDGE('',*,*,#563,.F.);
#1778 = ADVANCED_FACE('',(#1779),#547,.T.);
#1779 = FACE_BOUND('',#1780,.T.);
#1780 = EDGE_LOOP('',(#1781,#1782,#1805,#1828,#1849,#1850));
#1781 = ORIENTED_EDGE('',*,*,#1733,.F.);
#1782 = ORIENTED_EDGE('',*,*,#1783,.T.);
#1783 = EDGE_CURVE('',#1734,#1784,#1786,.T.);
#1784 = VERTEX_POINT('',#1785);
#1785 = CARTESIAN_POINT('',(59.4,-13.,65.));
#1786 = SURFACE_CURVE('',#1787,(#1791,#1798),.PCURVE_S1.);
#1787 = LINE('',#1788,#1789);
#1788 = CARTESIAN_POINT('',(51.4,-13.,65.));
#1789 = VECTOR('',#1790,1.);
#1790 = DIRECTION('',(1.,0.,0.));
#1791 = PCURVE('',#547,#1792);
#1792 = DEFINITIONAL_REPRESENTATION('',(#1793),#1797);
#1793 = LINE('',#1794,#1795);
#1794 = CARTESIAN_POINT('',(0.,0.));
#1795 = VECTOR('',#1796,1.);
#1796 = DIRECTION('',(1.,0.));
#1797 = ( GEOMETRIC_REPRESENTATION_CONTEXT(2) 
PARAMETRIC_REPRESENTATION_CONTEXT() REPRESENTATION_CONTEXT('2D SPACE',''
  ) );
#1798 = PCURVE('',#1667,#1799);
#1799 = DEFINITIONAL_REPRESENTATION('',(#1800),#1804);
#1800 = LINE('',#1801,#1802);
#1801 = CARTESIAN_POINT('',(40.,0.));
#1802 = VECTOR('',#1803,1.);
#1803 = DIRECTION('',(0.,1.));
#1804 = ( GEOMETRIC_REPRESENTATION_CONTEXT(2) 
PARAMETRIC_REPRESENTATION_CONTEXT() REPRESENTATION_CONTEXT('2D SPACE',''
  ) );
#1805 = ORIENTED_EDGE('',*,*,#1806,.T.);
#1806 = EDGE_CURVE('',#1784,#1807,#1809,.T.);
#1807 = VERTEX_POINT('',#1808);
#1808 = CARTESIAN_POINT('',(59.4,13.,65.));
#1809 = SURFACE_CURVE('',#1810,(#1814,#1821),.PCURVE_S1.);
#1810 = LINE('',#1811,#1812);
#1811 = CARTESIAN_POINT('',(59.4,-13.,65.));
#1812 = VECTOR('',#1813,1.);
#1813 = DIRECTION('',(0.,1.,0.));
#1814 = PCURVE('',#547,#1815);
#1815 = DEFINITIONAL_REPRESENTATION('',(#1816),#1820);
#1816 = LINE('',#1817,#1818);
#1817 = CARTESIAN_POINT('',(8.,0.));
#1818 = VECTOR('',#1819,1.);
#1819 = DIRECTION('',(0.,1.));
#1820 = ( GEOMETRIC_REPRESENTATION_CONTEXT(2) 
PARAMETRIC_REPRESENTATION_CONTEXT() REPRESENTATION_CONTEXT('2D SPACE',''
  ) );
#1821 = PCURVE('',#1695,#1822);
#1822 = DEFINITIONAL_REPRESENTATION('',(#1823),#1827);
#1823 = LINE('',#1824,#1825);
#1824 = CARTESIAN_POINT('',(40.,0.));
#1825 = VECTOR('',#1826,1.);
#1826 = DIRECTION('',(0.,-1.));
#1827 = ( GEOMETRIC_REPRESENTATION_CONTEXT(2) 
PARAMETRIC_REPRESENTATION_CONTEXT() REPRESENTATION_CONTEXT('2D SPACE',''
  ) );
#1828 = ORIENTED_EDGE('',*,*,#1829,.F.);
#1829 = EDGE_CURVE('',#1553,#1807,#1830,.T.);
#1830 = SURFACE_CURVE('',#1831,(#1835,#1842),.PCURVE_S1.);
#1831 = LINE('',#1832,#1833);
#1832 = CARTESIAN_POINT('',(51.4,13.,65.));
#1833 = VECTOR('',#1834,1.);
#1834 = DIRECTION('',(1.,0.,0.));
#1835 = PCURVE('',#547,#1836);
#1836 = DEFINITIONAL_REPRESENTATION('',(#1837),#1841);
#1837 = LINE('',#1838,#1839);
#1838 = CARTESIAN_POINT('',(0.,26.));
#1839 = VECTOR('',#1840,1.);
#1840 = DIRECTION('',(1.,0.));
#1841 = ( GEOMETRIC_REPRESENTATION_CONTEXT(2) 
PARAMETRIC_REPRESENTATION_CONTEXT() REPRESENTATION_CONTEXT('2D SPACE',''
  ) );
#1842 = PCURVE('',#1613,#1843);
#1843 = DEFINITIONAL_REPRESENTATION('',(#1844),#1848);
#1844 = LINE('',#1845,#1846);
#1845 = CARTESIAN_POINT('',(40.,0.));
#1846 = VECTOR('',#1847,1.);
#1847 = DIRECTION('',(0.,1.));
#1848 = ( GEOMETRIC_REPRESENTATION_CONTEXT(2) 
PARAMETRIC_REPRESENTATION_CONTEXT() REPRESENTATION_CONTEXT('2D SPACE',''
  ) );
#1849 = ORIENTED_EDGE('',*,*,#1552,.F.);
#1850 = ORIENTED_EDGE('',*,*,#530,.T.);
#1851 = ADVANCED_FACE('',(#1852),#641,.F.);
#1852 = FACE_BOUND('',#1853,.F.);
#1853 = EDGE_LOOP('',(#1854,#1877,#1905,#1926));
#1854 = ORIENTED_EDGE('',*,*,#1855,.F.);
#1855 = EDGE_CURVE('',#1856,#623,#1858,.T.);
#1856 = VERTEX_POINT('',#1857);
#1857 = CARTESIAN_POINT('',(1.214246010193E-02,47.999998464174,38.));
#1858 = SURFACE_CURVE('',#1859,(#1863,#1870),.PCURVE_S1.);
#1859 = LINE('',#1860,#1861);
#1860 = CARTESIAN_POINT('',(-0.193791762197,44.070539419809,38.));
#1861 = VECTOR('',#1862,1.);
#1862 = DIRECTION('',(5.233595624294E-02,0.998629534755,0.));
#1863 = PCURVE('',#641,#1864);
#1864 = DEFINITIONAL_REPRESENTATION('',(#1865),#1869);
#1865 = LINE('',#1866,#1867);
#1866 = CARTESIAN_POINT('',(4.218847493576E-15,5.));
#1867 = VECTOR('',#1868,1.);
#1868 = DIRECTION('',(1.,0.));
#1869 = ( GEOMETRIC_REPRESENTATION_CONTEXT(2) 
PARAMETRIC_REPRESENTATION_CONTEXT() REPRESENTATION_CONTEXT('2D SPACE',''
  ) );
#1870 = PCURVE('',#729,#1871);
#1871 = DEFINITIONAL_REPRESENTATION('',(#1872),#1876);
#1872 = LINE('',#1873,#1874);
#1873 = CARTESIAN_POINT('',(22.,0.));
#1874 = VECTOR('',#1875,1.);
#1875 = DIRECTION('',(0.,1.));
#1876 = ( GEOMETRIC_REPRESENTATION_CONTEXT(2) 
PARAMETRIC_REPRESENTATION_CONTEXT() REPRESENTATION_CONTEXT('2D SPACE',''
  ) );
#1877 = ORIENTED_EDGE('',*,*,#1878,.T.);
#1878 = EDGE_CURVE('',#1856,#1879,#1881,.T.);
#1879 = VERTEX_POINT('',#1880);
#1880 = CARTESIAN_POINT('',(5.005290133875,47.738318682959,38.));
#1881 = SURFACE_CURVE('',#1882,(#1887,#1898),.PCURVE_S1.);
#1882 = CIRCLE('',#1883,48.);
#1883 = AXIS2_PLACEMENT_3D('',#1884,#1885,#1886);
#1884 = CARTESIAN_POINT('',(0.,0.,38.));
#1885 = DIRECTION('',(0.,0.,-1.));
#1886 = DIRECTION('',(1.,0.,0.));
#1887 = PCURVE('',#641,#1888);
#1888 = DEFINITIONAL_REPRESENTATION('',(#1889),#1897);
#1889 = ( BOUNDED_CURVE() B_SPLINE_CURVE(2,(#1890,#1891,#1892,#1893,
#1894,#1895,#1896),.UNSPECIFIED.,.T.,.F.) B_SPLINE_CURVE_WITH_KNOTS((1,2
    ,2,2,2,1),(-2.094395102393,0.,2.094395102393,4.188790204786,
6.28318530718,8.377580409573),.UNSPECIFIED.) CURVE() 
GEOMETRIC_REPRESENTATION_ITEM() RATIONAL_B_SPLINE_CURVE((1.,0.5,1.,0.5,
1.,0.5,1.)) REPRESENTATION_ITEM('') );
#1890 = CARTESIAN_POINT('',(-41.48787410033,-45.43421766822));
#1891 = CARTESIAN_POINT('',(-124.5123745227,-49.78534736144));
#1892 = CARTESIAN_POINT('',(-86.76831316104,24.291543987498));
#1893 = CARTESIAN_POINT('',(-49.02425179932,98.368435336439));
#1894 = CARTESIAN_POINT('',(-3.74381273862,28.642673680721));
#1895 = CARTESIAN_POINT('',(41.536626322083,-41.08308797499));
#1896 = CARTESIAN_POINT('',(-41.48787410033,-45.43421766822));
#1897 = ( GEOMETRIC_REPRESENTATION_CONTEXT(2) 
PARAMETRIC_REPRESENTATION_CONTEXT() REPRESENTATION_CONTEXT('2D SPACE',''
  ) );
#1898 = PCURVE('',#784,#1899);
#1899 = DEFINITIONAL_REPRESENTATION('',(#1900),#1904);
#1900 = LINE('',#1901,#1902);
#1901 = CARTESIAN_POINT('',(-12.56637061435,-38.));
#1902 = VECTOR('',#1903,1.);
#1903 = DIRECTION('',(1.,-0.));
#1904 = ( GEOMETRIC_REPRESENTATION_CONTEXT(2) 
PARAMETRIC_REPRESENTATION_CONTEXT() REPRESENTATION_CONTEXT('2D SPACE',''
  ) );
#1905 = ORIENTED_EDGE('',*,*,#1906,.T.);
#1906 = EDGE_CURVE('',#1879,#625,#1907,.T.);
#1907 = SURFACE_CURVE('',#1908,(#1912,#1919),.PCURVE_S1.);
#1908 = LINE('',#1909,#1910);
#1909 = CARTESIAN_POINT('',(4.799355911576,43.808859638594,38.));
#1910 = VECTOR('',#1911,1.);
#1911 = DIRECTION('',(5.233595624294E-02,0.998629534755,0.));
#1912 = PCURVE('',#641,#1913);
#1913 = DEFINITIONAL_REPRESENTATION('',(#1914),#1918);
#1914 = LINE('',#1915,#1916);
#1915 = CARTESIAN_POINT('',(0.,0.));
#1916 = VECTOR('',#1917,1.);
#1917 = DIRECTION('',(1.,0.));
#1918 = ( GEOMETRIC_REPRESENTATION_CONTEXT(2) 
PARAMETRIC_REPRESENTATION_CONTEXT() REPRESENTATION_CONTEXT('2D SPACE',''
  ) );
#1919 = PCURVE('',#672,#1920);
#1920 = DEFINITIONAL_REPRESENTATION('',(#1921),#1925);
#1921 = LINE('',#1922,#1923);
#1922 = CARTESIAN_POINT('',(22.,0.));
#1923 = VECTOR('',#1924,1.);
#1924 = DIRECTION('',(0.,1.));
#1925 = ( GEOMETRIC_REPRESENTATION_CONTEXT(2) 
PARAMETRIC_REPRESENTATION_CONTEXT() REPRESENTATION_CONTEXT('2D SPACE',''
  ) );
#1926 = ORIENTED_EDGE('',*,*,#622,.F.);
#1927 = ADVANCED_FACE('',(#1928),#729,.F.);
#1928 = FACE_BOUND('',#1929,.F.);
#1929 = EDGE_LOOP('',(#1930,#1953,#1972,#1973));
#1930 = ORIENTED_EDGE('',*,*,#1931,.F.);
#1931 = EDGE_CURVE('',#1932,#684,#1934,.T.);
#1932 = VERTEX_POINT('',#1933);
#1933 = CARTESIAN_POINT('',(1.214246010193E-02,47.999998464174,16.));
#1934 = SURFACE_CURVE('',#1935,(#1939,#1946),.PCURVE_S1.);
#1935 = LINE('',#1936,#1937);
#1936 = CARTESIAN_POINT('',(-0.193791762197,44.070539419809,16.));
#1937 = VECTOR('',#1938,1.);
#1938 = DIRECTION('',(5.233595624294E-02,0.998629534755,0.));
#1939 = PCURVE('',#729,#1940);
#1940 = DEFINITIONAL_REPRESENTATION('',(#1941),#1945);
#1941 = LINE('',#1942,#1943);
#1942 = CARTESIAN_POINT('',(0.,0.));
#1943 = VECTOR('',#1944,1.);
#1944 = DIRECTION('',(0.,1.));
#1945 = ( GEOMETRIC_REPRESENTATION_CONTEXT(2) 
PARAMETRIC_REPRESENTATION_CONTEXT() REPRESENTATION_CONTEXT('2D SPACE',''
  ) );
#1946 = PCURVE('',#700,#1947);
#1947 = DEFINITIONAL_REPRESENTATION('',(#1948),#1952);
#1948 = LINE('',#1949,#1950);
#1949 = CARTESIAN_POINT('',(4.218847493576E-15,5.));
#1950 = VECTOR('',#1951,1.);
#1951 = DIRECTION('',(1.,0.));
#1952 = ( GEOMETRIC_REPRESENTATION_CONTEXT(2) 
PARAMETRIC_REPRESENTATION_CONTEXT() REPRESENTATION_CONTEXT('2D SPACE',''
  ) );
#1953 = ORIENTED_EDGE('',*,*,#1954,.F.);
#1954 = EDGE_CURVE('',#1856,#1932,#1955,.T.);
#1955 = SURFACE_CURVE('',#1956,(#1960,#1966),.PCURVE_S1.);
#1956 = LINE('',#1957,#1958);
#1957 = CARTESIAN_POINT('',(1.214246010193E-02,47.999998464174,0.));
#1958 = VECTOR('',#1959,1.);
#1959 = DIRECTION('',(-0.,-0.,-1.));
#1960 = PCURVE('',#729,#1961);
#1961 = DEFINITIONAL_REPRESENTATION('',(#1962),#1965);
#1962 = B_SPLINE_CURVE_WITH_KNOTS('',1,(#1963,#1964),.UNSPECIFIED.,.F.,
  .F.,(2,2),(-40.2,-13.8),.PIECEWISE_BEZIER_KNOTS.);
#1963 = CARTESIAN_POINT('',(24.2,3.934851621758));
#1964 = CARTESIAN_POINT('',(-2.2,3.934851621758));
#1965 = ( GEOMETRIC_REPRESENTATION_CONTEXT(2) 
PARAMETRIC_REPRESENTATION_CONTEXT() REPRESENTATION_CONTEXT('2D SPACE',''
  ) );
#1966 = PCURVE('',#784,#1967);
#1967 = DEFINITIONAL_REPRESENTATION('',(#1968),#1971);
#1968 = B_SPLINE_CURVE_WITH_KNOTS('',1,(#1969,#1970),.UNSPECIFIED.,.F.,
  .F.,(2,2),(-40.2,-13.8),.PIECEWISE_BEZIER_KNOTS.);
#1969 = CARTESIAN_POINT('',(-7.853728666053,-40.2));
#1970 = CARTESIAN_POINT('',(-7.853728666053,-13.8));
#1971 = ( GEOMETRIC_REPRESENTATION_CONTEXT(2) 
PARAMETRIC_REPRESENTATION_CONTEXT() REPRESENTATION_CONTEXT('2D SPACE',''
  ) );
#1972 = ORIENTED_EDGE('',*,*,#1855,.T.);
#1973 = ORIENTED_EDGE('',*,*,#716,.T.);
#1974 = ADVANCED_FACE('',(#1975),#672,.T.);
#1975 = FACE_BOUND('',#1976,.T.);
#1976 = EDGE_LOOP('',(#1977,#2000,#2019,#2020));
#1977 = ORIENTED_EDGE('',*,*,#1978,.F.);
#1978 = EDGE_CURVE('',#1979,#658,#1981,.T.);
#1979 = VERTEX_POINT('',#1980);
#1980 = CARTESIAN_POINT('',(5.005290133875,47.738318682959,16.));
#1981 = SURFACE_CURVE('',#1982,(#1986,#1993),.PCURVE_S1.);
#1982 = LINE('',#1983,#1984);
#1983 = CARTESIAN_POINT('',(4.799355911576,43.808859638594,16.));
#1984 = VECTOR('',#1985,1.);
#1985 = DIRECTION('',(5.233595624294E-02,0.998629534755,0.));
#1986 = PCURVE('',#672,#1987);
#1987 = DEFINITIONAL_REPRESENTATION('',(#1988),#1992);
#1988 = LINE('',#1989,#1990);
#1989 = CARTESIAN_POINT('',(0.,0.));
#1990 = VECTOR('',#1991,1.);
#1991 = DIRECTION('',(0.,1.));
#1992 = ( GEOMETRIC_REPRESENTATION_CONTEXT(2) 
PARAMETRIC_REPRESENTATION_CONTEXT() REPRESENTATION_CONTEXT('2D SPACE',''
  ) );
#1993 = PCURVE('',#700,#1994);
#1994 = DEFINITIONAL_REPRESENTATION('',(#1995),#1999);
#1995 = LINE('',#1996,#1997);
#1996 = CARTESIAN_POINT('',(0.,0.));
#1997 = VECTOR('',#1998,1.);
#1998 = DIRECTION('',(1.,0.));
#1999 = ( GEOMETRIC_REPRESENTATION_CONTEXT(2) 
PARAMETRIC_REPRESENTATION_CONTEXT() REPRESENTATION_CONTEXT('2D SPACE',''
  ) );
#2000 = ORIENTED_EDGE('',*,*,#2001,.F.);
#2001 = EDGE_CURVE('',#1879,#1979,#2002,.T.);
#2002 = SURFACE_CURVE('',#2003,(#2007,#2013),.PCURVE_S1.);
#2003 = LINE('',#2004,#2005);
#2004 = CARTESIAN_POINT('',(5.005290133875,47.738318682959,0.));
#2005 = VECTOR('',#2006,1.);
#2006 = DIRECTION('',(-0.,-0.,-1.));
#2007 = PCURVE('',#672,#2008);
#2008 = DEFINITIONAL_REPRESENTATION('',(#2009),#2012);
#2009 = B_SPLINE_CURVE_WITH_KNOTS('',1,(#2010,#2011),.UNSPECIFIED.,.F.,
  .F.,(2,2),(-40.2,-13.8),.PIECEWISE_BEZIER_KNOTS.);
#2010 = CARTESIAN_POINT('',(24.2,3.934851621758));
#2011 = CARTESIAN_POINT('',(-2.2,3.934851621758));
#2012 = ( GEOMETRIC_REPRESENTATION_CONTEXT(2) 
PARAMETRIC_REPRESENTATION_CONTEXT() REPRESENTATION_CONTEXT('2D SPACE',''
  ) );
#2013 = PCURVE('',#784,#2014);
#2014 = DEFINITIONAL_REPRESENTATION('',(#2015),#2018);
#2015 = B_SPLINE_CURVE_WITH_KNOTS('',1,(#2016,#2017),.UNSPECIFIED.,.F.,
  .F.,(2,2),(-40.2,-13.8),.PIECEWISE_BEZIER_KNOTS.);
#2016 = CARTESIAN_POINT('',(-7.749514846776,-40.2));
#2017 = CARTESIAN_POINT('',(-7.749514846776,-13.8));
#2018 = ( GEOMETRIC_REPRESENTATION_CONTEXT(2) 
PARAMETRIC_REPRESENTATION_CONTEXT() REPRESENTATION_CONTEXT('2D SPACE',''
  ) );
#2019 = ORIENTED_EDGE('',*,*,#1906,.T.);
#2020 = ORIENTED_EDGE('',*,*,#657,.T.);
#2021 = ADVANCED_FACE('',(#2022),#700,.T.);
#2022 = FACE_BOUND('',#2023,.T.);
#2023 = EDGE_LOOP('',(#2024,#2025,#2051,#2052));
#2024 = ORIENTED_EDGE('',*,*,#1931,.F.);
#2025 = ORIENTED_EDGE('',*,*,#2026,.T.);
#2026 = EDGE_CURVE('',#1932,#1979,#2027,.T.);
#2027 = SURFACE_CURVE('',#2028,(#2033,#2044),.PCURVE_S1.);
#2028 = CIRCLE('',#2029,48.);
#2029 = AXIS2_PLACEMENT_3D('',#2030,#2031,#2032);
#2030 = CARTESIAN_POINT('',(0.,0.,16.));
#2031 = DIRECTION('',(0.,0.,-1.));
#2032 = DIRECTION('',(1.,0.,0.));
#2033 = PCURVE('',#700,#2034);
#2034 = DEFINITIONAL_REPRESENTATION('',(#2035),#2043);
#2035 = ( BOUNDED_CURVE() B_SPLINE_CURVE(2,(#2036,#2037,#2038,#2039,
#2040,#2041,#2042),.UNSPECIFIED.,.T.,.F.) B_SPLINE_CURVE_WITH_KNOTS((1,2
    ,2,2,2,1),(-2.094395102393,0.,2.094395102393,4.188790204786,
6.28318530718,8.377580409573),.UNSPECIFIED.) CURVE() 
GEOMETRIC_REPRESENTATION_ITEM() RATIONAL_B_SPLINE_CURVE((1.,0.5,1.,0.5,
1.,0.5,1.)) REPRESENTATION_ITEM('') );
#2036 = CARTESIAN_POINT('',(-41.48787410033,-45.43421766822));
#2037 = CARTESIAN_POINT('',(-124.5123745227,-49.78534736144));
#2038 = CARTESIAN_POINT('',(-86.76831316104,24.291543987498));
#2039 = CARTESIAN_POINT('',(-49.02425179932,98.368435336439));
#2040 = CARTESIAN_POINT('',(-3.74381273862,28.642673680721));
#2041 = CARTESIAN_POINT('',(41.536626322083,-41.08308797499));
#2042 = CARTESIAN_POINT('',(-41.48787410033,-45.43421766822));
#2043 = ( GEOMETRIC_REPRESENTATION_CONTEXT(2) 
PARAMETRIC_REPRESENTATION_CONTEXT() REPRESENTATION_CONTEXT('2D SPACE',''
  ) );
#2044 = PCURVE('',#784,#2045);
#2045 = DEFINITIONAL_REPRESENTATION('',(#2046),#2050);
#2046 = LINE('',#2047,#2048);
#2047 = CARTESIAN_POINT('',(-12.56637061435,-16.));
#2048 = VECTOR('',#2049,1.);
#2049 = DIRECTION('',(1.,-0.));
#2050 = ( GEOMETRIC_REPRESENTATION_CONTEXT(2) 
PARAMETRIC_REPRESENTATION_CONTEXT() REPRESENTATION_CONTEXT('2D SPACE',''
  ) );
#2051 = ORIENTED_EDGE('',*,*,#1978,.T.);
#2052 = ORIENTED_EDGE('',*,*,#683,.F.);
#2053 = ADVANCED_FACE('',(#2054,#2060,#2066,#2275,#2281,#2490,#2496),
  #784,.F.);
#2054 = FACE_BOUND('',#2055,.T.);
#2055 = EDGE_LOOP('',(#2056,#2057,#2058,#2059));
#2056 = ORIENTED_EDGE('',*,*,#917,.F.);
#2057 = ORIENTED_EDGE('',*,*,#892,.T.);
#2058 = ORIENTED_EDGE('',*,*,#767,.F.);
#2059 = ORIENTED_EDGE('',*,*,#821,.F.);
#2060 = FACE_BOUND('',#2061,.T.);
#2061 = EDGE_LOOP('',(#2062,#2063,#2064,#2065));
#2062 = ORIENTED_EDGE('',*,*,#969,.T.);
#2063 = ORIENTED_EDGE('',*,*,#1092,.T.);
#2064 = ORIENTED_EDGE('',*,*,#1117,.F.);
#2065 = ORIENTED_EDGE('',*,*,#1045,.F.);
#2066 = FACE_BOUND('',#2067,.T.);
#2067 = EDGE_LOOP('',(#2068));
#2068 = ORIENTED_EDGE('',*,*,#2069,.T.);
#2069 = EDGE_CURVE('',#2070,#2070,#2072,.T.);
#2070 = VERTEX_POINT('',#2071);
#2071 = CARTESIAN_POINT('',(48.,0.,53.9));
#2072 = SURFACE_CURVE('',#2073,(#2124,#2197),.PCURVE_S1.);
#2073 = B_SPLINE_CURVE_WITH_KNOTS('',7,(#2074,#2075,#2076,#2077,#2078,
    #2079,#2080,#2081,#2082,#2083,#2084,#2085,#2086,#2087,#2088,#2089,
    #2090,#2091,#2092,#2093,#2094,#2095,#2096,#2097,#2098,#2099,#2100,
    #2101,#2102,#2103,#2104,#2105,#2106,#2107,#2108,#2109,#2110,#2111,
    #2112,#2113,#2114,#2115,#2116,#2117,#2118,#2119,#2120,#2121,#2122,
    #2123),.UNSPECIFIED.,.T.,.F.,(8,6,6,6,6,6,6,6,8),(0.,0.255411023222,
    0.500012047469,0.744624111666,1.,1.255434068786,1.500048918935,
    1.744663229599,1.999979540653),.UNSPECIFIED.);
#2074 = CARTESIAN_POINT('',(48.,-6.135480463728E-15,53.9));
#2075 = CARTESIAN_POINT('',(48.,0.290666107815,53.9));
#2076 = CARTESIAN_POINT('',(47.997946497237,0.572916384322,
    53.946936570488));
#2077 = CARTESIAN_POINT('',(47.994053578328,0.838095009683,
    54.035921211447));
#2078 = CARTESIAN_POINT('',(47.988892107987,1.079173032191,
    54.160482739837));
#2079 = CARTESIAN_POINT('',(47.983223493119,1.290955100962,
    54.312650884421));
#2080 = CARTESIAN_POINT('',(47.977694480286,1.470582216644,
    54.483118076766));
#2081 = CARTESIAN_POINT('',(47.967955243181,1.759330809445,
    54.832155166935));
#2082 = CARTESIAN_POINT('',(47.9635733973,1.874840903748,55.014581583773
    ));
#2083 = CARTESIAN_POINT('',(47.959854862356,1.965727808868,
    55.204896344952));
#2084 = CARTESIAN_POINT('',(47.956971777804,2.033064004195,
    55.400425471866));
#2085 = CARTESIAN_POINT('',(47.955018263583,2.077672323818,
    55.599172418498));
#2086 = CARTESIAN_POINT('',(47.954040497126,2.1,55.799524567343));
#2087 = CARTESIAN_POINT('',(47.954040497126,2.1,56.20048448102));
#2088 = CARTESIAN_POINT('',(47.955018349772,2.077670340674,
    56.400834374137));
#2089 = CARTESIAN_POINT('',(47.956971849262,2.033062412439,
    56.599576128917));
#2090 = CARTESIAN_POINT('',(47.959854835162,1.965728117907,
    56.795102253262));
#2091 = CARTESIAN_POINT('',(47.963573368896,1.874841880601,
    56.985417570614));
#2092 = CARTESIAN_POINT('',(47.967955263744,1.759330199773,
    57.16784557003));
#2093 = CARTESIAN_POINT('',(47.977693549962,1.47060979888,
    57.516848582037));
#2094 = CARTESIAN_POINT('',(47.98322267604,1.290985259589,
    57.687330166312));
#2095 = CARTESIAN_POINT('',(47.9888922813,1.079177957137,57.839527131175
    ));
#2096 = CARTESIAN_POINT('',(47.994054775327,0.838058284937,
    57.964106209573));
#2097 = CARTESIAN_POINT('',(47.997947433751,0.572845135541,
    58.053084816227));
#2098 = CARTESIAN_POINT('',(48.,0.290599906797,58.1));
#2099 = CARTESIAN_POINT('',(48.,-0.290666112084,58.1));
#2100 = CARTESIAN_POINT('',(47.997946497218,-0.572916373857,
    58.053063428625));
#2101 = CARTESIAN_POINT('',(47.994053578452,-0.83809501842,
    57.96407879303));
#2102 = CARTESIAN_POINT('',(47.988892107743,-1.079173032484,
    57.839517251806));
#2103 = CARTESIAN_POINT('',(47.983223493328,-1.290955096413,
    57.687349122787));
#2104 = CARTESIAN_POINT('',(47.977694480214,-1.470582218778,
    57.516881920654));
#2105 = CARTESIAN_POINT('',(47.967955403817,-1.759326046895,
    57.167850589998));
#2106 = CARTESIAN_POINT('',(47.963573391319,-1.874842052542,
    56.985419889678));
#2107 = CARTESIAN_POINT('',(47.959854719415,-1.965730738103,
    56.795098571808));
#2108 = CARTESIAN_POINT('',(47.956971776932,-2.033064058874,
    56.599569747554));
#2109 = CARTESIAN_POINT('',(47.955018355091,-2.077670224235,
    56.400830500701));
#2110 = CARTESIAN_POINT('',(47.954040497126,-2.1,56.20048492318));
#2111 = CARTESIAN_POINT('',(47.954040497126,-2.1,55.79951551898));
#2112 = CARTESIAN_POINT('',(47.955018349772,-2.077670340674,
    55.599165625862));
#2113 = CARTESIAN_POINT('',(47.956971849262,-2.033062412439,
    55.400423871084));
#2114 = CARTESIAN_POINT('',(47.959854835162,-1.965728117906,
    55.204897746737));
#2115 = CARTESIAN_POINT('',(47.963573368896,-1.874841880601,
    55.014582429387));
#2116 = CARTESIAN_POINT('',(47.967955263744,-1.759330199773,
    54.832154429969));
#2117 = CARTESIAN_POINT('',(47.977692343904,-1.470645556049,
    54.483194640954));
#2118 = CARTESIAN_POINT('',(47.983221887097,-1.291016204786,
    54.312684611758));
#2119 = CARTESIAN_POINT('',(47.988892941962,-1.07916887333,
    54.160450400147));
#2120 = CARTESIAN_POINT('',(47.994056419717,-0.837997752651,
    54.035856390825));
#2121 = CARTESIAN_POINT('',(47.997948511434,-0.5727532015,
    53.946890509177));
#2122 = CARTESIAN_POINT('',(48.,-0.290523445142,53.9));
#2123 = CARTESIAN_POINT('',(48.,-6.217248937901E-15,53.9));
#2124 = PCURVE('',#784,#2125);
#2125 = DEFINITIONAL_REPRESENTATION('',(#2126),#2196);
#2126 = B_SPLINE_CURVE_WITH_KNOTS('',3,(#2127,#2128,#2129,#2130,#2131,
    #2132,#2133,#2134,#2135,#2136,#2137,#2138,#2139,#2140,#2141,#2142,
    #2143,#2144,#2145,#2146,#2147,#2148,#2149,#2150,#2151,#2152,#2153,
    #2154,#2155,#2156,#2157,#2158,#2159,#2160,#2161,#2162,#2163,#2164,
    #2165,#2166,#2167,#2168,#2169,#2170,#2171,#2172,#2173,#2174,#2175,
    #2176,#2177,#2178,#2179,#2180,#2181,#2182,#2183,#2184,#2185,#2186,
    #2187,#2188,#2189,#2190,#2191,#2192,#2193,#2194,#2195),
  .UNSPECIFIED.,.T.,.F.,(4,1,1,1,1,1,1,1,1,1,1,1,1,1,1,1,1,1,1,1,1,1,1,1
    ,1,1,1,1,1,1,1,1,1,1,1,1,1,1,1,1,1,1,1,1,1,1,1,1,1,1,1,1,1,1,1,1,1,1
    ,1,1,1,1,1,1,1,1,4),(0.,3.030272031292E-02,6.060544062583E-02,
    9.090816093875E-02,0.121210881252,0.151513601565,0.181816321878,
    0.21211904219,0.242421762503,0.272724482816,0.303027203129,
    0.333329923442,0.363632643755,0.393935364068,0.424238084381,
    0.454540804694,0.484843525007,0.51514624532,0.545448965633,
    0.575751685945,0.606054406258,0.636357126571,0.666659846884,
    0.696962567197,0.72726528751,0.757568007823,0.787870728136,
    0.818173448449,0.848476168762,0.878778889075,0.909081609388,
    0.9393843297,0.969687050013,0.999989770326,1.030292490639,
    1.060595210952,1.090897931265,1.121200651578,1.151503371891,
    1.181806092204,1.212108812517,1.24241153283,1.272714253143,
    1.303016973455,1.333319693768,1.363622414081,1.393925134394,
    1.424227854707,1.45453057502,1.484833295333,1.515136015646,
    1.545438735959,1.575741456272,1.606044176585,1.636346896898,
    1.66664961721,1.696952337523,1.727255057836,1.757557778149,
    1.787860498462,1.818163218775,1.848465939088,1.878768659401,
    1.909071379714,1.939374100027,1.96967682034,1.999979540653),
  .QUASI_UNIFORM_KNOTS.);
#2127 = CARTESIAN_POINT('',(-6.28318530718,-53.9));
#2128 = CARTESIAN_POINT('',(-6.284862183864,-53.8999786161));
#2129 = CARTESIAN_POINT('',(-6.288179500014,-53.90926681362));
#2130 = CARTESIAN_POINT('',(-6.29299245839,-53.94906467298));
#2131 = CARTESIAN_POINT('',(-6.297586263234,-54.01269975547));
#2132 = CARTESIAN_POINT('',(-6.301913294077,-54.09779724596));
#2133 = CARTESIAN_POINT('',(-6.305932027101,-54.2017612949));
#2134 = CARTESIAN_POINT('',(-6.309608405114,-54.32176259511));
#2135 = CARTESIAN_POINT('',(-6.312915808042,-54.45471100455));
#2136 = CARTESIAN_POINT('',(-6.315837165256,-54.59742964994));
#2137 = CARTESIAN_POINT('',(-6.318360175292,-54.74604116303));
#2138 = CARTESIAN_POINT('',(-6.320548637817,-54.90156377367));
#2139 = CARTESIAN_POINT('',(-6.322403995706,-55.06241369171));
#2140 = CARTESIAN_POINT('',(-6.323936481863,-55.2275479945));
#2141 = CARTESIAN_POINT('',(-6.325152904142,-55.39597156253));
#2142 = CARTESIAN_POINT('',(-6.326059616894,-55.56683595941));
#2143 = CARTESIAN_POINT('',(-6.326661434695,-55.73938474626));
#2144 = CARTESIAN_POINT('',(-6.326961692074,-55.91293205963));
#2145 = CARTESIAN_POINT('',(-6.326961859834,-56.08687119343));
#2146 = CARTESIAN_POINT('',(-6.326661955789,-56.26041316904));
#2147 = CARTESIAN_POINT('',(-6.326060529203,-56.43295464149));
#2148 = CARTESIAN_POINT('',(-6.325154251045,-56.60381177898));
#2149 = CARTESIAN_POINT('',(-6.323938304885,-56.77222965707));
#2150 = CARTESIAN_POINT('',(-6.322406328155,-56.93736082746));
#2151 = CARTESIAN_POINT('',(-6.320551519229,-57.09820997394));
#2152 = CARTESIAN_POINT('',(-6.3183636141,-57.25373573358));
#2153 = CARTESIAN_POINT('',(-6.315841320575,-57.40234704352));
#2154 = CARTESIAN_POINT('',(-6.312920297694,-57.54509105703));
#2155 = CARTESIAN_POINT('',(-6.309612789158,-57.6780797129));
#2156 = CARTESIAN_POINT('',(-6.305935998491,-57.79812564029));
#2157 = CARTESIAN_POINT('',(-6.301916463053,-57.90213045498));
#2158 = CARTESIAN_POINT('',(-6.297589104304,-57.98726098025));
#2159 = CARTESIAN_POINT('',(-6.292992974619,-58.05091375221));
#2160 = CARTESIAN_POINT('',(-6.288185804106,-58.09073545579));
#2161 = CARTESIAN_POINT('',(-6.283186969401,-58.10462764106));
#2162 = CARTESIAN_POINT('',(-6.278188346904,-58.09075397046));
#2163 = CARTESIAN_POINT('',(-6.273381908324,-58.0509589269));
#2164 = CARTESIAN_POINT('',(-6.268786727007,-57.98734578988));
#2165 = CARTESIAN_POINT('',(-6.264460342198,-57.9022683288));
#2166 = CARTESIAN_POINT('',(-6.260441611085,-57.79832697837));
#2167 = CARTESIAN_POINT('',(-6.25676529903,-57.67834859458));
#2168 = CARTESIAN_POINT('',(-6.253457838244,-57.54542290517));
#2169 = CARTESIAN_POINT('',(-6.250536340423,-57.40272480466));
#2170 = CARTESIAN_POINT('',(-6.248013150048,-57.25413348466));
#2171 = CARTESIAN_POINT('',(-6.245824406554,-57.09862626041));
#2172 = CARTESIAN_POINT('',(-6.243968727869,-56.93778908329));
#2173 = CARTESIAN_POINT('',(-6.242435911415,-56.77266746673));
#2174 = CARTESIAN_POINT('',(-6.241219150233,-56.60425773261));
#2175 = CARTESIAN_POINT('',(-6.240312076577,-56.43340829248));
#2176 = CARTESIAN_POINT('',(-6.239709860194,-56.26087384539));
#2177 = CARTESIAN_POINT('',(-6.239409158584,-56.08733765988));
#2178 = CARTESIAN_POINT('',(-6.23940852165,-55.91339975509));
#2179 = CARTESIAN_POINT('',(-6.239707954,-55.739858368));
#2180 = CARTESIAN_POINT('',(-6.24030889843,-55.56731637033));
#2181 = CARTESIAN_POINT('',(-6.241214682809,-55.39645756514));
#2182 = CARTESIAN_POINT('',(-6.242430119911,-55.22803673205));
#2183 = CARTESIAN_POINT('',(-6.24396157345,-55.0629009765));
#2184 = CARTESIAN_POINT('',(-6.245815831241,-54.90204594249));
#2185 = CARTESIAN_POINT('',(-6.248003200487,-54.74651057621));
#2186 = CARTESIAN_POINT('',(-6.250524805731,-54.59789354604));
#2187 = CARTESIAN_POINT('',(-6.253445780085,-54.45510804996));
#2188 = CARTESIAN_POINT('',(-6.256753827669,-54.32206228518));
#2189 = CARTESIAN_POINT('',(-6.26043164279,-54.20195876079));
#2190 = CARTESIAN_POINT('',(-6.264452321223,-54.09790583703));
#2191 = CARTESIAN_POINT('',(-6.268781447,-54.01274412802));
#2192 = CARTESIAN_POINT('',(-6.273377099101,-53.94907326483));
#2193 = CARTESIAN_POINT('',(-6.278191238687,-53.90926514416));
#2194 = CARTESIAN_POINT('',(-6.281508634573,-53.89997793942));
#2195 = CARTESIAN_POINT('',(-6.28318530718,-53.9));
#2196 = ( GEOMETRIC_REPRESENTATION_CONTEXT(2) 
PARAMETRIC_REPRESENTATION_CONTEXT() REPRESENTATION_CONTEXT('2D SPACE',''
  ) );
#2197 = PCURVE('',#2198,#2203);
#2198 = CYLINDRICAL_SURFACE('',#2199,2.1);
#2199 = AXIS2_PLACEMENT_3D('',#2200,#2201,#2202);
#2200 = CARTESIAN_POINT('',(40.,0.,56.));
#2201 = DIRECTION('',(-1.,-0.,-1.110223024625E-16));
#2202 = DIRECTION('',(1.110223024625E-16,0.,-1.));
#2203 = DEFINITIONAL_REPRESENTATION('',(#2204),#2274);
#2204 = B_SPLINE_CURVE_WITH_KNOTS('',3,(#2205,#2206,#2207,#2208,#2209,
    #2210,#2211,#2212,#2213,#2214,#2215,#2216,#2217,#2218,#2219,#2220,
    #2221,#2222,#2223,#2224,#2225,#2226,#2227,#2228,#2229,#2230,#2231,
    #2232,#2233,#2234,#2235,#2236,#2237,#2238,#2239,#2240,#2241,#2242,
    #2243,#2244,#2245,#2246,#2247,#2248,#2249,#2250,#2251,#2252,#2253,
    #2254,#2255,#2256,#2257,#2258,#2259,#2260,#2261,#2262,#2263,#2264,
    #2265,#2266,#2267,#2268,#2269,#2270,#2271,#2272,#2273),
  .UNSPECIFIED.,.F.,.F.,(4,1,1,1,1,1,1,1,1,1,1,1,1,1,1,1,1,1,1,1,1,1,1,1
    ,1,1,1,1,1,1,1,1,1,1,1,1,1,1,1,1,1,1,1,1,1,1,1,1,1,1,1,1,1,1,1,1,1,1
    ,1,1,1,1,1,1,1,1,4),(0.,3.030272031292E-02,6.060544062583E-02,
    9.090816093875E-02,0.121210881252,0.151513601565,0.181816321878,
    0.21211904219,0.242421762503,0.272724482816,0.303027203129,
    0.333329923442,0.363632643755,0.393935364068,0.424238084381,
    0.454540804694,0.484843525007,0.51514624532,0.545448965633,
    0.575751685945,0.606054406258,0.636357126571,0.666659846884,
    0.696962567197,0.72726528751,0.757568007823,0.787870728136,
    0.818173448449,0.848476168762,0.878778889075,0.909081609388,
    0.9393843297,0.969687050013,0.999989770326,1.030292490639,
    1.060595210952,1.090897931265,1.121200651578,1.151503371891,
    1.181806092204,1.212108812517,1.24241153283,1.272714253143,
    1.303016973455,1.333319693768,1.363622414081,1.393925134394,
    1.424227854707,1.45453057502,1.484833295333,1.515136015646,
    1.545438735959,1.575741456272,1.606044176585,1.636346896898,
    1.66664961721,1.696952337523,1.727255057836,1.757557778149,
    1.787860498462,1.818163218775,1.848465939088,1.878768659401,
    1.909071379714,1.939374100027,1.96967682034,1.999979540653),
  .QUASI_UNIFORM_KNOTS.);
#2205 = CARTESIAN_POINT('',(2.6645352591E-15,-8.));
#2206 = CARTESIAN_POINT('',(-3.831252388329E-02,-8.000003847421));
#2207 = CARTESIAN_POINT('',(-0.114165645266,-7.999591950975));
#2208 = CARTESIAN_POINT('',(-0.225612351115,-7.997869736777));
#2209 = CARTESIAN_POINT('',(-0.334730939925,-7.995182233495));
#2210 = CARTESIAN_POINT('',(-0.441449073985,-7.991722155178));
#2211 = CARTESIAN_POINT('',(-0.545638495537,-7.987701169517));
#2212 = CARTESIAN_POINT('',(-0.6471072086,-7.983342166275));
#2213 = CARTESIAN_POINT('',(-0.745569487016,-7.978865453301));
#2214 = CARTESIAN_POINT('',(-0.840715914775,-7.974473645486));
#2215 = CARTESIAN_POINT('',(-0.931888163455,-7.970352474151));
#2216 = CARTESIAN_POINT('',(-1.021151069445,-7.966532035149));
#2217 = CARTESIAN_POINT('',(-1.10860335898,-7.963112930236));
#2218 = CARTESIAN_POINT('',(-1.19459697632,-7.96016466971));
#2219 = CARTESIAN_POINT('',(-1.279397318607,-7.957744363762));
#2220 = CARTESIAN_POINT('',(-1.363280981952,-7.955894219482));
#2221 = CARTESIAN_POINT('',(-1.446516405594,-7.954644478642));
#2222 = CARTESIAN_POINT('',(-1.529370811716,-7.954014479496));
#2223 = CARTESIAN_POINT('',(-1.612128180474,-7.954014126265));
#2224 = CARTESIAN_POINT('',(-1.694979394813,-7.954643388829));
#2225 = CARTESIAN_POINT('',(-1.778209922604,-7.955892337663));
#2226 = CARTESIAN_POINT('',(-1.86208780434,-7.957741643565));
#2227 = CARTESIAN_POINT('',(-1.946882042807,-7.960161093981));
#2228 = CARTESIAN_POINT('',(-2.032869585521,-7.963108525697));
#2229 = CARTESIAN_POINT('',(-2.120315494036,-7.966526851703));
#2230 = CARTESIAN_POINT('',(-2.209572544573,-7.970346643712));
#2231 = CARTESIAN_POINT('',(-2.300734405014,-7.974467106899));
#2232 = CARTESIAN_POINT('',(-2.395884079358,-7.978859044499));
#2233 = CARTESIAN_POINT('',(-2.494360488719,-7.983336610635));
#2234 = CARTESIAN_POINT('',(-2.595848776584,-7.987696905835));
#2235 = CARTESIAN_POINT('',(-2.700063630439,-7.991719238505));
#2236 = CARTESIAN_POINT('',(-2.806794387921,-7.995180692811));
#2237 = CARTESIAN_POINT('',(-2.915965437125,-7.997868444721));
#2238 = CARTESIAN_POINT('',(-3.027290936692,-7.999593401855));
#2239 = CARTESIAN_POINT('',(-3.141554737572,-8.000203096424));
#2240 = CARTESIAN_POINT('',(-3.255813222292,-7.999594212032));
#2241 = CARTESIAN_POINT('',(-3.367120161887,-7.997870386472));
#2242 = CARTESIAN_POINT('',(-3.476265280152,-7.995184228323));
#2243 = CARTESIAN_POINT('',(-3.582965996238,-7.991724741945));
#2244 = CARTESIAN_POINT('',(-3.687150467224,-7.987704502523));
#2245 = CARTESIAN_POINT('',(-3.788611739064,-7.983346073782));
#2246 = CARTESIAN_POINT('',(-3.887068145207,-7.978869787619));
#2247 = CARTESIAN_POINT('',(-3.982209853245,-7.974478182123));
#2248 = CARTESIAN_POINT('',(-4.073377268904,-7.970357059083));
#2249 = CARTESIAN_POINT('',(-4.162637703359,-7.966536402208));
#2250 = CARTESIAN_POINT('',(-4.250088237885,-7.963116908548));
#2251 = CARTESIAN_POINT('',(-4.336079411858,-7.960168155646));
#2252 = CARTESIAN_POINT('',(-4.420876074018,-7.957747269623));
#2253 = CARTESIAN_POINT('',(-4.504754880892,-7.955896444182));
#2254 = CARTESIAN_POINT('',(-4.587985087382,-7.954645901411));
#2255 = CARTESIAN_POINT('',(-4.670835060947,-7.954014976967));
#2256 = CARTESIAN_POINT('',(-4.753591849716,-7.954013635977));
#2257 = CARTESIAN_POINT('',(-4.836441896615,-7.954641915502));
#2258 = CARTESIAN_POINT('',(-4.919670861373,-7.95588989024));
#2259 = CARTESIAN_POINT('',(-5.003546738811,-7.957738250566));
#2260 = CARTESIAN_POINT('',(-5.088338508203,-7.960156800822));
#2261 = CARTESIAN_POINT('',(-5.174323199835,-7.963103404722));
#2262 = CARTESIAN_POINT('',(-5.261765468215,-7.966520982697));
#2263 = CARTESIAN_POINT('',(-5.351019487751,-7.970340202576));
#2264 = CARTESIAN_POINT('',(-5.442173533589,-7.974460053524));
#2265 = CARTESIAN_POINT('',(-5.537336504606,-7.978852580143));
#2266 = CARTESIAN_POINT('',(-5.635839670377,-7.983331595023));
#2267 = CARTESIAN_POINT('',(-5.737362695767,-7.987693693805));
#2268 = CARTESIAN_POINT('',(-5.841611076508,-7.991717800468));
#2269 = CARTESIAN_POINT('',(-5.948384871853,-7.99518037075));
#2270 = CARTESIAN_POINT('',(-6.057548514332,-7.99786936342));
#2271 = CARTESIAN_POINT('',(-6.169022614913,-7.999592020762));
#2272 = CARTESIAN_POINT('',(-6.244877347638,-8.000003883168));
#2273 = CARTESIAN_POINT('',(-6.28318530718,-8.));
#2274 = ( GEOMETRIC_REPRESENTATION_CONTEXT(2) 
PARAMETRIC_REPRESENTATION_CONTEXT() REPRESENTATION_CONTEXT('2D SPACE',''
  ) );
#2275 = FACE_BOUND('',#2276,.T.);
#2276 = EDGE_LOOP('',(#2277,#2278,#2279,#2280));
#2277 = ORIENTED_EDGE('',*,*,#1171,.T.);
#2278 = ORIENTED_EDGE('',*,*,#1294,.T.);
#2279 = ORIENTED_EDGE('',*,*,#1319,.F.);
#2280 = ORIENTED_EDGE('',*,*,#1247,.F.);
#2281 = FACE_BOUND('',#2282,.T.);
#2282 = EDGE_LOOP('',(#2283));
#2283 = ORIENTED_EDGE('',*,*,#2284,.T.);
#2284 = EDGE_CURVE('',#2285,#2285,#2287,.T.);
#2285 = VERTEX_POINT('',#2286);
#2286 = CARTESIAN_POINT('',(48.,0.,31.9));
#2287 = SURFACE_CURVE('',#2288,(#2339,#2412),.PCURVE_S1.);
#2288 = B_SPLINE_CURVE_WITH_KNOTS('',7,(#2289,#2290,#2291,#2292,#2293,
    #2294,#2295,#2296,#2297,#2298,#2299,#2300,#2301,#2302,#2303,#2304,
    #2305,#2306,#2307,#2308,#2309,#2310,#2311,#2312,#2313,#2314,#2315,
    #2316,#2317,#2318,#2319,#2320,#2321,#2322,#2323,#2324,#2325,#2326,
    #2327,#2328,#2329,#2330,#2331,#2332,#2333,#2334,#2335,#2336,#2337,
    #2338),.UNSPECIFIED.,.T.,.F.,(8,6,6,6,6,6,6,6,8),(0.,0.25541102047,
    0.50001204562,0.744624110722,1.,1.25543406973,1.500048920784,
    1.74466323799,1.999979558758),.UNSPECIFIED.);
#2289 = CARTESIAN_POINT('',(48.,-6.135480463728E-15,31.9));
#2290 = CARTESIAN_POINT('',(48.,0.290666112084,31.9));
#2291 = CARTESIAN_POINT('',(47.997946497218,0.572916373857,
    31.946936571375));
#2292 = CARTESIAN_POINT('',(47.994053578452,0.83809501842,
    32.035921206971));
#2293 = CARTESIAN_POINT('',(47.988892107743,1.079173032484,
    32.160482748193));
#2294 = CARTESIAN_POINT('',(47.983223493328,1.290955096413,
    32.312650877213));
#2295 = CARTESIAN_POINT('',(47.977694480214,1.470582218778,
    32.483118079346));
#2296 = CARTESIAN_POINT('',(47.967955243181,1.759330809445,
    32.832155166935));
#2297 = CARTESIAN_POINT('',(47.9635733973,1.874840903748,33.014581583773
    ));
#2298 = CARTESIAN_POINT('',(47.959854862356,1.965727808868,
    33.204896344952));
#2299 = CARTESIAN_POINT('',(47.956971777804,2.033064004195,
    33.400425471866));
#2300 = CARTESIAN_POINT('',(47.955018263583,2.077672323818,
    33.599172418498));
#2301 = CARTESIAN_POINT('',(47.954040497126,2.1,33.799524567343));
#2302 = CARTESIAN_POINT('',(47.954040497126,2.1,34.20048448102));
#2303 = CARTESIAN_POINT('',(47.955018349772,2.077670340674,
    34.400834374137));
#2304 = CARTESIAN_POINT('',(47.956971849262,2.033062412439,
    34.599576128917));
#2305 = CARTESIAN_POINT('',(47.959854835162,1.965728117907,
    34.795102253262));
#2306 = CARTESIAN_POINT('',(47.963573368896,1.874841880601,
    34.985417570614));
#2307 = CARTESIAN_POINT('',(47.967955263744,1.759330199773,
    35.16784557003));
#2308 = CARTESIAN_POINT('',(47.977693549962,1.47060979888,
    35.516848582037));
#2309 = CARTESIAN_POINT('',(47.98322267604,1.290985259589,
    35.687330166312));
#2310 = CARTESIAN_POINT('',(47.9888922813,1.079177957137,35.839527131175
    ));
#2311 = CARTESIAN_POINT('',(47.994054775327,0.838058284937,
    35.964106209573));
#2312 = CARTESIAN_POINT('',(47.997947433751,0.572845135542,
    36.053084816227));
#2313 = CARTESIAN_POINT('',(48.,0.290599906797,36.1));
#2314 = CARTESIAN_POINT('',(48.,-0.290666112084,36.1));
#2315 = CARTESIAN_POINT('',(47.997946497218,-0.572916373857,
    36.053063428625));
#2316 = CARTESIAN_POINT('',(47.994053578452,-0.83809501842,
    35.96407879303));
#2317 = CARTESIAN_POINT('',(47.988892107743,-1.079173032484,
    35.839517251806));
#2318 = CARTESIAN_POINT('',(47.983223493328,-1.290955096413,
    35.687349122787));
#2319 = CARTESIAN_POINT('',(47.977694480214,-1.470582218778,
    35.516881920654));
#2320 = CARTESIAN_POINT('',(47.967955403817,-1.759326046895,
    35.167850589998));
#2321 = CARTESIAN_POINT('',(47.963573391319,-1.874842052541,
    34.985419889679));
#2322 = CARTESIAN_POINT('',(47.959854719415,-1.965730738103,
    34.795098571807));
#2323 = CARTESIAN_POINT('',(47.956971776932,-2.033064058874,
    34.599569747556));
#2324 = CARTESIAN_POINT('',(47.955018355091,-2.077670224235,
    34.4008305007));
#2325 = CARTESIAN_POINT('',(47.954040497126,-2.1,34.20048492318));
#2326 = CARTESIAN_POINT('',(47.954040497126,-2.1,33.799515514359));
#2327 = CARTESIAN_POINT('',(47.955018349804,-2.077670339554,
    33.599165637139));
#2328 = CARTESIAN_POINT('',(47.956971849089,-2.033062417755,
    33.400423863029));
#2329 = CARTESIAN_POINT('',(47.9598548355,-1.965728107895,
    33.204897742421));
#2330 = CARTESIAN_POINT('',(47.963573368589,-1.874841889606,
    33.014582438678));
#2331 = CARTESIAN_POINT('',(47.96795526386,-1.75933019634,
    32.832154425819));
#2332 = CARTESIAN_POINT('',(47.977692343839,-1.470645557966,
    32.483194643272));
#2333 = CARTESIAN_POINT('',(47.983221887286,-1.291016200716,
    32.312684605284));
#2334 = CARTESIAN_POINT('',(47.988892941743,-1.079168873541,
    32.16045040766));
#2335 = CARTESIAN_POINT('',(47.99405641983,-0.837997760575,
    32.03585638678));
#2336 = CARTESIAN_POINT('',(47.997948511415,-0.572753192008,
    31.946890509999));
#2337 = CARTESIAN_POINT('',(48.,-0.290523449083,31.9));
#2338 = CARTESIAN_POINT('',(48.,-6.217248937901E-15,31.9));
#2339 = PCURVE('',#784,#2340);
#2340 = DEFINITIONAL_REPRESENTATION('',(#2341),#2411);
#2341 = B_SPLINE_CURVE_WITH_KNOTS('',3,(#2342,#2343,#2344,#2345,#2346,
    #2347,#2348,#2349,#2350,#2351,#2352,#2353,#2354,#2355,#2356,#2357,
    #2358,#2359,#2360,#2361,#2362,#2363,#2364,#2365,#2366,#2367,#2368,
    #2369,#2370,#2371,#2372,#2373,#2374,#2375,#2376,#2377,#2378,#2379,
    #2380,#2381,#2382,#2383,#2384,#2385,#2386,#2387,#2388,#2389,#2390,
    #2391,#2392,#2393,#2394,#2395,#2396,#2397,#2398,#2399,#2400,#2401,
    #2402,#2403,#2404,#2405,#2406,#2407,#2408,#2409,#2410),
  .UNSPECIFIED.,.T.,.F.,(4,1,1,1,1,1,1,1,1,1,1,1,1,1,1,1,1,1,1,1,1,1,1,1
    ,1,1,1,1,1,1,1,1,1,1,1,1,1,1,1,1,1,1,1,1,1,1,1,1,1,1,1,1,1,1,1,1,1,1
    ,1,1,1,1,1,1,1,1,4),(0.,3.030272058724E-02,6.060544117447E-02,
    9.090816176171E-02,0.121210882349,0.151513602936,0.181816323523,
    0.212119044111,0.242421764698,0.272724485285,0.303027205872,
    0.33332992646,0.363632647047,0.393935367634,0.424238088221,
    0.454540808809,0.484843529396,0.515146249983,0.54544897057,
    0.575751691158,0.606054411745,0.636357132332,0.666659852919,
    0.696962573506,0.727265294094,0.757568014681,0.787870735268,
    0.818173455855,0.848476176443,0.87877889703,0.909081617617,
    0.939384338204,0.969687058792,0.999989779379,1.030292499966,
    1.060595220553,1.090897941141,1.121200661728,1.151503382315,
    1.181806102902,1.212108823489,1.242411544077,1.272714264664,
    1.303016985251,1.333319705838,1.363622426426,1.393925147013,
    1.4242278676,1.454530588187,1.484833308775,1.515136029362,
    1.545438749949,1.575741470536,1.606044191124,1.636346911711,
    1.666649632298,1.696952352885,1.727255073473,1.75755779406,
    1.787860514647,1.818163235234,1.848465955821,1.878768676409,
    1.909071396996,1.939374117583,1.96967683817,1.999979558758),
  .QUASI_UNIFORM_KNOTS.);
#2342 = CARTESIAN_POINT('',(-6.28318530718,-31.9));
#2343 = CARTESIAN_POINT('',(-6.284862183908,-31.89997861615));
#2344 = CARTESIAN_POINT('',(-6.288179500124,-31.90926681403));
#2345 = CARTESIAN_POINT('',(-6.292992458562,-31.94906467476));
#2346 = CARTESIAN_POINT('',(-6.2975862635,-32.01269975971));
#2347 = CARTESIAN_POINT('',(-6.301913294421,-32.09779725357));
#2348 = CARTESIAN_POINT('',(-6.30593202749,-32.2017613061));
#2349 = CARTESIAN_POINT('',(-6.309608405524,-32.32176260989));
#2350 = CARTESIAN_POINT('',(-6.312915808472,-32.45471102336));
#2351 = CARTESIAN_POINT('',(-6.315837165708,-32.59742967406));
#2352 = CARTESIAN_POINT('',(-6.318360175692,-32.74604118889));
#2353 = CARTESIAN_POINT('',(-6.320548638173,-32.90156380148));
#2354 = CARTESIAN_POINT('',(-6.322403996012,-33.06241372122));
#2355 = CARTESIAN_POINT('',(-6.323936482119,-33.22754802558));
#2356 = CARTESIAN_POINT('',(-6.325152904345,-33.39597159506));
#2357 = CARTESIAN_POINT('',(-6.326059617043,-33.56683599325));
#2358 = CARTESIAN_POINT('',(-6.326661434787,-33.73938478129));
#2359 = CARTESIAN_POINT('',(-6.326961692106,-33.91293209574));
#2360 = CARTESIAN_POINT('',(-6.326961859802,-34.08687123047));
#2361 = CARTESIAN_POINT('',(-6.326661955692,-34.26041320686));
#2362 = CARTESIAN_POINT('',(-6.326060529035,-34.43295467994));
#2363 = CARTESIAN_POINT('',(-6.325154250803,-34.60381181788));
#2364 = CARTESIAN_POINT('',(-6.323938304563,-34.77222969621));
#2365 = CARTESIAN_POINT('',(-6.322406327749,-34.9373608666));
#2366 = CARTESIAN_POINT('',(-6.320551518735,-35.0982100128));
#2367 = CARTESIAN_POINT('',(-6.318363613511,-35.2537357717));
#2368 = CARTESIAN_POINT('',(-6.315841319881,-35.40234708089));
#2369 = CARTESIAN_POINT('',(-6.312920296881,-35.54509109323));
#2370 = CARTESIAN_POINT('',(-6.309612788227,-35.67807974679));
#2371 = CARTESIAN_POINT('',(-6.305935997444,-35.79812567092));
#2372 = CARTESIAN_POINT('',(-6.301916461894,-35.90213048136));
#2373 = CARTESIAN_POINT('',(-6.297589103041,-35.98726100144));
#2374 = CARTESIAN_POINT('',(-6.29299297326,-36.05091376726));
#2375 = CARTESIAN_POINT('',(-6.288185802672,-36.09073546383));
#2376 = CARTESIAN_POINT('',(-6.283186967878,-36.10462764111));
#2377 = CARTESIAN_POINT('',(-6.278188345417,-36.09075396222));
#2378 = CARTESIAN_POINT('',(-6.273381906865,-36.05095891084));
#2379 = CARTESIAN_POINT('',(-6.2687867256,-35.98734576638));
#2380 = CARTESIAN_POINT('',(-6.26446034086,-35.90226829843));
#2381 = CARTESIAN_POINT('',(-6.26044160983,-35.79832694179));
#2382 = CARTESIAN_POINT('',(-6.256765297873,-35.6783485526));
#2383 = CARTESIAN_POINT('',(-6.253457837195,-35.54542285864));
#2384 = CARTESIAN_POINT('',(-6.250536339494,-35.40272475481));
#2385 = CARTESIAN_POINT('',(-6.248013149231,-35.25413343192));
#2386 = CARTESIAN_POINT('',(-6.245824405841,-35.09862620461));
#2387 = CARTESIAN_POINT('',(-6.243968727263,-34.93778902496));
#2388 = CARTESIAN_POINT('',(-6.242435910916,-34.77266740614));
#2389 = CARTESIAN_POINT('',(-6.241219149842,-34.60425767008));
#2390 = CARTESIAN_POINT('',(-6.240312076295,-34.43340822827));
#2391 = CARTESIAN_POINT('',(-6.239709860023,-34.26087377977));
#2392 = CARTESIAN_POINT('',(-6.239409158525,-34.08733759301));
#2393 = CARTESIAN_POINT('',(-6.23940852171,-33.91339968749));
#2394 = CARTESIAN_POINT('',(-6.239707954163,-33.73985830637));
#2395 = CARTESIAN_POINT('',(-6.240308898687,-33.56731631189));
#2396 = CARTESIAN_POINT('',(-6.241214683159,-33.39645750942));
#2397 = CARTESIAN_POINT('',(-6.24243012034,-33.22803668022));
#2398 = CARTESIAN_POINT('',(-6.243961573938,-33.06290092969));
#2399 = CARTESIAN_POINT('',(-6.245815831781,-32.90204590018));
#2400 = CARTESIAN_POINT('',(-6.248003201113,-32.74651053594));
#2401 = CARTESIAN_POINT('',(-6.250524806351,-32.597893513));
#2402 = CARTESIAN_POINT('',(-6.253445780727,-32.45510802165));
#2403 = CARTESIAN_POINT('',(-6.256753828288,-32.32206226297));
#2404 = CARTESIAN_POINT('',(-6.260431643348,-32.20195874476));
#2405 = CARTESIAN_POINT('',(-6.264452321702,-32.09790582636));
#2406 = CARTESIAN_POINT('',(-6.268781447393,-32.01274412166));
#2407 = CARTESIAN_POINT('',(-6.273377099391,-31.94907326193));
#2408 = CARTESIAN_POINT('',(-6.278191238819,-31.90926514367));
#2409 = CARTESIAN_POINT('',(-6.281508634612,-31.89997793948));
#2410 = CARTESIAN_POINT('',(-6.28318530718,-31.9));
#2411 = ( GEOMETRIC_REPRESENTATION_CONTEXT(2) 
PARAMETRIC_REPRESENTATION_CONTEXT() REPRESENTATION_CONTEXT('2D SPACE',''
  ) );
#2412 = PCURVE('',#2413,#2418);
#2413 = CYLINDRICAL_SURFACE('',#2414,2.1);
#2414 = AXIS2_PLACEMENT_3D('',#2415,#2416,#2417);
#2415 = CARTESIAN_POINT('',(40.,0.,34.));
#2416 = DIRECTION('',(-1.,-0.,-1.110223024625E-16));
#2417 = DIRECTION('',(1.110223024625E-16,0.,-1.));
#2418 = DEFINITIONAL_REPRESENTATION('',(#2419),#2489);
#2419 = B_SPLINE_CURVE_WITH_KNOTS('',3,(#2420,#2421,#2422,#2423,#2424,
    #2425,#2426,#2427,#2428,#2429,#2430,#2431,#2432,#2433,#2434,#2435,
    #2436,#2437,#2438,#2439,#2440,#2441,#2442,#2443,#2444,#2445,#2446,
    #2447,#2448,#2449,#2450,#2451,#2452,#2453,#2454,#2455,#2456,#2457,
    #2458,#2459,#2460,#2461,#2462,#2463,#2464,#2465,#2466,#2467,#2468,
    #2469,#2470,#2471,#2472,#2473,#2474,#2475,#2476,#2477,#2478,#2479,
    #2480,#2481,#2482,#2483,#2484,#2485,#2486,#2487,#2488),
  .UNSPECIFIED.,.F.,.F.,(4,1,1,1,1,1,1,1,1,1,1,1,1,1,1,1,1,1,1,1,1,1,1,1
    ,1,1,1,1,1,1,1,1,1,1,1,1,1,1,1,1,1,1,1,1,1,1,1,1,1,1,1,1,1,1,1,1,1,1
    ,1,1,1,1,1,1,1,1,4),(0.,3.030272058724E-02,6.060544117447E-02,
    9.090816176171E-02,0.121210882349,0.151513602936,0.181816323523,
    0.212119044111,0.242421764698,0.272724485285,0.303027205872,
    0.33332992646,0.363632647047,0.393935367634,0.424238088221,
    0.454540808809,0.484843529396,0.515146249983,0.54544897057,
    0.575751691158,0.606054411745,0.636357132332,0.666659852919,
    0.696962573506,0.727265294094,0.757568014681,0.787870735268,
    0.818173455855,0.848476176443,0.87877889703,0.909081617617,
    0.939384338204,0.969687058792,0.999989779379,1.030292499966,
    1.060595220553,1.090897941141,1.121200661728,1.151503382315,
    1.181806102902,1.212108823489,1.242411544077,1.272714264664,
    1.303016985251,1.333319705838,1.363622426426,1.393925147013,
    1.4242278676,1.454530588187,1.484833308775,1.515136029362,
    1.545438749949,1.575741470536,1.606044191124,1.636346911711,
    1.666649632298,1.696952352885,1.727255073473,1.75755779406,
    1.787860514647,1.818163235234,1.848465955821,1.878768676409,
    1.909071396996,1.939374117583,1.96967683817,1.999979558758),
  .QUASI_UNIFORM_KNOTS.);
#2420 = CARTESIAN_POINT('',(2.6645352591E-15,-8.));
#2421 = CARTESIAN_POINT('',(-3.831252489786E-02,-8.00000384742));
#2422 = CARTESIAN_POINT('',(-0.114165647776,-7.999591950958));
#2423 = CARTESIAN_POINT('',(-0.225612355132,-7.9978697367));
#2424 = CARTESIAN_POINT('',(-0.334730946306,-7.995182233318));
#2425 = CARTESIAN_POINT('',(-0.441449082613,-7.991722154875));
#2426 = CARTESIAN_POINT('',(-0.545638505878,-7.987701169095));
#2427 = CARTESIAN_POINT('',(-0.647107220299,-7.983342165753));
#2428 = CARTESIAN_POINT('',(-0.745569500281,-7.978865452692));
#2429 = CARTESIAN_POINT('',(-0.840715930198,-7.974473644778));
#2430 = CARTESIAN_POINT('',(-0.931888178764,-7.970352473473));
#2431 = CARTESIAN_POINT('',(-1.021151084961,-7.96653203451));
#2432 = CARTESIAN_POINT('',(-1.10860337466,-7.963112929658));
#2433 = CARTESIAN_POINT('',(-1.19459699222,-7.960164669208));
#2434 = CARTESIAN_POINT('',(-1.279397334761,-7.957744363351));
#2435 = CARTESIAN_POINT('',(-1.363280998403,-7.955894219175));
#2436 = CARTESIAN_POINT('',(-1.446516422388,-7.95464447845));
#2437 = CARTESIAN_POINT('',(-1.529370828905,-7.954014479429));
#2438 = CARTESIAN_POINT('',(-1.612128198106,-7.954014126331));
#2439 = CARTESIAN_POINT('',(-1.694979412938,-7.954643389034));
#2440 = CARTESIAN_POINT('',(-1.778209941289,-7.95589233801));
#2441 = CARTESIAN_POINT('',(-1.86208782365,-7.957741644055));
#2442 = CARTESIAN_POINT('',(-1.946882062816,-7.960161094611));
#2443 = CARTESIAN_POINT('',(-2.032869606301,-7.963108526462));
#2444 = CARTESIAN_POINT('',(-2.12031551569,-7.966526852594));
#2445 = CARTESIAN_POINT('',(-2.209572567127,-7.970346644709));
#2446 = CARTESIAN_POINT('',(-2.300734428819,-7.974467107992));
#2447 = CARTESIAN_POINT('',(-2.395884104675,-7.978859045666));
#2448 = CARTESIAN_POINT('',(-2.494360515381,-7.983336611823));
#2449 = CARTESIAN_POINT('',(-2.595848804561,-7.987696906985));
#2450 = CARTESIAN_POINT('',(-2.700063659694,-7.991719239554));
#2451 = CARTESIAN_POINT('',(-2.806794418425,-7.995180693691));
#2452 = CARTESIAN_POINT('',(-2.915965468921,-7.997868445366));
#2453 = CARTESIAN_POINT('',(-3.027290969616,-7.999593402207));
#2454 = CARTESIAN_POINT('',(-3.141554772313,-8.000203096427));
#2455 = CARTESIAN_POINT('',(-3.255813256429,-7.999594211671));
#2456 = CARTESIAN_POINT('',(-3.367120196047,-7.997870385783));
#2457 = CARTESIAN_POINT('',(-3.476265314124,-7.995184227347));
#2458 = CARTESIAN_POINT('',(-3.582966030012,-7.991724740736));
#2459 = CARTESIAN_POINT('',(-3.687150500712,-7.987704501148));
#2460 = CARTESIAN_POINT('',(-3.788611772156,-7.983346072309));
#2461 = CARTESIAN_POINT('',(-3.8870681778,-7.978869786117));
#2462 = CARTESIAN_POINT('',(-3.982209885039,-7.974478180663));
#2463 = CARTESIAN_POINT('',(-4.073377300149,-7.970357057701));
#2464 = CARTESIAN_POINT('',(-4.162637734483,-7.966536400927));
#2465 = CARTESIAN_POINT('',(-4.250088268884,-7.963116907404));
#2466 = CARTESIAN_POINT('',(-4.336079442843,-7.960168154667));
#2467 = CARTESIAN_POINT('',(-4.420876105069,-7.957747268833));
#2468 = CARTESIAN_POINT('',(-4.504754912104,-7.9558964436));
#2469 = CARTESIAN_POINT('',(-4.587985118837,-7.954645901053));
#2470 = CARTESIAN_POINT('',(-4.670835092784,-7.954014976843));
#2471 = CARTESIAN_POINT('',(-4.753591881899,-7.954013636102));
#2472 = CARTESIAN_POINT('',(-4.836441926165,-7.954641915843));
#2473 = CARTESIAN_POINT('',(-4.919670889777,-7.955889890771));
#2474 = CARTESIAN_POINT('',(-5.003546766485,-7.957738251271));
#2475 = CARTESIAN_POINT('',(-5.088338534724,-7.960156801661));
#2476 = CARTESIAN_POINT('',(-5.17432322473,-7.963103405643));
#2477 = CARTESIAN_POINT('',(-5.261765491808,-7.966520983668));
#2478 = CARTESIAN_POINT('',(-5.351019511638,-7.970340203632));
#2479 = CARTESIAN_POINT('',(-5.442173554728,-7.974460054498));
#2480 = CARTESIAN_POINT('',(-5.537336524485,-7.97885258106));
#2481 = CARTESIAN_POINT('',(-5.635839688016,-7.983331595803));
#2482 = CARTESIAN_POINT('',(-5.737362710605,-7.98769369441));
#2483 = CARTESIAN_POINT('',(-5.841611088553,-7.991717800895));
#2484 = CARTESIAN_POINT('',(-5.948384881316,-7.995180371015));
#2485 = CARTESIAN_POINT('',(-6.057548521081,-7.997869363545));
#2486 = CARTESIAN_POINT('',(-6.169022617948,-7.999592020785));
#2487 = CARTESIAN_POINT('',(-6.244877348509,-8.000003883166));
#2488 = CARTESIAN_POINT('',(-6.28318530718,-8.));
#2489 = ( GEOMETRIC_REPRESENTATION_CONTEXT(2) 
PARAMETRIC_REPRESENTATION_CONTEXT() REPRESENTATION_CONTEXT('2D SPACE',''
  ) );
#2490 = FACE_BOUND('',#2491,.T.);
#2491 = EDGE_LOOP('',(#2492,#2493,#2494,#2495));
#2492 = ORIENTED_EDGE('',*,*,#1373,.T.);
#2493 = ORIENTED_EDGE('',*,*,#1496,.T.);
#2494 = ORIENTED_EDGE('',*,*,#1521,.F.);
#2495 = ORIENTED_EDGE('',*,*,#1449,.F.);
#2496 = FACE_BOUND('',#2497,.T.);
#2497 = EDGE_LOOP('',(#2498,#2499,#2500,#2501));
#2498 = ORIENTED_EDGE('',*,*,#1878,.T.);
#2499 = ORIENTED_EDGE('',*,*,#2001,.T.);
#2500 = ORIENTED_EDGE('',*,*,#2026,.F.);
#2501 = ORIENTED_EDGE('',*,*,#1954,.F.);
#2502 = ADVANCED_FACE('',(#2503),#1613,.T.);
#2503 = FACE_BOUND('',#2504,.T.);
#2504 = EDGE_LOOP('',(#2505,#2506,#2507,#2508));
#2505 = ORIENTED_EDGE('',*,*,#1707,.F.);
#2506 = ORIENTED_EDGE('',*,*,#1599,.T.);
#2507 = ORIENTED_EDGE('',*,*,#1829,.T.);
#2508 = ORIENTED_EDGE('',*,*,#2509,.F.);
#2509 = EDGE_CURVE('',#1680,#1807,#2510,.T.);
#2510 = SURFACE_CURVE('',#2511,(#2515,#2522),.PCURVE_S1.);
#2511 = LINE('',#2512,#2513);
#2512 = CARTESIAN_POINT('',(59.4,13.,25.));
#2513 = VECTOR('',#2514,1.);
#2514 = DIRECTION('',(0.,0.,1.));
#2515 = PCURVE('',#1613,#2516);
#2516 = DEFINITIONAL_REPRESENTATION('',(#2517),#2521);
#2517 = LINE('',#2518,#2519);
#2518 = CARTESIAN_POINT('',(0.,8.));
#2519 = VECTOR('',#2520,1.);
#2520 = DIRECTION('',(1.,0.));
#2521 = ( GEOMETRIC_REPRESENTATION_CONTEXT(2) 
PARAMETRIC_REPRESENTATION_CONTEXT() REPRESENTATION_CONTEXT('2D SPACE',''
  ) );
#2522 = PCURVE('',#1695,#2523);
#2523 = DEFINITIONAL_REPRESENTATION('',(#2524),#2528);
#2524 = LINE('',#2525,#2526);
#2525 = CARTESIAN_POINT('',(0.,-26.));
#2526 = VECTOR('',#2527,1.);
#2527 = DIRECTION('',(1.,0.));
#2528 = ( GEOMETRIC_REPRESENTATION_CONTEXT(2) 
PARAMETRIC_REPRESENTATION_CONTEXT() REPRESENTATION_CONTEXT('2D SPACE',''
  ) );
#2529 = ADVANCED_FACE('',(#2530,#2556,#2586),#1695,.T.);
#2530 = FACE_BOUND('',#2531,.T.);
#2531 = EDGE_LOOP('',(#2532,#2553,#2554,#2555));
#2532 = ORIENTED_EDGE('',*,*,#2533,.F.);
#2533 = EDGE_CURVE('',#1652,#1784,#2534,.T.);
#2534 = SURFACE_CURVE('',#2535,(#2539,#2546),.PCURVE_S1.);
#2535 = LINE('',#2536,#2537);
#2536 = CARTESIAN_POINT('',(59.4,-13.,25.));
#2537 = VECTOR('',#2538,1.);
#2538 = DIRECTION('',(0.,0.,1.));
#2539 = PCURVE('',#1695,#2540);
#2540 = DEFINITIONAL_REPRESENTATION('',(#2541),#2545);
#2541 = LINE('',#2542,#2543);
#2542 = CARTESIAN_POINT('',(0.,0.));
#2543 = VECTOR('',#2544,1.);
#2544 = DIRECTION('',(1.,0.));
#2545 = ( GEOMETRIC_REPRESENTATION_CONTEXT(2) 
PARAMETRIC_REPRESENTATION_CONTEXT() REPRESENTATION_CONTEXT('2D SPACE',''
  ) );
#2546 = PCURVE('',#1667,#2547);
#2547 = DEFINITIONAL_REPRESENTATION('',(#2548),#2552);
#2548 = LINE('',#2549,#2550);
#2549 = CARTESIAN_POINT('',(0.,8.));
#2550 = VECTOR('',#2551,1.);
#2551 = DIRECTION('',(1.,0.));
#2552 = ( GEOMETRIC_REPRESENTATION_CONTEXT(2) 
PARAMETRIC_REPRESENTATION_CONTEXT() REPRESENTATION_CONTEXT('2D SPACE',''
  ) );
#2553 = ORIENTED_EDGE('',*,*,#1679,.T.);
#2554 = ORIENTED_EDGE('',*,*,#2509,.T.);
#2555 = ORIENTED_EDGE('',*,*,#1806,.F.);
#2556 = FACE_BOUND('',#2557,.T.);
#2557 = EDGE_LOOP('',(#2558));
#2558 = ORIENTED_EDGE('',*,*,#2559,.T.);
#2559 = EDGE_CURVE('',#2560,#2560,#2562,.T.);
#2560 = VERTEX_POINT('',#2561);
#2561 = CARTESIAN_POINT('',(59.4,0.,31.9));
#2562 = SURFACE_CURVE('',#2563,(#2568,#2579),.PCURVE_S1.);
#2563 = CIRCLE('',#2564,2.1);
#2564 = AXIS2_PLACEMENT_3D('',#2565,#2566,#2567);
#2565 = CARTESIAN_POINT('',(59.4,0.,34.));
#2566 = DIRECTION('',(-1.,-0.,-1.110223024625E-16));
#2567 = DIRECTION('',(1.110223024625E-16,0.,-1.));
#2568 = PCURVE('',#1695,#2569);
#2569 = DEFINITIONAL_REPRESENTATION('',(#2570),#2578);
#2570 = ( BOUNDED_CURVE() B_SPLINE_CURVE(2,(#2571,#2572,#2573,#2574,
#2575,#2576,#2577),.UNSPECIFIED.,.T.,.F.) B_SPLINE_CURVE_WITH_KNOTS((1,2
    ,2,2,2,1),(-2.094395102393,0.,2.094395102393,4.188790204786,
6.28318530718,8.377580409573),.UNSPECIFIED.) CURVE() 
GEOMETRIC_REPRESENTATION_ITEM() RATIONAL_B_SPLINE_CURVE((1.,0.5,1.,0.5,
1.,0.5,1.)) REPRESENTATION_ITEM('') );
#2571 = CARTESIAN_POINT('',(6.9,-13.));
#2572 = CARTESIAN_POINT('',(6.9,-9.362693304105));
#2573 = CARTESIAN_POINT('',(10.05,-11.18134665205));
#2574 = CARTESIAN_POINT('',(13.2,-13.));
#2575 = CARTESIAN_POINT('',(10.05,-14.81865334794));
#2576 = CARTESIAN_POINT('',(6.9,-16.63730669589));
#2577 = CARTESIAN_POINT('',(6.9,-13.));
#2578 = ( GEOMETRIC_REPRESENTATION_CONTEXT(2) 
PARAMETRIC_REPRESENTATION_CONTEXT() REPRESENTATION_CONTEXT('2D SPACE',''
  ) );
#2579 = PCURVE('',#2413,#2580);
#2580 = DEFINITIONAL_REPRESENTATION('',(#2581),#2585);
#2581 = LINE('',#2582,#2583);
#2582 = CARTESIAN_POINT('',(-6.28318530718,-19.4));
#2583 = VECTOR('',#2584,1.);
#2584 = DIRECTION('',(1.,-0.));
#2585 = ( GEOMETRIC_REPRESENTATION_CONTEXT(2) 
PARAMETRIC_REPRESENTATION_CONTEXT() REPRESENTATION_CONTEXT('2D SPACE',''
  ) );
#2586 = FACE_BOUND('',#2587,.T.);
#2587 = EDGE_LOOP('',(#2588));
#2588 = ORIENTED_EDGE('',*,*,#2589,.T.);
#2589 = EDGE_CURVE('',#2590,#2590,#2592,.T.);
#2590 = VERTEX_POINT('',#2591);
#2591 = CARTESIAN_POINT('',(59.4,0.,53.9));
#2592 = SURFACE_CURVE('',#2593,(#2598,#2609),.PCURVE_S1.);
#2593 = CIRCLE('',#2594,2.1);
#2594 = AXIS2_PLACEMENT_3D('',#2595,#2596,#2597);
#2595 = CARTESIAN_POINT('',(59.4,0.,56.));
#2596 = DIRECTION('',(-1.,-0.,-1.110223024625E-16));
#2597 = DIRECTION('',(1.110223024625E-16,0.,-1.));
#2598 = PCURVE('',#1695,#2599);
#2599 = DEFINITIONAL_REPRESENTATION('',(#2600),#2608);
#2600 = ( BOUNDED_CURVE() B_SPLINE_CURVE(2,(#2601,#2602,#2603,#2604,
#2605,#2606,#2607),.UNSPECIFIED.,.T.,.F.) B_SPLINE_CURVE_WITH_KNOTS((1,2
    ,2,2,2,1),(-2.094395102393,0.,2.094395102393,4.188790204786,
6.28318530718,8.377580409573),.UNSPECIFIED.) CURVE() 
GEOMETRIC_REPRESENTATION_ITEM() RATIONAL_B_SPLINE_CURVE((1.,0.5,1.,0.5,
1.,0.5,1.)) REPRESENTATION_ITEM('') );
#2601 = CARTESIAN_POINT('',(28.9,-13.));
#2602 = CARTESIAN_POINT('',(28.9,-9.362693304105));
#2603 = CARTESIAN_POINT('',(32.05,-11.18134665205));
#2604 = CARTESIAN_POINT('',(35.2,-13.));
#2605 = CARTESIAN_POINT('',(32.05,-14.81865334794));
#2606 = CARTESIAN_POINT('',(28.9,-16.63730669589));
#2607 = CARTESIAN_POINT('',(28.9,-13.));
#2608 = ( GEOMETRIC_REPRESENTATION_CONTEXT(2) 
PARAMETRIC_REPRESENTATION_CONTEXT() REPRESENTATION_CONTEXT('2D SPACE',''
  ) );
#2609 = PCURVE('',#2198,#2610);
#2610 = DEFINITIONAL_REPRESENTATION('',(#2611),#2615);
#2611 = LINE('',#2612,#2613);
#2612 = CARTESIAN_POINT('',(-6.28318530718,-19.4));
#2613 = VECTOR('',#2614,1.);
#2614 = DIRECTION('',(1.,-0.));
#2615 = ( GEOMETRIC_REPRESENTATION_CONTEXT(2) 
PARAMETRIC_REPRESENTATION_CONTEXT() REPRESENTATION_CONTEXT('2D SPACE',''
  ) );
#2616 = ADVANCED_FACE('',(#2617),#1667,.F.);
#2617 = FACE_BOUND('',#2618,.F.);
#2618 = EDGE_LOOP('',(#2619,#2620,#2621,#2622));
#2619 = ORIENTED_EDGE('',*,*,#1651,.F.);
#2620 = ORIENTED_EDGE('',*,*,#1756,.T.);
#2621 = ORIENTED_EDGE('',*,*,#1783,.T.);
#2622 = ORIENTED_EDGE('',*,*,#2533,.F.);
#2623 = ADVANCED_FACE('',(#2624),#2198,.F.);
#2624 = FACE_BOUND('',#2625,.T.);
#2625 = EDGE_LOOP('',(#2626,#2627,#2648,#2649));
#2626 = ORIENTED_EDGE('',*,*,#2069,.F.);
#2627 = ORIENTED_EDGE('',*,*,#2628,.T.);
#2628 = EDGE_CURVE('',#2070,#2590,#2629,.T.);
#2629 = SEAM_CURVE('',#2630,(#2634,#2641),.PCURVE_S1.);
#2630 = LINE('',#2631,#2632);
#2631 = CARTESIAN_POINT('',(40.,0.,53.9));
#2632 = VECTOR('',#2633,1.);
#2633 = DIRECTION('',(1.,0.,1.110223024625E-16));
#2634 = PCURVE('',#2198,#2635);
#2635 = DEFINITIONAL_REPRESENTATION('',(#2636),#2640);
#2636 = LINE('',#2637,#2638);
#2637 = CARTESIAN_POINT('',(-0.,0.));
#2638 = VECTOR('',#2639,1.);
#2639 = DIRECTION('',(-0.,-1.));
#2640 = ( GEOMETRIC_REPRESENTATION_CONTEXT(2) 
PARAMETRIC_REPRESENTATION_CONTEXT() REPRESENTATION_CONTEXT('2D SPACE',''
  ) );
#2641 = PCURVE('',#2198,#2642);
#2642 = DEFINITIONAL_REPRESENTATION('',(#2643),#2647);
#2643 = LINE('',#2644,#2645);
#2644 = CARTESIAN_POINT('',(-6.28318530718,0.));
#2645 = VECTOR('',#2646,1.);
#2646 = DIRECTION('',(-0.,-1.));
#2647 = ( GEOMETRIC_REPRESENTATION_CONTEXT(2) 
PARAMETRIC_REPRESENTATION_CONTEXT() REPRESENTATION_CONTEXT('2D SPACE',''
  ) );
#2648 = ORIENTED_EDGE('',*,*,#2589,.F.);
#2649 = ORIENTED_EDGE('',*,*,#2628,.F.);
#2650 = ADVANCED_FACE('',(#2651),#2413,.F.);
#2651 = FACE_BOUND('',#2652,.T.);
#2652 = EDGE_LOOP('',(#2653,#2654,#2675,#2676));
#2653 = ORIENTED_EDGE('',*,*,#2284,.F.);
#2654 = ORIENTED_EDGE('',*,*,#2655,.T.);
#2655 = EDGE_CURVE('',#2285,#2560,#2656,.T.);
#2656 = SEAM_CURVE('',#2657,(#2661,#2668),.PCURVE_S1.);
#2657 = LINE('',#2658,#2659);
#2658 = CARTESIAN_POINT('',(40.,0.,31.9));
#2659 = VECTOR('',#2660,1.);
#2660 = DIRECTION('',(1.,0.,1.110223024625E-16));
#2661 = PCURVE('',#2413,#2662);
#2662 = DEFINITIONAL_REPRESENTATION('',(#2663),#2667);
#2663 = LINE('',#2664,#2665);
#2664 = CARTESIAN_POINT('',(-0.,0.));
#2665 = VECTOR('',#2666,1.);
#2666 = DIRECTION('',(-0.,-1.));
#2667 = ( GEOMETRIC_REPRESENTATION_CONTEXT(2) 
PARAMETRIC_REPRESENTATION_CONTEXT() REPRESENTATION_CONTEXT('2D SPACE',''
  ) );
#2668 = PCURVE('',#2413,#2669);
#2669 = DEFINITIONAL_REPRESENTATION('',(#2670),#2674);
#2670 = LINE('',#2671,#2672);
#2671 = CARTESIAN_POINT('',(-6.28318530718,0.));
#2672 = VECTOR('',#2673,1.);
#2673 = DIRECTION('',(-0.,-1.));
#2674 = ( GEOMETRIC_REPRESENTATION_CONTEXT(2) 
PARAMETRIC_REPRESENTATION_CONTEXT() REPRESENTATION_CONTEXT('2D SPACE',''
  ) );
#2675 = ORIENTED_EDGE('',*,*,#2559,.F.);
#2676 = ORIENTED_EDGE('',*,*,#2655,.F.);
#2677 = ( GEOMETRIC_REPRESENTATION_CONTEXT(3) 
GLOBAL_UNCERTAINTY_ASSIGNED_CONTEXT((#2681)) 
GLOBAL_UNIT_ASSIGNED_CONTEXT((#2678,#2679,#2680)) REPRESENTATION_CONTEXT
('Context #1','3D Context with UNIT and UNCERTAINTY') );
#2678 = ( LENGTH_UNIT() NAMED_UNIT(*) SI_UNIT(.MILLI.,.METRE.) );
#2679 = ( NAMED_UNIT(*) PLANE_ANGLE_UNIT() SI_UNIT($,.RADIAN.) );
#2680 = ( NAMED_UNIT(*) SI_UNIT($,.STERADIAN.) SOLID_ANGLE_UNIT() );
#2681 = UNCERTAINTY_MEASURE_WITH_UNIT(LENGTH_MEASURE(1.E-07),#2678,
  'distance_accuracy_value','confusion accuracy');
#2682 = PRODUCT_RELATED_PRODUCT_CATEGORY('part',$,(#7));
ENDSEC;
END-ISO-10303-21;
