ISO-10303-21;
HEADER;
FILE_DESCRIPTION(('Open CASCADE Model'),'2;1');
FILE_NAME('Open CASCADE Shape Model','2026-05-29T02:17:35',('Author'),(
    'Open CASCADE'),'Open CASCADE STEP processor 7.8','Open CASCADE 7.8'
  ,'Unknown');
FILE_SCHEMA(('AUTOMOTIVE_DESIGN { 1 0 10303 214 1 1 1 1 }'));
ENDSEC;
DATA;
#1 = APPLICATION_PROTOCOL_DEFINITION('international standard',
  'automotive_design',2000,#2);
#2 = APPLICATION_CONTEXT(
  'core data for automotive mechanical design processes');
#3 = SHAPE_DEFINITION_REPRESENTATION(#4,#10);
#4 = PRODUCT_DEFINITION_SHAPE('','',#5);
#5 = PRODUCT_DEFINITION('design','',#6,#9);
#6 = PRODUCT_DEFINITION_FORMATION('','',#7);
#7 = PRODUCT('Open CASCADE STEP translator 7.8 2',
  'Open CASCADE STEP translator 7.8 2','',(#8));
#8 = PRODUCT_CONTEXT('',#2,'mechanical');
#9 = PRODUCT_DEFINITION_CONTEXT('part definition',#2,'design');
#10 = ADVANCED_BREP_SHAPE_REPRESENTATION('',(#11,#15),#2677);
#11 = AXIS2_PLACEMENT_3D('',#12,#13,#14);
#12 = CARTESIAN_POINT('',(0.,0.,0.));
#13 = DIRECTION('',(0.,0.,1.));
#14 = DIRECTION('',(1.,0.,-0.));
#15 = MANIFOLD_SOLID_BREP('',#16);
#16 = CLOSED_SHELL('',(#17,#739,#816,#863,#910,#942,#1018,#1065,#1112,
    #1144,#1220,#1267,#1314,#1346,#1422,#1527,#1576,#1649,#1725,#1772,
    #1819,#1851,#1927,#1974,#2021,#2053,#2502,#2529,#2616,#2623,#2650));
#17 = ADVANCED_FACE('',(#18,#139,#259,#379,#499,#619),#33,.T.);
#18 = FACE_BOUND('',#19,.F.);
#19 = EDGE_LOOP('',(#20,#56,#82,#115));
#20 = ORIENTED_EDGE('',*,*,#21,.F.);
#21 = EDGE_CURVE('',#22,#24,#26,.T.);
#22 = VERTEX_POINT('',#23);
#23 = CARTESIAN_POINT('',(-16.04678079635,-59.88740122992,0.));
#24 = VERTEX_POINT('',#25);
#25 = CARTESIAN_POINT('',(-16.04678079635,59.887401229922,0.));
#26 = SURFACE_CURVE('',#27,(#32,#44),.PCURVE_S1.);
#27 = CIRCLE('',#28,62.);
#28 = AXIS2_PLACEMENT_3D('',#29,#30,#31);
#29 = CARTESIAN_POINT('',(0.,0.,0.));
#30 = DIRECTION('',(0.,0.,1.));
#31 = DIRECTION('',(-0.258819045103,-0.965925826289,0.));
#32 = PCURVE('',#33,#38);
#33 = CYLINDRICAL_SURFACE('',#34,62.);
#34 = AXIS2_PLACEMENT_3D('',#35,#36,#37);
#35 = CARTESIAN_POINT('',(0.,0.,0.));
#36 = DIRECTION('',(-0.,-0.,-1.));
#37 = DIRECTION('',(1.,0.,0.));
#38 = DEFINITIONAL_REPRESENTATION('',(#39),#43);
#39 = LINE('',#40,#41);
#40 = CARTESIAN_POINT('',(-4.450589592586,0.));
#41 = VECTOR('',#42,1.);
#42 = DIRECTION('',(-1.,0.));
#43 = ( GEOMETRIC_REPRESENTATION_CONTEXT(2) 
PARAMETRIC_REPRESENTATION_CONTEXT() REPRESENTATION_CONTEXT('2D SPACE',''
  ) );
#44 = PCURVE('',#45,#50);
#45 = PLANE('',#46);
#46 = AXIS2_PLACEMENT_3D('',#47,#48,#49);
#47 = CARTESIAN_POINT('',(-2.823102209114E-15,3.115267699989E-15,0.));
#48 = DIRECTION('',(0.,0.,1.));
#49 = DIRECTION('',(1.,0.,-0.));
#50 = DEFINITIONAL_REPRESENTATION('',(#51),#55);
#51 = CIRCLE('',#52,62.);
#52 = AXIS2_PLACEMENT_2D('',#53,#54);
#53 = CARTESIAN_POINT('',(2.823102209114E-15,-3.115267699989E-15));
#54 = DIRECTION('',(-0.258819045103,-0.965925826289));
#55 = ( GEOMETRIC_REPRESENTATION_CONTEXT(2) 
PARAMETRIC_REPRESENTATION_CONTEXT() REPRESENTATION_CONTEXT('2D SPACE',''
  ) );
#56 = ORIENTED_EDGE('',*,*,#57,.F.);
#57 = EDGE_CURVE('',#58,#22,#60,.T.);
#58 = VERTEX_POINT('',#59);
#59 = CARTESIAN_POINT('',(-16.04678079635,-59.88740122992,110.));
#60 = SURFACE_CURVE('',#61,(#65,#71),.PCURVE_S1.);
#61 = LINE('',#62,#63);
#62 = CARTESIAN_POINT('',(-16.04678079635,-59.88740122992,0.));
#63 = VECTOR('',#64,1.);
#64 = DIRECTION('',(-0.,-0.,-1.));
#65 = PCURVE('',#33,#66);
#66 = DEFINITIONAL_REPRESENTATION('',(#67),#70);
#67 = B_SPLINE_CURVE_WITH_KNOTS('',1,(#68,#69),.UNSPECIFIED.,.F.,.F.,(2,
    2),(-110.,0.),.PIECEWISE_BEZIER_KNOTS.);
#68 = CARTESIAN_POINT('',(-4.450589592586,-110.));
#69 = CARTESIAN_POINT('',(-4.450589592586,0.));
#70 = ( GEOMETRIC_REPRESENTATION_CONTEXT(2) 
PARAMETRIC_REPRESENTATION_CONTEXT() REPRESENTATION_CONTEXT('2D SPACE',''
  ) );
#71 = PCURVE('',#72,#77);
#72 = PLANE('',#73);
#73 = AXIS2_PLACEMENT_3D('',#74,#75,#76);
#74 = CARTESIAN_POINT('',(0.,0.,0.));
#75 = DIRECTION('',(0.965925826289,-0.258819045103,0.));
#76 = DIRECTION('',(-0.258819045103,-0.965925826289,0.));
#77 = DEFINITIONAL_REPRESENTATION('',(#78),#81);
#78 = B_SPLINE_CURVE_WITH_KNOTS('',1,(#79,#80),.UNSPECIFIED.,.F.,.F.,(2,
    2),(-110.0000006,6.E-07),.PIECEWISE_BEZIER_KNOTS.);
#79 = CARTESIAN_POINT('',(62.,-110.0000006));
#80 = CARTESIAN_POINT('',(62.,6.E-07));
#81 = ( GEOMETRIC_REPRESENTATION_CONTEXT(2) 
PARAMETRIC_REPRESENTATION_CONTEXT() REPRESENTATION_CONTEXT('2D SPACE',''
  ) );
#82 = ORIENTED_EDGE('',*,*,#83,.F.);
#83 = EDGE_CURVE('',#84,#58,#86,.T.);
#84 = VERTEX_POINT('',#85);
#85 = CARTESIAN_POINT('',(-16.04678079635,59.887401229922,110.));
#86 = SURFACE_CURVE('',#87,(#92,#99),.PCURVE_S1.);
#87 = CIRCLE('',#88,62.);
#88 = AXIS2_PLACEMENT_3D('',#89,#90,#91);
#89 = CARTESIAN_POINT('',(0.,0.,110.));
#90 = DIRECTION('',(0.,0.,-1.));
#91 = DIRECTION('',(-0.258819045103,0.965925826289,0.));
#92 = PCURVE('',#33,#93);
#93 = DEFINITIONAL_REPRESENTATION('',(#94),#98);
#94 = LINE('',#95,#96);
#95 = CARTESIAN_POINT('',(-8.115781021774,-110.));
#96 = VECTOR('',#97,1.);
#97 = DIRECTION('',(1.,-0.));
#98 = ( GEOMETRIC_REPRESENTATION_CONTEXT(2) 
PARAMETRIC_REPRESENTATION_CONTEXT() REPRESENTATION_CONTEXT('2D SPACE',''
  ) );
#99 = PCURVE('',#100,#105);
#100 = PLANE('',#101);
#101 = AXIS2_PLACEMENT_3D('',#102,#103,#104);
#102 = CARTESIAN_POINT('',(-2.823102209114E-15,3.115267699989E-15,110.)
  );
#103 = DIRECTION('',(0.,0.,1.));
#104 = DIRECTION('',(1.,0.,-0.));
#105 = DEFINITIONAL_REPRESENTATION('',(#106),#114);
#106 = ( BOUNDED_CURVE() B_SPLINE_CURVE(2,(#107,#108,#109,#110,#111,#112
,#113),.UNSPECIFIED.,.T.,.F.) B_SPLINE_CURVE_WITH_KNOTS((1,2,2,2,2,1),(
    -2.094395102393,0.,2.094395102393,4.188790204786,6.28318530718,
8.377580409573),.UNSPECIFIED.) CURVE() GEOMETRIC_REPRESENTATION_ITEM() 
RATIONAL_B_SPLINE_CURVE((1.,0.5,1.,0.5,1.,0.5,1.)) REPRESENTATION_ITEM(
  '') );
#107 = CARTESIAN_POINT('',(-16.04678079635,59.887401229922));
#108 = CARTESIAN_POINT('',(87.681240867131,87.681240867133));
#109 = CARTESIAN_POINT('',(59.887401229922,-16.04678079635));
#110 = CARTESIAN_POINT('',(32.093561592714,-119.7748024598));
#111 = CARTESIAN_POINT('',(-43.84062043356,-43.84062043356));
#112 = CARTESIAN_POINT('',(-119.7748024598,32.093561592711));
#113 = CARTESIAN_POINT('',(-16.04678079635,59.887401229922));
#114 = ( GEOMETRIC_REPRESENTATION_CONTEXT(2) 
PARAMETRIC_REPRESENTATION_CONTEXT() REPRESENTATION_CONTEXT('2D SPACE',''
  ) );
#115 = ORIENTED_EDGE('',*,*,#116,.T.);
#116 = EDGE_CURVE('',#84,#24,#117,.T.);
#117 = SURFACE_CURVE('',#118,(#122,#128),.PCURVE_S1.);
#118 = LINE('',#119,#120);
#119 = CARTESIAN_POINT('',(-16.04678079635,59.887401229922,0.));
#120 = VECTOR('',#121,1.);
#121 = DIRECTION('',(-0.,-0.,-1.));
#122 = PCURVE('',#33,#123);
#123 = DEFINITIONAL_REPRESENTATION('',(#124),#127);
#124 = B_SPLINE_CURVE_WITH_KNOTS('',1,(#125,#126),.UNSPECIFIED.,.F.,.F.,
  (2,2),(-110.,0.),.PIECEWISE_BEZIER_KNOTS.);
#125 = CARTESIAN_POINT('',(-8.115781021774,-110.));
#126 = CARTESIAN_POINT('',(-8.115781021774,0.));
#127 = ( GEOMETRIC_REPRESENTATION_CONTEXT(2) 
PARAMETRIC_REPRESENTATION_CONTEXT() REPRESENTATION_CONTEXT('2D SPACE',''
  ) );
#128 = PCURVE('',#129,#134);
#129 = PLANE('',#130);
#130 = AXIS2_PLACEMENT_3D('',#131,#132,#133);
#131 = CARTESIAN_POINT('',(-20.05847599544,74.859251537403,0.));
#132 = DIRECTION('',(0.965925826289,0.258819045103,-0.));
#133 = DIRECTION('',(0.258819045103,-0.965925826289,0.));
#134 = DEFINITIONAL_REPRESENTATION('',(#135),#138);
#135 = B_SPLINE_CURVE_WITH_KNOTS('',1,(#136,#137),.UNSPECIFIED.,.F.,.F.,
  (2,2),(-110.0000006,6.E-07),.PIECEWISE_BEZIER_KNOTS.);
#136 = CARTESIAN_POINT('',(15.5,-110.0000006));
#137 = CARTESIAN_POINT('',(15.5,6.E-07));
#138 = ( GEOMETRIC_REPRESENTATION_CONTEXT(2) 
PARAMETRIC_REPRESENTATION_CONTEXT() REPRESENTATION_CONTEXT('2D SPACE',''
  ) );
#139 = FACE_BOUND('',#140,.F.);
#140 = EDGE_LOOP('',(#141,#176,#202,#235));
#141 = ORIENTED_EDGE('',*,*,#142,.T.);
#142 = EDGE_CURVE('',#143,#145,#147,.T.);
#143 = VERTEX_POINT('',#144);
#144 = CARTESIAN_POINT('',(5.738764149808,-61.73383663788,88.));
#145 = VERTEX_POINT('',#146);
#146 = CARTESIAN_POINT('',(0.745616476035,-61.99551641909,88.));
#147 = SURFACE_CURVE('',#148,(#153,#160),.PCURVE_S1.);
#148 = CIRCLE('',#149,62.);
#149 = AXIS2_PLACEMENT_3D('',#150,#151,#152);
#150 = CARTESIAN_POINT('',(0.,0.,88.));
#151 = DIRECTION('',(0.,0.,-1.));
#152 = DIRECTION('',(1.,0.,0.));
#153 = PCURVE('',#33,#154);
#154 = DEFINITIONAL_REPRESENTATION('',(#155),#159);
#155 = LINE('',#156,#157);
#156 = CARTESIAN_POINT('',(-6.28318530718,-88.));
#157 = VECTOR('',#158,1.);
#158 = DIRECTION('',(1.,-0.));
#159 = ( GEOMETRIC_REPRESENTATION_CONTEXT(2) 
PARAMETRIC_REPRESENTATION_CONTEXT() REPRESENTATION_CONTEXT('2D SPACE',''
  ) );
#160 = PCURVE('',#161,#166);
#161 = PLANE('',#162);
#162 = AXIS2_PLACEMENT_3D('',#163,#164,#165);
#163 = CARTESIAN_POINT('',(0.329567800233,-54.05683476735,88.));
#164 = DIRECTION('',(0.,0.,1.));
#165 = DIRECTION('',(5.233595624294E-02,-0.998629534755,0.));
#166 = DEFINITIONAL_REPRESENTATION('',(#167),#175);
#167 = ( BOUNDED_CURVE() B_SPLINE_CURVE(2,(#168,#169,#170,#171,#172,#173
,#174),.UNSPECIFIED.,.T.,.F.) B_SPLINE_CURVE_WITH_KNOTS((1,2,2,2,2,1),(
    -2.094395102393,0.,2.094395102393,4.188790204786,6.28318530718,
8.377580409573),.UNSPECIFIED.) CURVE() GEOMETRIC_REPRESENTATION_ITEM() 
RATIONAL_B_SPLINE_CURVE((1.,0.5,1.,0.5,1.,0.5,1.)) REPRESENTATION_ITEM(
  '') );
#168 = CARTESIAN_POINT('',(-50.75517071293,64.415031154784));
#169 = CARTESIAN_POINT('',(56.484808999358,58.794821967704));
#170 = CARTESIAN_POINT('',(-2.002424787384,-31.26762017093));
#171 = CARTESIAN_POINT('',(-60.48965857412,-121.3300623095));
#172 = CARTESIAN_POINT('',(-109.2424044996,-25.64741098385));
#173 = CARTESIAN_POINT('',(-157.9951504252,70.035240341863));
#174 = CARTESIAN_POINT('',(-50.75517071293,64.415031154784));
#175 = ( GEOMETRIC_REPRESENTATION_CONTEXT(2) 
PARAMETRIC_REPRESENTATION_CONTEXT() REPRESENTATION_CONTEXT('2D SPACE',''
  ) );
#176 = ORIENTED_EDGE('',*,*,#177,.T.);
#177 = EDGE_CURVE('',#145,#178,#180,.T.);
#178 = VERTEX_POINT('',#179);
#179 = CARTESIAN_POINT('',(0.745616476035,-61.99551641909,66.));
#180 = SURFACE_CURVE('',#181,(#185,#191),.PCURVE_S1.);
#181 = LINE('',#182,#183);
#182 = CARTESIAN_POINT('',(0.745616476035,-61.99551641909,0.));
#183 = VECTOR('',#184,1.);
#184 = DIRECTION('',(-0.,-0.,-1.));
#185 = PCURVE('',#33,#186);
#186 = DEFINITIONAL_REPRESENTATION('',(#187),#190);
#187 = B_SPLINE_CURVE_WITH_KNOTS('',1,(#188,#189),.UNSPECIFIED.,.F.,.F.,
  (2,2),(-90.2,-63.8),.PIECEWISE_BEZIER_KNOTS.);
#188 = CARTESIAN_POINT('',(-4.724415342479,-90.2));
#189 = CARTESIAN_POINT('',(-4.724415342479,-63.8));
#190 = ( GEOMETRIC_REPRESENTATION_CONTEXT(2) 
PARAMETRIC_REPRESENTATION_CONTEXT() REPRESENTATION_CONTEXT('2D SPACE',''
  ) );
#191 = PCURVE('',#192,#197);
#192 = PLANE('',#193);
#193 = AXIS2_PLACEMENT_3D('',#194,#195,#196);
#194 = CARTESIAN_POINT('',(0.329567800233,-54.05683476735,66.));
#195 = DIRECTION('',(0.998629534755,5.233595624294E-02,0.));
#196 = DIRECTION('',(0.,0.,1.));
#197 = DEFINITIONAL_REPRESENTATION('',(#198),#201);
#198 = B_SPLINE_CURVE_WITH_KNOTS('',1,(#199,#200),.UNSPECIFIED.,.F.,.F.,
  (2,2),(-90.2,-63.8),.PIECEWISE_BEZIER_KNOTS.);
#199 = CARTESIAN_POINT('',(24.2,7.949576269737));
#200 = CARTESIAN_POINT('',(-2.2,7.949576269737));
#201 = ( GEOMETRIC_REPRESENTATION_CONTEXT(2) 
PARAMETRIC_REPRESENTATION_CONTEXT() REPRESENTATION_CONTEXT('2D SPACE',''
  ) );
#202 = ORIENTED_EDGE('',*,*,#203,.F.);
#203 = EDGE_CURVE('',#204,#178,#206,.T.);
#204 = VERTEX_POINT('',#205);
#205 = CARTESIAN_POINT('',(5.738764149808,-61.73383663788,66.));
#206 = SURFACE_CURVE('',#207,(#212,#219),.PCURVE_S1.);
#207 = CIRCLE('',#208,62.);
#208 = AXIS2_PLACEMENT_3D('',#209,#210,#211);
#209 = CARTESIAN_POINT('',(0.,0.,66.));
#210 = DIRECTION('',(0.,0.,-1.));
#211 = DIRECTION('',(1.,0.,0.));
#212 = PCURVE('',#33,#213);
#213 = DEFINITIONAL_REPRESENTATION('',(#214),#218);
#214 = LINE('',#215,#216);
#215 = CARTESIAN_POINT('',(-6.28318530718,-66.));
#216 = VECTOR('',#217,1.);
#217 = DIRECTION('',(1.,-0.));
#218 = ( GEOMETRIC_REPRESENTATION_CONTEXT(2) 
PARAMETRIC_REPRESENTATION_CONTEXT() REPRESENTATION_CONTEXT('2D SPACE',''
  ) );
#219 = PCURVE('',#220,#225);
#220 = PLANE('',#221);
#221 = AXIS2_PLACEMENT_3D('',#222,#223,#224);
#222 = CARTESIAN_POINT('',(0.329567800233,-54.05683476735,66.));
#223 = DIRECTION('',(0.,0.,1.));
#224 = DIRECTION('',(5.233595624294E-02,-0.998629534755,0.));
#225 = DEFINITIONAL_REPRESENTATION('',(#226),#234);
#226 = ( BOUNDED_CURVE() B_SPLINE_CURVE(2,(#227,#228,#229,#230,#231,#232
,#233),.UNSPECIFIED.,.T.,.F.) B_SPLINE_CURVE_WITH_KNOTS((1,2,2,2,2,1),(
    -2.094395102393,0.,2.094395102393,4.188790204786,6.28318530718,
8.377580409573),.UNSPECIFIED.) CURVE() GEOMETRIC_REPRESENTATION_ITEM() 
RATIONAL_B_SPLINE_CURVE((1.,0.5,1.,0.5,1.,0.5,1.)) REPRESENTATION_ITEM(
  '') );
#227 = CARTESIAN_POINT('',(-50.75517071293,64.415031154784));
#228 = CARTESIAN_POINT('',(56.484808999358,58.794821967704));
#229 = CARTESIAN_POINT('',(-2.002424787384,-31.26762017093));
#230 = CARTESIAN_POINT('',(-60.48965857412,-121.3300623095));
#231 = CARTESIAN_POINT('',(-109.2424044996,-25.64741098385));
#232 = CARTESIAN_POINT('',(-157.9951504252,70.035240341863));
#233 = CARTESIAN_POINT('',(-50.75517071293,64.415031154784));
#234 = ( GEOMETRIC_REPRESENTATION_CONTEXT(2) 
PARAMETRIC_REPRESENTATION_CONTEXT() REPRESENTATION_CONTEXT('2D SPACE',''
  ) );
#235 = ORIENTED_EDGE('',*,*,#236,.F.);
#236 = EDGE_CURVE('',#143,#204,#237,.T.);
#237 = SURFACE_CURVE('',#238,(#242,#248),.PCURVE_S1.);
#238 = LINE('',#239,#240);
#239 = CARTESIAN_POINT('',(5.738764149808,-61.73383663788,0.));
#240 = VECTOR('',#241,1.);
#241 = DIRECTION('',(-0.,-0.,-1.));
#242 = PCURVE('',#33,#243);
#243 = DEFINITIONAL_REPRESENTATION('',(#244),#247);
#244 = B_SPLINE_CURVE_WITH_KNOTS('',1,(#245,#246),.UNSPECIFIED.,.F.,.F.,
  (2,2),(-90.2,-63.8),.PIECEWISE_BEZIER_KNOTS.);
#245 = CARTESIAN_POINT('',(-4.80508237341,-90.2));
#246 = CARTESIAN_POINT('',(-4.80508237341,-63.8));
#247 = ( GEOMETRIC_REPRESENTATION_CONTEXT(2) 
PARAMETRIC_REPRESENTATION_CONTEXT() REPRESENTATION_CONTEXT('2D SPACE',''
  ) );
#248 = PCURVE('',#249,#254);
#249 = PLANE('',#250);
#250 = AXIS2_PLACEMENT_3D('',#251,#252,#253);
#251 = CARTESIAN_POINT('',(5.322715474005,-53.79515498614,66.));
#252 = DIRECTION('',(0.998629534755,5.233595624294E-02,0.));
#253 = DIRECTION('',(0.,0.,1.));
#254 = DEFINITIONAL_REPRESENTATION('',(#255),#258);
#255 = B_SPLINE_CURVE_WITH_KNOTS('',1,(#256,#257),.UNSPECIFIED.,.F.,.F.,
  (2,2),(-90.2,-63.8),.PIECEWISE_BEZIER_KNOTS.);
#256 = CARTESIAN_POINT('',(24.2,7.949576269737));
#257 = CARTESIAN_POINT('',(-2.2,7.949576269737));
#258 = ( GEOMETRIC_REPRESENTATION_CONTEXT(2) 
PARAMETRIC_REPRESENTATION_CONTEXT() REPRESENTATION_CONTEXT('2D SPACE',''
  ) );
#259 = FACE_BOUND('',#260,.F.);
#260 = EDGE_LOOP('',(#261,#296,#322,#355));
#261 = ORIENTED_EDGE('',*,*,#262,.T.);
#262 = EDGE_CURVE('',#263,#265,#267,.T.);
#263 = VERTEX_POINT('',#264);
#264 = CARTESIAN_POINT('',(0.745616476035,61.995516419098,88.));
#265 = VERTEX_POINT('',#266);
#266 = CARTESIAN_POINT('',(5.738764149808,61.733836637883,88.));
#267 = SURFACE_CURVE('',#268,(#273,#280),.PCURVE_S1.);
#268 = CIRCLE('',#269,62.);
#269 = AXIS2_PLACEMENT_3D('',#270,#271,#272);
#270 = CARTESIAN_POINT('',(0.,0.,88.));
#271 = DIRECTION('',(0.,0.,-1.));
#272 = DIRECTION('',(1.,0.,0.));
#273 = PCURVE('',#33,#274);
#274 = DEFINITIONAL_REPRESENTATION('',(#275),#279);
#275 = LINE('',#276,#277);
#276 = CARTESIAN_POINT('',(-12.56637061435,-88.));
#277 = VECTOR('',#278,1.);
#278 = DIRECTION('',(1.,-0.));
#279 = ( GEOMETRIC_REPRESENTATION_CONTEXT(2) 
PARAMETRIC_REPRESENTATION_CONTEXT() REPRESENTATION_CONTEXT('2D SPACE',''
  ) );
#280 = PCURVE('',#281,#286);
#281 = PLANE('',#282);
#282 = AXIS2_PLACEMENT_3D('',#283,#284,#285);
#283 = CARTESIAN_POINT('',(5.322715474005,53.79515498614,88.));
#284 = DIRECTION('',(0.,0.,1.));
#285 = DIRECTION('',(5.233595624294E-02,0.998629534755,0.));
#286 = DEFINITIONAL_REPRESENTATION('',(#287),#295);
#287 = ( BOUNDED_CURVE() B_SPLINE_CURVE(2,(#288,#289,#290,#291,#292,#293
,#294),.UNSPECIFIED.,.T.,.F.) B_SPLINE_CURVE_WITH_KNOTS((1,2,2,2,2,1),(
    -2.094395102393,0.,2.094395102393,4.188790204786,6.28318530718,
8.377580409573),.UNSPECIFIED.) CURVE() GEOMETRIC_REPRESENTATION_ITEM() 
RATIONAL_B_SPLINE_CURVE((1.,0.5,1.,0.5,1.,0.5,1.)) REPRESENTATION_ITEM(
  '') );
#288 = CARTESIAN_POINT('',(-50.75517071293,-59.41503115478));
#289 = CARTESIAN_POINT('',(-157.9951504252,-65.03524034186));
#290 = CARTESIAN_POINT('',(-109.2424044996,30.647410983852));
#291 = CARTESIAN_POINT('',(-60.48965857412,126.33006230956));
#292 = CARTESIAN_POINT('',(-2.002424787384,36.267620170932));
#293 = CARTESIAN_POINT('',(56.484808999358,-53.7948219677));
#294 = CARTESIAN_POINT('',(-50.75517071293,-59.41503115478));
#295 = ( GEOMETRIC_REPRESENTATION_CONTEXT(2) 
PARAMETRIC_REPRESENTATION_CONTEXT() REPRESENTATION_CONTEXT('2D SPACE',''
  ) );
#296 = ORIENTED_EDGE('',*,*,#297,.T.);
#297 = EDGE_CURVE('',#265,#298,#300,.T.);
#298 = VERTEX_POINT('',#299);
#299 = CARTESIAN_POINT('',(5.738764149808,61.733836637883,66.));
#300 = SURFACE_CURVE('',#301,(#305,#311),.PCURVE_S1.);
#301 = LINE('',#302,#303);
#302 = CARTESIAN_POINT('',(5.738764149808,61.733836637883,0.));
#303 = VECTOR('',#304,1.);
#304 = DIRECTION('',(-0.,-0.,-1.));
#305 = PCURVE('',#33,#306);
#306 = DEFINITIONAL_REPRESENTATION('',(#307),#310);
#307 = B_SPLINE_CURVE_WITH_KNOTS('',1,(#308,#309),.UNSPECIFIED.,.F.,.F.,
  (2,2),(-90.2,-63.8),.PIECEWISE_BEZIER_KNOTS.);
#308 = CARTESIAN_POINT('',(-7.761288240949,-90.2));
#309 = CARTESIAN_POINT('',(-7.761288240949,-63.8));
#310 = ( GEOMETRIC_REPRESENTATION_CONTEXT(2) 
PARAMETRIC_REPRESENTATION_CONTEXT() REPRESENTATION_CONTEXT('2D SPACE',''
  ) );
#311 = PCURVE('',#312,#317);
#312 = PLANE('',#313);
#313 = AXIS2_PLACEMENT_3D('',#314,#315,#316);
#314 = CARTESIAN_POINT('',(5.322715474005,53.79515498614,66.));
#315 = DIRECTION('',(-0.998629534755,5.233595624294E-02,0.));
#316 = DIRECTION('',(0.,0.,1.));
#317 = DEFINITIONAL_REPRESENTATION('',(#318),#321);
#318 = B_SPLINE_CURVE_WITH_KNOTS('',1,(#319,#320),.UNSPECIFIED.,.F.,.F.,
  (2,2),(-90.2,-63.8),.PIECEWISE_BEZIER_KNOTS.);
#319 = CARTESIAN_POINT('',(24.2,7.949576269737));
#320 = CARTESIAN_POINT('',(-2.2,7.949576269737));
#321 = ( GEOMETRIC_REPRESENTATION_CONTEXT(2) 
PARAMETRIC_REPRESENTATION_CONTEXT() REPRESENTATION_CONTEXT('2D SPACE',''
  ) );
#322 = ORIENTED_EDGE('',*,*,#323,.F.);
#323 = EDGE_CURVE('',#324,#298,#326,.T.);
#324 = VERTEX_POINT('',#325);
#325 = CARTESIAN_POINT('',(0.745616476035,61.995516419098,66.));
#326 = SURFACE_CURVE('',#327,(#332,#339),.PCURVE_S1.);
#327 = CIRCLE('',#328,62.);
#328 = AXIS2_PLACEMENT_3D('',#329,#330,#331);
#329 = CARTESIAN_POINT('',(0.,0.,66.));
#330 = DIRECTION('',(0.,0.,-1.));
#331 = DIRECTION('',(1.,0.,0.));
#332 = PCURVE('',#33,#333);
#333 = DEFINITIONAL_REPRESENTATION('',(#334),#338);
#334 = LINE('',#335,#336);
#335 = CARTESIAN_POINT('',(-12.56637061435,-66.));
#336 = VECTOR('',#337,1.);
#337 = DIRECTION('',(1.,-0.));
#338 = ( GEOMETRIC_REPRESENTATION_CONTEXT(2) 
PARAMETRIC_REPRESENTATION_CONTEXT() REPRESENTATION_CONTEXT('2D SPACE',''
  ) );
#339 = PCURVE('',#340,#345);
#340 = PLANE('',#341);
#341 = AXIS2_PLACEMENT_3D('',#342,#343,#344);
#342 = CARTESIAN_POINT('',(5.322715474005,53.79515498614,66.));
#343 = DIRECTION('',(0.,0.,1.));
#344 = DIRECTION('',(5.233595624294E-02,0.998629534755,0.));
#345 = DEFINITIONAL_REPRESENTATION('',(#346),#354);
#346 = ( BOUNDED_CURVE() B_SPLINE_CURVE(2,(#347,#348,#349,#350,#351,#352
,#353),.UNSPECIFIED.,.T.,.F.) B_SPLINE_CURVE_WITH_KNOTS((1,2,2,2,2,1),(
    -2.094395102393,0.,2.094395102393,4.188790204786,6.28318530718,
8.377580409573),.UNSPECIFIED.) CURVE() GEOMETRIC_REPRESENTATION_ITEM() 
RATIONAL_B_SPLINE_CURVE((1.,0.5,1.,0.5,1.,0.5,1.)) REPRESENTATION_ITEM(
  '') );
#347 = CARTESIAN_POINT('',(-50.75517071293,-59.41503115478));
#348 = CARTESIAN_POINT('',(-157.9951504252,-65.03524034186));
#349 = CARTESIAN_POINT('',(-109.2424044996,30.647410983852));
#350 = CARTESIAN_POINT('',(-60.48965857412,126.33006230956));
#351 = CARTESIAN_POINT('',(-2.002424787384,36.267620170932));
#352 = CARTESIAN_POINT('',(56.484808999358,-53.7948219677));
#353 = CARTESIAN_POINT('',(-50.75517071293,-59.41503115478));
#354 = ( GEOMETRIC_REPRESENTATION_CONTEXT(2) 
PARAMETRIC_REPRESENTATION_CONTEXT() REPRESENTATION_CONTEXT('2D SPACE',''
  ) );
#355 = ORIENTED_EDGE('',*,*,#356,.F.);
#356 = EDGE_CURVE('',#263,#324,#357,.T.);
#357 = SURFACE_CURVE('',#358,(#362,#368),.PCURVE_S1.);
#358 = LINE('',#359,#360);
#359 = CARTESIAN_POINT('',(0.745616476035,61.995516419098,0.));
#360 = VECTOR('',#361,1.);
#361 = DIRECTION('',(-0.,-0.,-1.));
#362 = PCURVE('',#33,#363);
#363 = DEFINITIONAL_REPRESENTATION('',(#364),#367);
#364 = B_SPLINE_CURVE_WITH_KNOTS('',1,(#365,#366),.UNSPECIFIED.,.F.,.F.,
  (2,2),(-90.2,-63.8),.PIECEWISE_BEZIER_KNOTS.);
#365 = CARTESIAN_POINT('',(-7.84195527188,-90.2));
#366 = CARTESIAN_POINT('',(-7.84195527188,-63.8));
#367 = ( GEOMETRIC_REPRESENTATION_CONTEXT(2) 
PARAMETRIC_REPRESENTATION_CONTEXT() REPRESENTATION_CONTEXT('2D SPACE',''
  ) );
#368 = PCURVE('',#369,#374);
#369 = PLANE('',#370);
#370 = AXIS2_PLACEMENT_3D('',#371,#372,#373);
#371 = CARTESIAN_POINT('',(0.329567800233,54.056834767354,66.));
#372 = DIRECTION('',(-0.998629534755,5.233595624294E-02,0.));
#373 = DIRECTION('',(0.,0.,1.));
#374 = DEFINITIONAL_REPRESENTATION('',(#375),#378);
#375 = B_SPLINE_CURVE_WITH_KNOTS('',1,(#376,#377),.UNSPECIFIED.,.F.,.F.,
  (2,2),(-90.2,-63.8),.PIECEWISE_BEZIER_KNOTS.);
#376 = CARTESIAN_POINT('',(24.2,7.949576269737));
#377 = CARTESIAN_POINT('',(-2.2,7.949576269737));
#378 = ( GEOMETRIC_REPRESENTATION_CONTEXT(2) 
PARAMETRIC_REPRESENTATION_CONTEXT() REPRESENTATION_CONTEXT('2D SPACE',''
  ) );
#379 = FACE_BOUND('',#380,.F.);
#380 = EDGE_LOOP('',(#381,#409,#442,#468));
#381 = ORIENTED_EDGE('',*,*,#382,.F.);
#382 = EDGE_CURVE('',#383,#385,#387,.T.);
#383 = VERTEX_POINT('',#384);
#384 = CARTESIAN_POINT('',(61.4,8.60464990572,75.));
#385 = VERTEX_POINT('',#386);
#386 = CARTESIAN_POINT('',(61.4,8.60464990572,35.));
#387 = SURFACE_CURVE('',#388,(#392,#398),.PCURVE_S1.);
#388 = LINE('',#389,#390);
#389 = CARTESIAN_POINT('',(61.4,8.60464990572,0.));
#390 = VECTOR('',#391,1.);
#391 = DIRECTION('',(-0.,-0.,-1.));
#392 = PCURVE('',#33,#393);
#393 = DEFINITIONAL_REPRESENTATION('',(#394),#397);
#394 = B_SPLINE_CURVE_WITH_KNOTS('',1,(#395,#396),.UNSPECIFIED.,.F.,.F.,
  (2,2),(-79.,-31.),.PIECEWISE_BEZIER_KNOTS.);
#395 = CARTESIAN_POINT('',(-6.422419415803,-79.));
#396 = CARTESIAN_POINT('',(-6.422419415803,-31.));
#397 = ( GEOMETRIC_REPRESENTATION_CONTEXT(2) 
PARAMETRIC_REPRESENTATION_CONTEXT() REPRESENTATION_CONTEXT('2D SPACE',''
  ) );
#398 = PCURVE('',#399,#404);
#399 = PLANE('',#400);
#400 = AXIS2_PLACEMENT_3D('',#401,#402,#403);
#401 = CARTESIAN_POINT('',(61.4,-13.,35.));
#402 = DIRECTION('',(1.,0.,0.));
#403 = DIRECTION('',(0.,0.,1.));
#404 = DEFINITIONAL_REPRESENTATION('',(#405),#408);
#405 = B_SPLINE_CURVE_WITH_KNOTS('',1,(#406,#407),.UNSPECIFIED.,.F.,.F.,
  (2,2),(-79.,-31.),.PIECEWISE_BEZIER_KNOTS.);
#406 = CARTESIAN_POINT('',(44.,-21.60464990572));
#407 = CARTESIAN_POINT('',(-4.,-21.60464990572));
#408 = ( GEOMETRIC_REPRESENTATION_CONTEXT(2) 
PARAMETRIC_REPRESENTATION_CONTEXT() REPRESENTATION_CONTEXT('2D SPACE',''
  ) );
#409 = ORIENTED_EDGE('',*,*,#410,.T.);
#410 = EDGE_CURVE('',#383,#411,#413,.T.);
#411 = VERTEX_POINT('',#412);
#412 = CARTESIAN_POINT('',(61.4,-8.60464990572,75.));
#413 = SURFACE_CURVE('',#414,(#419,#426),.PCURVE_S1.);
#414 = CIRCLE('',#415,62.);
#415 = AXIS2_PLACEMENT_3D('',#416,#417,#418);
#416 = CARTESIAN_POINT('',(0.,0.,75.));
#417 = DIRECTION('',(0.,0.,-1.));
#418 = DIRECTION('',(1.,0.,0.));
#419 = PCURVE('',#33,#420);
#420 = DEFINITIONAL_REPRESENTATION('',(#421),#425);
#421 = LINE('',#422,#423);
#422 = CARTESIAN_POINT('',(-12.56637061435,-75.));
#423 = VECTOR('',#424,1.);
#424 = DIRECTION('',(1.,-0.));
#425 = ( GEOMETRIC_REPRESENTATION_CONTEXT(2) 
PARAMETRIC_REPRESENTATION_CONTEXT() REPRESENTATION_CONTEXT('2D SPACE',''
  ) );
#426 = PCURVE('',#427,#432);
#427 = PLANE('',#428);
#428 = AXIS2_PLACEMENT_3D('',#429,#430,#431);
#429 = CARTESIAN_POINT('',(61.4,-13.,75.));
#430 = DIRECTION('',(0.,0.,1.));
#431 = DIRECTION('',(1.,0.,0.));
#432 = DEFINITIONAL_REPRESENTATION('',(#433),#441);
#433 = ( BOUNDED_CURVE() B_SPLINE_CURVE(2,(#434,#435,#436,#437,#438,#439
,#440),.UNSPECIFIED.,.T.,.F.) B_SPLINE_CURVE_WITH_KNOTS((1,2,2,2,2,1),(
    -2.094395102393,0.,2.094395102393,4.188790204786,6.28318530718,
8.377580409573),.UNSPECIFIED.) CURVE() GEOMETRIC_REPRESENTATION_ITEM() 
RATIONAL_B_SPLINE_CURVE((1.,0.5,1.,0.5,1.,0.5,1.)) REPRESENTATION_ITEM(
  '') );
#434 = CARTESIAN_POINT('',(0.6,13.));
#435 = CARTESIAN_POINT('',(0.6,-94.38715006927));
#436 = CARTESIAN_POINT('',(-92.4,-40.69357503463));
#437 = CARTESIAN_POINT('',(-185.4,13.));
#438 = CARTESIAN_POINT('',(-92.4,66.693575034635));
#439 = CARTESIAN_POINT('',(0.6,120.38715006927));
#440 = CARTESIAN_POINT('',(0.6,13.));
#441 = ( GEOMETRIC_REPRESENTATION_CONTEXT(2) 
PARAMETRIC_REPRESENTATION_CONTEXT() REPRESENTATION_CONTEXT('2D SPACE',''
  ) );
#442 = ORIENTED_EDGE('',*,*,#443,.T.);
#443 = EDGE_CURVE('',#411,#444,#446,.T.);
#444 = VERTEX_POINT('',#445);
#445 = CARTESIAN_POINT('',(61.4,-8.60464990572,35.));
#446 = SURFACE_CURVE('',#447,(#451,#457),.PCURVE_S1.);
#447 = LINE('',#448,#449);
#448 = CARTESIAN_POINT('',(61.4,-8.60464990572,0.));
#449 = VECTOR('',#450,1.);
#450 = DIRECTION('',(-0.,-0.,-1.));
#451 = PCURVE('',#33,#452);
#452 = DEFINITIONAL_REPRESENTATION('',(#453),#456);
#453 = B_SPLINE_CURVE_WITH_KNOTS('',1,(#454,#455),.UNSPECIFIED.,.F.,.F.,
  (2,2),(-79.,-31.),.PIECEWISE_BEZIER_KNOTS.);
#454 = CARTESIAN_POINT('',(-6.143951198556,-79.));
#455 = CARTESIAN_POINT('',(-6.143951198556,-31.));
#456 = ( GEOMETRIC_REPRESENTATION_CONTEXT(2) 
PARAMETRIC_REPRESENTATION_CONTEXT() REPRESENTATION_CONTEXT('2D SPACE',''
  ) );
#457 = PCURVE('',#458,#463);
#458 = PLANE('',#459);
#459 = AXIS2_PLACEMENT_3D('',#460,#461,#462);
#460 = CARTESIAN_POINT('',(61.4,-13.,35.));
#461 = DIRECTION('',(1.,0.,0.));
#462 = DIRECTION('',(0.,0.,1.));
#463 = DEFINITIONAL_REPRESENTATION('',(#464),#467);
#464 = B_SPLINE_CURVE_WITH_KNOTS('',1,(#465,#466),.UNSPECIFIED.,.F.,.F.,
  (2,2),(-79.,-31.),.PIECEWISE_BEZIER_KNOTS.);
#465 = CARTESIAN_POINT('',(44.,-4.39535009428));
#466 = CARTESIAN_POINT('',(-4.,-4.39535009428));
#467 = ( GEOMETRIC_REPRESENTATION_CONTEXT(2) 
PARAMETRIC_REPRESENTATION_CONTEXT() REPRESENTATION_CONTEXT('2D SPACE',''
  ) );
#468 = ORIENTED_EDGE('',*,*,#469,.F.);
#469 = EDGE_CURVE('',#385,#444,#470,.T.);
#470 = SURFACE_CURVE('',#471,(#476,#483),.PCURVE_S1.);
#471 = CIRCLE('',#472,62.);
#472 = AXIS2_PLACEMENT_3D('',#473,#474,#475);
#473 = CARTESIAN_POINT('',(0.,0.,35.));
#474 = DIRECTION('',(0.,0.,-1.));
#475 = DIRECTION('',(1.,0.,0.));
#476 = PCURVE('',#33,#477);
#477 = DEFINITIONAL_REPRESENTATION('',(#478),#482);
#478 = LINE('',#479,#480);
#479 = CARTESIAN_POINT('',(-12.56637061435,-35.));
#480 = VECTOR('',#481,1.);
#481 = DIRECTION('',(1.,-0.));
#482 = ( GEOMETRIC_REPRESENTATION_CONTEXT(2) 
PARAMETRIC_REPRESENTATION_CONTEXT() REPRESENTATION_CONTEXT('2D SPACE',''
  ) );
#483 = PCURVE('',#484,#489);
#484 = PLANE('',#485);
#485 = AXIS2_PLACEMENT_3D('',#486,#487,#488);
#486 = CARTESIAN_POINT('',(61.4,-13.,35.));
#487 = DIRECTION('',(0.,0.,1.));
#488 = DIRECTION('',(1.,0.,0.));
#489 = DEFINITIONAL_REPRESENTATION('',(#490),#498);
#490 = ( BOUNDED_CURVE() B_SPLINE_CURVE(2,(#491,#492,#493,#494,#495,#496
,#497),.UNSPECIFIED.,.T.,.F.) B_SPLINE_CURVE_WITH_KNOTS((1,2,2,2,2,1),(
    -2.094395102393,0.,2.094395102393,4.188790204786,6.28318530718,
8.377580409573),.UNSPECIFIED.) CURVE() GEOMETRIC_REPRESENTATION_ITEM() 
RATIONAL_B_SPLINE_CURVE((1.,0.5,1.,0.5,1.,0.5,1.)) REPRESENTATION_ITEM(
  '') );
#491 = CARTESIAN_POINT('',(0.6,13.));
#492 = CARTESIAN_POINT('',(0.6,-94.38715006927));
#493 = CARTESIAN_POINT('',(-92.4,-40.69357503463));
#494 = CARTESIAN_POINT('',(-185.4,13.));
#495 = CARTESIAN_POINT('',(-92.4,66.693575034635));
#496 = CARTESIAN_POINT('',(0.6,120.38715006927));
#497 = CARTESIAN_POINT('',(0.6,13.));
#498 = ( GEOMETRIC_REPRESENTATION_CONTEXT(2) 
PARAMETRIC_REPRESENTATION_CONTEXT() REPRESENTATION_CONTEXT('2D SPACE',''
  ) );
#499 = FACE_BOUND('',#500,.F.);
#500 = EDGE_LOOP('',(#501,#536,#562,#595));
#501 = ORIENTED_EDGE('',*,*,#502,.T.);
#502 = EDGE_CURVE('',#503,#505,#507,.T.);
#503 = VERTEX_POINT('',#504);
#504 = CARTESIAN_POINT('',(5.738764149808,-61.73383663788,44.));
#505 = VERTEX_POINT('',#506);
#506 = CARTESIAN_POINT('',(0.745616476035,-61.99551641909,44.));
#507 = SURFACE_CURVE('',#508,(#513,#520),.PCURVE_S1.);
#508 = CIRCLE('',#509,62.);
#509 = AXIS2_PLACEMENT_3D('',#510,#511,#512);
#510 = CARTESIAN_POINT('',(0.,0.,44.));
#511 = DIRECTION('',(0.,0.,-1.));
#512 = DIRECTION('',(1.,0.,0.));
#513 = PCURVE('',#33,#514);
#514 = DEFINITIONAL_REPRESENTATION('',(#515),#519);
#515 = LINE('',#516,#517);
#516 = CARTESIAN_POINT('',(-6.28318530718,-44.));
#517 = VECTOR('',#518,1.);
#518 = DIRECTION('',(1.,-0.));
#519 = ( GEOMETRIC_REPRESENTATION_CONTEXT(2) 
PARAMETRIC_REPRESENTATION_CONTEXT() REPRESENTATION_CONTEXT('2D SPACE',''
  ) );
#520 = PCURVE('',#521,#526);
#521 = PLANE('',#522);
#522 = AXIS2_PLACEMENT_3D('',#523,#524,#525);
#523 = CARTESIAN_POINT('',(0.329567800233,-54.05683476735,44.));
#524 = DIRECTION('',(0.,0.,1.));
#525 = DIRECTION('',(5.233595624294E-02,-0.998629534755,0.));
#526 = DEFINITIONAL_REPRESENTATION('',(#527),#535);
#527 = ( BOUNDED_CURVE() B_SPLINE_CURVE(2,(#528,#529,#530,#531,#532,#533
,#534),.UNSPECIFIED.,.T.,.F.) B_SPLINE_CURVE_WITH_KNOTS((1,2,2,2,2,1),(
    -2.094395102393,0.,2.094395102393,4.188790204786,6.28318530718,
8.377580409573),.UNSPECIFIED.) CURVE() GEOMETRIC_REPRESENTATION_ITEM() 
RATIONAL_B_SPLINE_CURVE((1.,0.5,1.,0.5,1.,0.5,1.)) REPRESENTATION_ITEM(
  '') );
#528 = CARTESIAN_POINT('',(-50.75517071293,64.415031154784));
#529 = CARTESIAN_POINT('',(56.484808999358,58.794821967704));
#530 = CARTESIAN_POINT('',(-2.002424787384,-31.26762017093));
#531 = CARTESIAN_POINT('',(-60.48965857412,-121.3300623095));
#532 = CARTESIAN_POINT('',(-109.2424044996,-25.64741098385));
#533 = CARTESIAN_POINT('',(-157.9951504252,70.035240341863));
#534 = CARTESIAN_POINT('',(-50.75517071293,64.415031154784));
#535 = ( GEOMETRIC_REPRESENTATION_CONTEXT(2) 
PARAMETRIC_REPRESENTATION_CONTEXT() REPRESENTATION_CONTEXT('2D SPACE',''
  ) );
#536 = ORIENTED_EDGE('',*,*,#537,.T.);
#537 = EDGE_CURVE('',#505,#538,#540,.T.);
#538 = VERTEX_POINT('',#539);
#539 = CARTESIAN_POINT('',(0.745616476035,-61.99551641909,22.));
#540 = SURFACE_CURVE('',#541,(#545,#551),.PCURVE_S1.);
#541 = LINE('',#542,#543);
#542 = CARTESIAN_POINT('',(0.745616476035,-61.99551641909,0.));
#543 = VECTOR('',#544,1.);
#544 = DIRECTION('',(-0.,-0.,-1.));
#545 = PCURVE('',#33,#546);
#546 = DEFINITIONAL_REPRESENTATION('',(#547),#550);
#547 = B_SPLINE_CURVE_WITH_KNOTS('',1,(#548,#549),.UNSPECIFIED.,.F.,.F.,
  (2,2),(-46.2,-19.8),.PIECEWISE_BEZIER_KNOTS.);
#548 = CARTESIAN_POINT('',(-4.724415342479,-46.2));
#549 = CARTESIAN_POINT('',(-4.724415342479,-19.8));
#550 = ( GEOMETRIC_REPRESENTATION_CONTEXT(2) 
PARAMETRIC_REPRESENTATION_CONTEXT() REPRESENTATION_CONTEXT('2D SPACE',''
  ) );
#551 = PCURVE('',#552,#557);
#552 = PLANE('',#553);
#553 = AXIS2_PLACEMENT_3D('',#554,#555,#556);
#554 = CARTESIAN_POINT('',(0.329567800233,-54.05683476735,22.));
#555 = DIRECTION('',(0.998629534755,5.233595624294E-02,0.));
#556 = DIRECTION('',(0.,0.,1.));
#557 = DEFINITIONAL_REPRESENTATION('',(#558),#561);
#558 = B_SPLINE_CURVE_WITH_KNOTS('',1,(#559,#560),.UNSPECIFIED.,.F.,.F.,
  (2,2),(-46.2,-19.8),.PIECEWISE_BEZIER_KNOTS.);
#559 = CARTESIAN_POINT('',(24.2,7.949576269737));
#560 = CARTESIAN_POINT('',(-2.2,7.949576269737));
#561 = ( GEOMETRIC_REPRESENTATION_CONTEXT(2) 
PARAMETRIC_REPRESENTATION_CONTEXT() REPRESENTATION_CONTEXT('2D SPACE',''
  ) );
#562 = ORIENTED_EDGE('',*,*,#563,.F.);
#563 = EDGE_CURVE('',#564,#538,#566,.T.);
#564 = VERTEX_POINT('',#565);
#565 = CARTESIAN_POINT('',(5.738764149808,-61.73383663788,22.));
#566 = SURFACE_CURVE('',#567,(#572,#579),.PCURVE_S1.);
#567 = CIRCLE('',#568,62.);
#568 = AXIS2_PLACEMENT_3D('',#569,#570,#571);
#569 = CARTESIAN_POINT('',(0.,0.,22.));
#570 = DIRECTION('',(0.,0.,-1.));
#571 = DIRECTION('',(1.,0.,0.));
#572 = PCURVE('',#33,#573);
#573 = DEFINITIONAL_REPRESENTATION('',(#574),#578);
#574 = LINE('',#575,#576);
#575 = CARTESIAN_POINT('',(-6.28318530718,-22.));
#576 = VECTOR('',#577,1.);
#577 = DIRECTION('',(1.,-0.));
#578 = ( GEOMETRIC_REPRESENTATION_CONTEXT(2) 
PARAMETRIC_REPRESENTATION_CONTEXT() REPRESENTATION_CONTEXT('2D SPACE',''
  ) );
#579 = PCURVE('',#580,#585);
#580 = PLANE('',#581);
#581 = AXIS2_PLACEMENT_3D('',#582,#583,#584);
#582 = CARTESIAN_POINT('',(0.329567800233,-54.05683476735,22.));
#583 = DIRECTION('',(0.,0.,1.));
#584 = DIRECTION('',(5.233595624294E-02,-0.998629534755,0.));
#585 = DEFINITIONAL_REPRESENTATION('',(#586),#594);
#586 = ( BOUNDED_CURVE() B_SPLINE_CURVE(2,(#587,#588,#589,#590,#591,#592
,#593),.UNSPECIFIED.,.T.,.F.) B_SPLINE_CURVE_WITH_KNOTS((1,2,2,2,2,1),(
    -2.094395102393,0.,2.094395102393,4.188790204786,6.28318530718,
8.377580409573),.UNSPECIFIED.) CURVE() GEOMETRIC_REPRESENTATION_ITEM() 
RATIONAL_B_SPLINE_CURVE((1.,0.5,1.,0.5,1.,0.5,1.)) REPRESENTATION_ITEM(
  '') );
#587 = CARTESIAN_POINT('',(-50.75517071293,64.415031154784));
#588 = CARTESIAN_POINT('',(56.484808999358,58.794821967704));
#589 = CARTESIAN_POINT('',(-2.002424787384,-31.26762017093));
#590 = CARTESIAN_POINT('',(-60.48965857412,-121.3300623095));
#591 = CARTESIAN_POINT('',(-109.2424044996,-25.64741098385));
#592 = CARTESIAN_POINT('',(-157.9951504252,70.035240341863));
#593 = CARTESIAN_POINT('',(-50.75517071293,64.415031154784));
#594 = ( GEOMETRIC_REPRESENTATION_CONTEXT(2) 
PARAMETRIC_REPRESENTATION_CONTEXT() REPRESENTATION_CONTEXT('2D SPACE',''
  ) );
#595 = ORIENTED_EDGE('',*,*,#596,.F.);
#596 = EDGE_CURVE('',#503,#564,#597,.T.);
#597 = SURFACE_CURVE('',#598,(#602,#608),.PCURVE_S1.);
#598 = LINE('',#599,#600);
#599 = CARTESIAN_POINT('',(5.738764149808,-61.73383663788,0.));
#600 = VECTOR('',#601,1.);
#601 = DIRECTION('',(-0.,-0.,-1.));
#602 = PCURVE('',#33,#603);
#603 = DEFINITIONAL_REPRESENTATION('',(#604),#607);
#604 = B_SPLINE_CURVE_WITH_KNOTS('',1,(#605,#606),.UNSPECIFIED.,.F.,.F.,
  (2,2),(-46.2,-19.8),.PIECEWISE_BEZIER_KNOTS.);
#605 = CARTESIAN_POINT('',(-4.80508237341,-46.2));
#606 = CARTESIAN_POINT('',(-4.80508237341,-19.8));
#607 = ( GEOMETRIC_REPRESENTATION_CONTEXT(2) 
PARAMETRIC_REPRESENTATION_CONTEXT() REPRESENTATION_CONTEXT('2D SPACE',''
  ) );
#608 = PCURVE('',#609,#614);
#609 = PLANE('',#610);
#610 = AXIS2_PLACEMENT_3D('',#611,#612,#613);
#611 = CARTESIAN_POINT('',(5.322715474005,-53.79515498614,22.));
#612 = DIRECTION('',(0.998629534755,5.233595624294E-02,0.));
#613 = DIRECTION('',(0.,0.,1.));
#614 = DEFINITIONAL_REPRESENTATION('',(#615),#618);
#615 = B_SPLINE_CURVE_WITH_KNOTS('',1,(#616,#617),.UNSPECIFIED.,.F.,.F.,
  (2,2),(-46.2,-19.8),.PIECEWISE_BEZIER_KNOTS.);
#616 = CARTESIAN_POINT('',(24.2,7.949576269737));
#617 = CARTESIAN_POINT('',(-2.2,7.949576269737));
#618 = ( GEOMETRIC_REPRESENTATION_CONTEXT(2) 
PARAMETRIC_REPRESENTATION_CONTEXT() REPRESENTATION_CONTEXT('2D SPACE',''
  ) );
#619 = FACE_BOUND('',#620,.F.);
#620 = EDGE_LOOP('',(#621,#656,#682,#715));
#621 = ORIENTED_EDGE('',*,*,#622,.T.);
#622 = EDGE_CURVE('',#623,#625,#627,.T.);
#623 = VERTEX_POINT('',#624);
#624 = CARTESIAN_POINT('',(0.745616476035,61.995516419098,44.));
#625 = VERTEX_POINT('',#626);
#626 = CARTESIAN_POINT('',(5.738764149808,61.733836637883,44.));
#627 = SURFACE_CURVE('',#628,(#633,#640),.PCURVE_S1.);
#628 = CIRCLE('',#629,62.);
#629 = AXIS2_PLACEMENT_3D('',#630,#631,#632);
#630 = CARTESIAN_POINT('',(0.,0.,44.));
#631 = DIRECTION('',(0.,0.,-1.));
#632 = DIRECTION('',(1.,0.,0.));
#633 = PCURVE('',#33,#634);
#634 = DEFINITIONAL_REPRESENTATION('',(#635),#639);
#635 = LINE('',#636,#637);
#636 = CARTESIAN_POINT('',(-12.56637061435,-44.));
#637 = VECTOR('',#638,1.);
#638 = DIRECTION('',(1.,-0.));
#639 = ( GEOMETRIC_REPRESENTATION_CONTEXT(2) 
PARAMETRIC_REPRESENTATION_CONTEXT() REPRESENTATION_CONTEXT('2D SPACE',''
  ) );
#640 = PCURVE('',#641,#646);
#641 = PLANE('',#642);
#642 = AXIS2_PLACEMENT_3D('',#643,#644,#645);
#643 = CARTESIAN_POINT('',(5.322715474005,53.79515498614,44.));
#644 = DIRECTION('',(0.,0.,1.));
#645 = DIRECTION('',(5.233595624294E-02,0.998629534755,0.));
#646 = DEFINITIONAL_REPRESENTATION('',(#647),#655);
#647 = ( BOUNDED_CURVE() B_SPLINE_CURVE(2,(#648,#649,#650,#651,#652,#653
,#654),.UNSPECIFIED.,.T.,.F.) B_SPLINE_CURVE_WITH_KNOTS((1,2,2,2,2,1),(
    -2.094395102393,0.,2.094395102393,4.188790204786,6.28318530718,
8.377580409573),.UNSPECIFIED.) CURVE() GEOMETRIC_REPRESENTATION_ITEM() 
RATIONAL_B_SPLINE_CURVE((1.,0.5,1.,0.5,1.,0.5,1.)) REPRESENTATION_ITEM(
  '') );
#648 = CARTESIAN_POINT('',(-50.75517071293,-59.41503115478));
#649 = CARTESIAN_POINT('',(-157.9951504252,-65.03524034186));
#650 = CARTESIAN_POINT('',(-109.2424044996,30.647410983852));
#651 = CARTESIAN_POINT('',(-60.48965857412,126.33006230956));
#652 = CARTESIAN_POINT('',(-2.002424787384,36.267620170932));
#653 = CARTESIAN_POINT('',(56.484808999358,-53.7948219677));
#654 = CARTESIAN_POINT('',(-50.75517071293,-59.41503115478));
#655 = ( GEOMETRIC_REPRESENTATION_CONTEXT(2) 
PARAMETRIC_REPRESENTATION_CONTEXT() REPRESENTATION_CONTEXT('2D SPACE',''
  ) );
#656 = ORIENTED_EDGE('',*,*,#657,.T.);
#657 = EDGE_CURVE('',#625,#658,#660,.T.);
#658 = VERTEX_POINT('',#659);
#659 = CARTESIAN_POINT('',(5.738764149808,61.733836637883,22.));
#660 = SURFACE_CURVE('',#661,(#665,#671),.PCURVE_S1.);
#661 = LINE('',#662,#663);
#662 = CARTESIAN_POINT('',(5.738764149808,61.733836637883,0.));
#663 = VECTOR('',#664,1.);
#664 = DIRECTION('',(-0.,-0.,-1.));
#665 = PCURVE('',#33,#666);
#666 = DEFINITIONAL_REPRESENTATION('',(#667),#670);
#667 = B_SPLINE_CURVE_WITH_KNOTS('',1,(#668,#669),.UNSPECIFIED.,.F.,.F.,
  (2,2),(-46.2,-19.8),.PIECEWISE_BEZIER_KNOTS.);
#668 = CARTESIAN_POINT('',(-7.761288240949,-46.2));
#669 = CARTESIAN_POINT('',(-7.761288240949,-19.8));
#670 = ( GEOMETRIC_REPRESENTATION_CONTEXT(2) 
PARAMETRIC_REPRESENTATION_CONTEXT() REPRESENTATION_CONTEXT('2D SPACE',''
  ) );
#671 = PCURVE('',#672,#677);
#672 = PLANE('',#673);
#673 = AXIS2_PLACEMENT_3D('',#674,#675,#676);
#674 = CARTESIAN_POINT('',(5.322715474005,53.79515498614,22.));
#675 = DIRECTION('',(-0.998629534755,5.233595624294E-02,0.));
#676 = DIRECTION('',(0.,0.,1.));
#677 = DEFINITIONAL_REPRESENTATION('',(#678),#681);
#678 = B_SPLINE_CURVE_WITH_KNOTS('',1,(#679,#680),.UNSPECIFIED.,.F.,.F.,
  (2,2),(-46.2,-19.8),.PIECEWISE_BEZIER_KNOTS.);
#679 = CARTESIAN_POINT('',(24.2,7.949576269737));
#680 = CARTESIAN_POINT('',(-2.2,7.949576269737));
#681 = ( GEOMETRIC_REPRESENTATION_CONTEXT(2) 
PARAMETRIC_REPRESENTATION_CONTEXT() REPRESENTATION_CONTEXT('2D SPACE',''
  ) );
#682 = ORIENTED_EDGE('',*,*,#683,.F.);
#683 = EDGE_CURVE('',#684,#658,#686,.T.);
#684 = VERTEX_POINT('',#685);
#685 = CARTESIAN_POINT('',(0.745616476035,61.995516419098,22.));
#686 = SURFACE_CURVE('',#687,(#692,#699),.PCURVE_S1.);
#687 = CIRCLE('',#688,62.);
#688 = AXIS2_PLACEMENT_3D('',#689,#690,#691);
#689 = CARTESIAN_POINT('',(0.,0.,22.));
#690 = DIRECTION('',(0.,0.,-1.));
#691 = DIRECTION('',(1.,0.,0.));
#692 = PCURVE('',#33,#693);
#693 = DEFINITIONAL_REPRESENTATION('',(#694),#698);
#694 = LINE('',#695,#696);
#695 = CARTESIAN_POINT('',(-12.56637061435,-22.));
#696 = VECTOR('',#697,1.);
#697 = DIRECTION('',(1.,-0.));
#698 = ( GEOMETRIC_REPRESENTATION_CONTEXT(2) 
PARAMETRIC_REPRESENTATION_CONTEXT() REPRESENTATION_CONTEXT('2D SPACE',''
  ) );
#699 = PCURVE('',#700,#705);
#700 = PLANE('',#701);
#701 = AXIS2_PLACEMENT_3D('',#702,#703,#704);
#702 = CARTESIAN_POINT('',(5.322715474005,53.79515498614,22.));
#703 = DIRECTION('',(0.,0.,1.));
#704 = DIRECTION('',(5.233595624294E-02,0.998629534755,0.));
#705 = DEFINITIONAL_REPRESENTATION('',(#706),#714);
#706 = ( BOUNDED_CURVE() B_SPLINE_CURVE(2,(#707,#708,#709,#710,#711,#712
,#713),.UNSPECIFIED.,.T.,.F.) B_SPLINE_CURVE_WITH_KNOTS((1,2,2,2,2,1),(
    -2.094395102393,0.,2.094395102393,4.188790204786,6.28318530718,
8.377580409573),.UNSPECIFIED.) CURVE() GEOMETRIC_REPRESENTATION_ITEM() 
RATIONAL_B_SPLINE_CURVE((1.,0.5,1.,0.5,1.,0.5,1.)) REPRESENTATION_ITEM(
  '') );
#707 = CARTESIAN_POINT('',(-50.75517071293,-59.41503115478));
#708 = CARTESIAN_POINT('',(-157.9951504252,-65.03524034186));
#709 = CARTESIAN_POINT('',(-109.2424044996,30.647410983852));
#710 = CARTESIAN_POINT('',(-60.48965857412,126.33006230956));
#711 = CARTESIAN_POINT('',(-2.002424787384,36.267620170932));
#712 = CARTESIAN_POINT('',(56.484808999358,-53.7948219677));
#713 = CARTESIAN_POINT('',(-50.75517071293,-59.41503115478));
#714 = ( GEOMETRIC_REPRESENTATION_CONTEXT(2) 
PARAMETRIC_REPRESENTATION_CONTEXT() REPRESENTATION_CONTEXT('2D SPACE',''
  ) );
#715 = ORIENTED_EDGE('',*,*,#716,.F.);
#716 = EDGE_CURVE('',#623,#684,#717,.T.);
#717 = SURFACE_CURVE('',#718,(#722,#728),.PCURVE_S1.);
#718 = LINE('',#719,#720);
#719 = CARTESIAN_POINT('',(0.745616476035,61.995516419098,0.));
#720 = VECTOR('',#721,1.);
#721 = DIRECTION('',(-0.,-0.,-1.));
#722 = PCURVE('',#33,#723);
#723 = DEFINITIONAL_REPRESENTATION('',(#724),#727);
#724 = B_SPLINE_CURVE_WITH_KNOTS('',1,(#725,#726),.UNSPECIFIED.,.F.,.F.,
  (2,2),(-46.2,-19.8),.PIECEWISE_BEZIER_KNOTS.);
#725 = CARTESIAN_POINT('',(-7.84195527188,-46.2));
#726 = CARTESIAN_POINT('',(-7.84195527188,-19.8));
#727 = ( GEOMETRIC_REPRESENTATION_CONTEXT(2) 
PARAMETRIC_REPRESENTATION_CONTEXT() REPRESENTATION_CONTEXT('2D SPACE',''
  ) );
#728 = PCURVE('',#729,#734);
#729 = PLANE('',#730);
#730 = AXIS2_PLACEMENT_3D('',#731,#732,#733);
#731 = CARTESIAN_POINT('',(0.329567800233,54.056834767354,22.));
#732 = DIRECTION('',(-0.998629534755,5.233595624294E-02,0.));
#733 = DIRECTION('',(0.,0.,1.));
#734 = DEFINITIONAL_REPRESENTATION('',(#735),#738);
#735 = B_SPLINE_CURVE_WITH_KNOTS('',1,(#736,#737),.UNSPECIFIED.,.F.,.F.,
  (2,2),(-46.2,-19.8),.PIECEWISE_BEZIER_KNOTS.);
#736 = CARTESIAN_POINT('',(24.2,7.949576269737));
#737 = CARTESIAN_POINT('',(-2.2,7.949576269737));
#738 = ( GEOMETRIC_REPRESENTATION_CONTEXT(2) 
PARAMETRIC_REPRESENTATION_CONTEXT() REPRESENTATION_CONTEXT('2D SPACE',''
  ) );
#739 = ADVANCED_FACE('',(#740),#45,.F.);
#740 = FACE_BOUND('',#741,.F.);
#741 = EDGE_LOOP('',(#742,#743,#766,#795));
#742 = ORIENTED_EDGE('',*,*,#21,.T.);
#743 = ORIENTED_EDGE('',*,*,#744,.T.);
#744 = EDGE_CURVE('',#24,#745,#747,.T.);
#745 = VERTEX_POINT('',#746);
#746 = CARTESIAN_POINT('',(-15.01150461594,56.023697924766,0.));
#747 = SURFACE_CURVE('',#748,(#752,#759),.PCURVE_S1.);
#748 = LINE('',#749,#750);
#749 = CARTESIAN_POINT('',(-20.05847599544,74.859251537403,0.));
#750 = VECTOR('',#751,1.);
#751 = DIRECTION('',(0.258819045103,-0.965925826289,0.));
#752 = PCURVE('',#45,#753);
#753 = DEFINITIONAL_REPRESENTATION('',(#754),#758);
#754 = LINE('',#755,#756);
#755 = CARTESIAN_POINT('',(-20.05847599544,74.859251537403));
#756 = VECTOR('',#757,1.);
#757 = DIRECTION('',(0.258819045103,-0.965925826289));
#758 = ( GEOMETRIC_REPRESENTATION_CONTEXT(2) 
PARAMETRIC_REPRESENTATION_CONTEXT() REPRESENTATION_CONTEXT('2D SPACE',''
  ) );
#759 = PCURVE('',#129,#760);
#760 = DEFINITIONAL_REPRESENTATION('',(#761),#765);
#761 = LINE('',#762,#763);
#762 = CARTESIAN_POINT('',(0.,0.));
#763 = VECTOR('',#764,1.);
#764 = DIRECTION('',(1.,0.));
#765 = ( GEOMETRIC_REPRESENTATION_CONTEXT(2) 
PARAMETRIC_REPRESENTATION_CONTEXT() REPRESENTATION_CONTEXT('2D SPACE',''
  ) );
#766 = ORIENTED_EDGE('',*,*,#767,.F.);
#767 = EDGE_CURVE('',#768,#745,#770,.T.);
#768 = VERTEX_POINT('',#769);
#769 = CARTESIAN_POINT('',(-15.01150461594,-56.02369792476,0.));
#770 = SURFACE_CURVE('',#771,(#776,#783),.PCURVE_S1.);
#771 = CIRCLE('',#772,58.);
#772 = AXIS2_PLACEMENT_3D('',#773,#774,#775);
#773 = CARTESIAN_POINT('',(0.,0.,0.));
#774 = DIRECTION('',(0.,0.,1.));
#775 = DIRECTION('',(-0.258819045103,-0.965925826289,0.));
#776 = PCURVE('',#45,#777);
#777 = DEFINITIONAL_REPRESENTATION('',(#778),#782);
#778 = CIRCLE('',#779,58.);
#779 = AXIS2_PLACEMENT_2D('',#780,#781);
#780 = CARTESIAN_POINT('',(2.823102209114E-15,-3.115267699989E-15));
#781 = DIRECTION('',(-0.258819045103,-0.965925826289));
#782 = ( GEOMETRIC_REPRESENTATION_CONTEXT(2) 
PARAMETRIC_REPRESENTATION_CONTEXT() REPRESENTATION_CONTEXT('2D SPACE',''
  ) );
#783 = PCURVE('',#784,#789);
#784 = CYLINDRICAL_SURFACE('',#785,58.);
#785 = AXIS2_PLACEMENT_3D('',#786,#787,#788);
#786 = CARTESIAN_POINT('',(0.,0.,0.));
#787 = DIRECTION('',(-0.,-0.,-1.));
#788 = DIRECTION('',(1.,0.,0.));
#789 = DEFINITIONAL_REPRESENTATION('',(#790),#794);
#790 = LINE('',#791,#792);
#791 = CARTESIAN_POINT('',(-4.450589592586,0.));
#792 = VECTOR('',#793,1.);
#793 = DIRECTION('',(-1.,0.));
#794 = ( GEOMETRIC_REPRESENTATION_CONTEXT(2) 
PARAMETRIC_REPRESENTATION_CONTEXT() REPRESENTATION_CONTEXT('2D SPACE',''
  ) );
#795 = ORIENTED_EDGE('',*,*,#796,.T.);
#796 = EDGE_CURVE('',#768,#22,#797,.T.);
#797 = SURFACE_CURVE('',#798,(#802,#809),.PCURVE_S1.);
#798 = LINE('',#799,#800);
#799 = CARTESIAN_POINT('',(0.,0.,0.));
#800 = VECTOR('',#801,1.);
#801 = DIRECTION('',(-0.258819045103,-0.965925826289,0.));
#802 = PCURVE('',#45,#803);
#803 = DEFINITIONAL_REPRESENTATION('',(#804),#808);
#804 = LINE('',#805,#806);
#805 = CARTESIAN_POINT('',(2.823102209114E-15,-3.115267699989E-15));
#806 = VECTOR('',#807,1.);
#807 = DIRECTION('',(-0.258819045103,-0.965925826289));
#808 = ( GEOMETRIC_REPRESENTATION_CONTEXT(2) 
PARAMETRIC_REPRESENTATION_CONTEXT() REPRESENTATION_CONTEXT('2D SPACE',''
  ) );
#809 = PCURVE('',#72,#810);
#810 = DEFINITIONAL_REPRESENTATION('',(#811),#815);
#811 = LINE('',#812,#813);
#812 = CARTESIAN_POINT('',(0.,0.));
#813 = VECTOR('',#814,1.);
#814 = DIRECTION('',(1.,0.));
#815 = ( GEOMETRIC_REPRESENTATION_CONTEXT(2) 
PARAMETRIC_REPRESENTATION_CONTEXT() REPRESENTATION_CONTEXT('2D SPACE',''
  ) );
#816 = ADVANCED_FACE('',(#817),#72,.F.);
#817 = FACE_BOUND('',#818,.F.);
#818 = EDGE_LOOP('',(#819,#820,#841,#862));
#819 = ORIENTED_EDGE('',*,*,#796,.F.);
#820 = ORIENTED_EDGE('',*,*,#821,.F.);
#821 = EDGE_CURVE('',#822,#768,#824,.T.);
#822 = VERTEX_POINT('',#823);
#823 = CARTESIAN_POINT('',(-15.01150461594,-56.02369792476,110.));
#824 = SURFACE_CURVE('',#825,(#829,#835),.PCURVE_S1.);
#825 = LINE('',#826,#827);
#826 = CARTESIAN_POINT('',(-15.01150461594,-56.02369792476,0.));
#827 = VECTOR('',#828,1.);
#828 = DIRECTION('',(-0.,-0.,-1.));
#829 = PCURVE('',#72,#830);
#830 = DEFINITIONAL_REPRESENTATION('',(#831),#834);
#831 = B_SPLINE_CURVE_WITH_KNOTS('',1,(#832,#833),.UNSPECIFIED.,.F.,.F.,
  (2,2),(-110.0000006,6.E-07),.PIECEWISE_BEZIER_KNOTS.);
#832 = CARTESIAN_POINT('',(58.,-110.0000006));
#833 = CARTESIAN_POINT('',(58.,6.E-07));
#834 = ( GEOMETRIC_REPRESENTATION_CONTEXT(2) 
PARAMETRIC_REPRESENTATION_CONTEXT() REPRESENTATION_CONTEXT('2D SPACE',''
  ) );
#835 = PCURVE('',#784,#836);
#836 = DEFINITIONAL_REPRESENTATION('',(#837),#840);
#837 = B_SPLINE_CURVE_WITH_KNOTS('',1,(#838,#839),.UNSPECIFIED.,.F.,.F.,
  (2,2),(-110.,0.),.PIECEWISE_BEZIER_KNOTS.);
#838 = CARTESIAN_POINT('',(-4.450589592586,-110.));
#839 = CARTESIAN_POINT('',(-4.450589592586,0.));
#840 = ( GEOMETRIC_REPRESENTATION_CONTEXT(2) 
PARAMETRIC_REPRESENTATION_CONTEXT() REPRESENTATION_CONTEXT('2D SPACE',''
  ) );
#841 = ORIENTED_EDGE('',*,*,#842,.T.);
#842 = EDGE_CURVE('',#822,#58,#843,.T.);
#843 = SURFACE_CURVE('',#844,(#848,#855),.PCURVE_S1.);
#844 = LINE('',#845,#846);
#845 = CARTESIAN_POINT('',(0.,0.,110.));
#846 = VECTOR('',#847,1.);
#847 = DIRECTION('',(-0.258819045103,-0.965925826289,0.));
#848 = PCURVE('',#72,#849);
#849 = DEFINITIONAL_REPRESENTATION('',(#850),#854);
#850 = LINE('',#851,#852);
#851 = CARTESIAN_POINT('',(0.,-110.));
#852 = VECTOR('',#853,1.);
#853 = DIRECTION('',(1.,0.));
#854 = ( GEOMETRIC_REPRESENTATION_CONTEXT(2) 
PARAMETRIC_REPRESENTATION_CONTEXT() REPRESENTATION_CONTEXT('2D SPACE',''
  ) );
#855 = PCURVE('',#100,#856);
#856 = DEFINITIONAL_REPRESENTATION('',(#857),#861);
#857 = LINE('',#858,#859);
#858 = CARTESIAN_POINT('',(2.823102209114E-15,-3.115267699989E-15));
#859 = VECTOR('',#860,1.);
#860 = DIRECTION('',(-0.258819045103,-0.965925826289));
#861 = ( GEOMETRIC_REPRESENTATION_CONTEXT(2) 
PARAMETRIC_REPRESENTATION_CONTEXT() REPRESENTATION_CONTEXT('2D SPACE',''
  ) );
#862 = ORIENTED_EDGE('',*,*,#57,.T.);
#863 = ADVANCED_FACE('',(#864),#129,.F.);
#864 = FACE_BOUND('',#865,.F.);
#865 = EDGE_LOOP('',(#866,#867,#868,#891));
#866 = ORIENTED_EDGE('',*,*,#744,.F.);
#867 = ORIENTED_EDGE('',*,*,#116,.F.);
#868 = ORIENTED_EDGE('',*,*,#869,.T.);
#869 = EDGE_CURVE('',#84,#870,#872,.T.);
#870 = VERTEX_POINT('',#871);
#871 = CARTESIAN_POINT('',(-15.01150461594,56.023697924766,110.));
#872 = SURFACE_CURVE('',#873,(#877,#884),.PCURVE_S1.);
#873 = LINE('',#874,#875);
#874 = CARTESIAN_POINT('',(-20.05847599544,74.859251537403,110.));
#875 = VECTOR('',#876,1.);
#876 = DIRECTION('',(0.258819045103,-0.965925826289,0.));
#877 = PCURVE('',#129,#878);
#878 = DEFINITIONAL_REPRESENTATION('',(#879),#883);
#879 = LINE('',#880,#881);
#880 = CARTESIAN_POINT('',(0.,-110.));
#881 = VECTOR('',#882,1.);
#882 = DIRECTION('',(1.,0.));
#883 = ( GEOMETRIC_REPRESENTATION_CONTEXT(2) 
PARAMETRIC_REPRESENTATION_CONTEXT() REPRESENTATION_CONTEXT('2D SPACE',''
  ) );
#884 = PCURVE('',#100,#885);
#885 = DEFINITIONAL_REPRESENTATION('',(#886),#890);
#886 = LINE('',#887,#888);
#887 = CARTESIAN_POINT('',(-20.05847599544,74.859251537403));
#888 = VECTOR('',#889,1.);
#889 = DIRECTION('',(0.258819045103,-0.965925826289));
#890 = ( GEOMETRIC_REPRESENTATION_CONTEXT(2) 
PARAMETRIC_REPRESENTATION_CONTEXT() REPRESENTATION_CONTEXT('2D SPACE',''
  ) );
#891 = ORIENTED_EDGE('',*,*,#892,.T.);
#892 = EDGE_CURVE('',#870,#745,#893,.T.);
#893 = SURFACE_CURVE('',#894,(#898,#904),.PCURVE_S1.);
#894 = LINE('',#895,#896);
#895 = CARTESIAN_POINT('',(-15.01150461594,56.023697924766,0.));
#896 = VECTOR('',#897,1.);
#897 = DIRECTION('',(-0.,-0.,-1.));
#898 = PCURVE('',#129,#899);
#899 = DEFINITIONAL_REPRESENTATION('',(#900),#903);
#900 = B_SPLINE_CURVE_WITH_KNOTS('',1,(#901,#902),.UNSPECIFIED.,.F.,.F.,
  (2,2),(-110.0000006,6.E-07),.PIECEWISE_BEZIER_KNOTS.);
#901 = CARTESIAN_POINT('',(19.5,-110.0000006));
#902 = CARTESIAN_POINT('',(19.5,6.E-07));
#903 = ( GEOMETRIC_REPRESENTATION_CONTEXT(2) 
PARAMETRIC_REPRESENTATION_CONTEXT() REPRESENTATION_CONTEXT('2D SPACE',''
  ) );
#904 = PCURVE('',#784,#905);
#905 = DEFINITIONAL_REPRESENTATION('',(#906),#909);
#906 = B_SPLINE_CURVE_WITH_KNOTS('',1,(#907,#908),.UNSPECIFIED.,.F.,.F.,
  (2,2),(-110.,-0.),.PIECEWISE_BEZIER_KNOTS.);
#907 = CARTESIAN_POINT('',(-8.115781021774,-110.));
#908 = CARTESIAN_POINT('',(-8.115781021774,0.));
#909 = ( GEOMETRIC_REPRESENTATION_CONTEXT(2) 
PARAMETRIC_REPRESENTATION_CONTEXT() REPRESENTATION_CONTEXT('2D SPACE',''
  ) );
#910 = ADVANCED_FACE('',(#911),#100,.T.);
#911 = FACE_BOUND('',#912,.T.);
#912 = EDGE_LOOP('',(#913,#914,#915,#916));
#913 = ORIENTED_EDGE('',*,*,#842,.T.);
#914 = ORIENTED_EDGE('',*,*,#83,.F.);
#915 = ORIENTED_EDGE('',*,*,#869,.T.);
#916 = ORIENTED_EDGE('',*,*,#917,.T.);
#917 = EDGE_CURVE('',#870,#822,#918,.T.);
#918 = SURFACE_CURVE('',#919,(#924,#935),.PCURVE_S1.);
#919 = CIRCLE('',#920,58.);
#920 = AXIS2_PLACEMENT_3D('',#921,#922,#923);
#921 = CARTESIAN_POINT('',(0.,0.,110.));
#922 = DIRECTION('',(0.,0.,-1.));
#923 = DIRECTION('',(-0.258819045103,0.965925826289,0.));
#924 = PCURVE('',#100,#925);
#925 = DEFINITIONAL_REPRESENTATION('',(#926),#934);
#926 = ( BOUNDED_CURVE() B_SPLINE_CURVE(2,(#927,#928,#929,#930,#931,#932
,#933),.UNSPECIFIED.,.T.,.F.) B_SPLINE_CURVE_WITH_KNOTS((1,2,2,2,2,1),(
    -2.094395102393,0.,2.094395102393,4.188790204786,6.28318530718,
8.377580409573),.UNSPECIFIED.) CURVE() GEOMETRIC_REPRESENTATION_ITEM() 
RATIONAL_B_SPLINE_CURVE((1.,0.5,1.,0.5,1.,0.5,1.)) REPRESENTATION_ITEM(
  '') );
#927 = CARTESIAN_POINT('',(-15.01150461594,56.023697924766));
#928 = CARTESIAN_POINT('',(82.02438661764,82.024386617639));
#929 = CARTESIAN_POINT('',(56.023697924766,-15.01150461594));
#930 = CARTESIAN_POINT('',(30.023009231892,-112.0473958495));
#931 = CARTESIAN_POINT('',(-41.01219330882,-41.01219330881));
#932 = CARTESIAN_POINT('',(-112.0473958495,30.023009231893));
#933 = CARTESIAN_POINT('',(-15.01150461594,56.023697924766));
#934 = ( GEOMETRIC_REPRESENTATION_CONTEXT(2) 
PARAMETRIC_REPRESENTATION_CONTEXT() REPRESENTATION_CONTEXT('2D SPACE',''
  ) );
#935 = PCURVE('',#784,#936);
#936 = DEFINITIONAL_REPRESENTATION('',(#937),#941);
#937 = LINE('',#938,#939);
#938 = CARTESIAN_POINT('',(-8.115781021774,-110.));
#939 = VECTOR('',#940,1.);
#940 = DIRECTION('',(1.,-0.));
#941 = ( GEOMETRIC_REPRESENTATION_CONTEXT(2) 
PARAMETRIC_REPRESENTATION_CONTEXT() REPRESENTATION_CONTEXT('2D SPACE',''
  ) );
#942 = ADVANCED_FACE('',(#943),#161,.F.);
#943 = FACE_BOUND('',#944,.F.);
#944 = EDGE_LOOP('',(#945,#968,#996,#1017));
#945 = ORIENTED_EDGE('',*,*,#946,.F.);
#946 = EDGE_CURVE('',#947,#143,#949,.T.);
#947 = VERTEX_POINT('',#948);
#948 = CARTESIAN_POINT('',(5.529238162787,-57.73584263989,88.));
#949 = SURFACE_CURVE('',#950,(#954,#961),.PCURVE_S1.);
#950 = LINE('',#951,#952);
#951 = CARTESIAN_POINT('',(5.322715474005,-53.79515498614,88.));
#952 = VECTOR('',#953,1.);
#953 = DIRECTION('',(5.233595624294E-02,-0.998629534755,0.));
#954 = PCURVE('',#161,#955);
#955 = DEFINITIONAL_REPRESENTATION('',(#956),#960);
#956 = LINE('',#957,#958);
#957 = CARTESIAN_POINT('',(-4.218847493576E-15,5.));
#958 = VECTOR('',#959,1.);
#959 = DIRECTION('',(1.,0.));
#960 = ( GEOMETRIC_REPRESENTATION_CONTEXT(2) 
PARAMETRIC_REPRESENTATION_CONTEXT() REPRESENTATION_CONTEXT('2D SPACE',''
  ) );
#961 = PCURVE('',#249,#962);
#962 = DEFINITIONAL_REPRESENTATION('',(#963),#967);
#963 = LINE('',#964,#965);
#964 = CARTESIAN_POINT('',(22.,0.));
#965 = VECTOR('',#966,1.);
#966 = DIRECTION('',(0.,1.));
#967 = ( GEOMETRIC_REPRESENTATION_CONTEXT(2) 
PARAMETRIC_REPRESENTATION_CONTEXT() REPRESENTATION_CONTEXT('2D SPACE',''
  ) );
#968 = ORIENTED_EDGE('',*,*,#969,.T.);
#969 = EDGE_CURVE('',#947,#970,#972,.T.);
#970 = VERTEX_POINT('',#971);
#971 = CARTESIAN_POINT('',(0.536090489014,-57.99752242111,88.));
#972 = SURFACE_CURVE('',#973,(#978,#989),.PCURVE_S1.);
#973 = CIRCLE('',#974,58.);
#974 = AXIS2_PLACEMENT_3D('',#975,#976,#977);
#975 = CARTESIAN_POINT('',(0.,0.,88.));
#976 = DIRECTION('',(0.,0.,-1.));
#977 = DIRECTION('',(1.,0.,0.));
#978 = PCURVE('',#161,#979);
#979 = DEFINITIONAL_REPRESENTATION('',(#980),#988);
#980 = ( BOUNDED_CURVE() B_SPLINE_CURVE(2,(#981,#982,#983,#984,#985,#986
,#987),.UNSPECIFIED.,.T.,.F.) B_SPLINE_CURVE_WITH_KNOTS((1,2,2,2,2,1),(
    -2.094395102393,0.,2.094395102393,4.188790204786,6.28318530718,
8.377580409573),.UNSPECIFIED.) CURVE() GEOMETRIC_REPRESENTATION_ITEM() 
RATIONAL_B_SPLINE_CURVE((1.,0.5,1.,0.5,1.,0.5,1.)) REPRESENTATION_ITEM(
  '') );
#981 = CARTESIAN_POINT('',(-50.9645145379,60.420513015765));
#982 = CARTESIAN_POINT('',(49.356756805851,55.162897969787));
#983 = CARTESIAN_POINT('',(-5.357107059165,-29.08906403087));
#984 = CARTESIAN_POINT('',(-60.07097092418,-113.3410260315));
#985 = CARTESIAN_POINT('',(-105.6783784029,-23.83144898489));
#986 = CARTESIAN_POINT('',(-151.2857858816,65.678128061743));
#987 = CARTESIAN_POINT('',(-50.9645145379,60.420513015765));
#988 = ( GEOMETRIC_REPRESENTATION_CONTEXT(2) 
PARAMETRIC_REPRESENTATION_CONTEXT() REPRESENTATION_CONTEXT('2D SPACE',''
  ) );
#989 = PCURVE('',#784,#990);
#990 = DEFINITIONAL_REPRESENTATION('',(#991),#995);
#991 = LINE('',#992,#993);
#992 = CARTESIAN_POINT('',(-6.28318530718,-88.));
#993 = VECTOR('',#994,1.);
#994 = DIRECTION('',(1.,-0.));
#995 = ( GEOMETRIC_REPRESENTATION_CONTEXT(2) 
PARAMETRIC_REPRESENTATION_CONTEXT() REPRESENTATION_CONTEXT('2D SPACE',''
  ) );
#996 = ORIENTED_EDGE('',*,*,#997,.T.);
#997 = EDGE_CURVE('',#970,#145,#998,.T.);
#998 = SURFACE_CURVE('',#999,(#1003,#1010),.PCURVE_S1.);
#999 = LINE('',#1000,#1001);
#1000 = CARTESIAN_POINT('',(0.329567800233,-54.05683476735,88.));
#1001 = VECTOR('',#1002,1.);
#1002 = DIRECTION('',(5.233595624294E-02,-0.998629534755,0.));
#1003 = PCURVE('',#161,#1004);
#1004 = DEFINITIONAL_REPRESENTATION('',(#1005),#1009);
#1005 = LINE('',#1006,#1007);
#1006 = CARTESIAN_POINT('',(0.,0.));
#1007 = VECTOR('',#1008,1.);
#1008 = DIRECTION('',(1.,0.));
#1009 = ( GEOMETRIC_REPRESENTATION_CONTEXT(2) 
PARAMETRIC_REPRESENTATION_CONTEXT() REPRESENTATION_CONTEXT('2D SPACE',''
  ) );
#1010 = PCURVE('',#192,#1011);
#1011 = DEFINITIONAL_REPRESENTATION('',(#1012),#1016);
#1012 = LINE('',#1013,#1014);
#1013 = CARTESIAN_POINT('',(22.,0.));
#1014 = VECTOR('',#1015,1.);
#1015 = DIRECTION('',(0.,1.));
#1016 = ( GEOMETRIC_REPRESENTATION_CONTEXT(2) 
PARAMETRIC_REPRESENTATION_CONTEXT() REPRESENTATION_CONTEXT('2D SPACE',''
  ) );
#1017 = ORIENTED_EDGE('',*,*,#142,.F.);
#1018 = ADVANCED_FACE('',(#1019),#249,.F.);
#1019 = FACE_BOUND('',#1020,.F.);
#1020 = EDGE_LOOP('',(#1021,#1044,#1063,#1064));
#1021 = ORIENTED_EDGE('',*,*,#1022,.F.);
#1022 = EDGE_CURVE('',#1023,#204,#1025,.T.);
#1023 = VERTEX_POINT('',#1024);
#1024 = CARTESIAN_POINT('',(5.529238162787,-57.73584263989,66.));
#1025 = SURFACE_CURVE('',#1026,(#1030,#1037),.PCURVE_S1.);
#1026 = LINE('',#1027,#1028);
#1027 = CARTESIAN_POINT('',(5.322715474005,-53.79515498614,66.));
#1028 = VECTOR('',#1029,1.);
#1029 = DIRECTION('',(5.233595624294E-02,-0.998629534755,0.));
#1030 = PCURVE('',#249,#1031);
#1031 = DEFINITIONAL_REPRESENTATION('',(#1032),#1036);
#1032 = LINE('',#1033,#1034);
#1033 = CARTESIAN_POINT('',(0.,0.));
#1034 = VECTOR('',#1035,1.);
#1035 = DIRECTION('',(0.,1.));
#1036 = ( GEOMETRIC_REPRESENTATION_CONTEXT(2) 
PARAMETRIC_REPRESENTATION_CONTEXT() REPRESENTATION_CONTEXT('2D SPACE',''
  ) );
#1037 = PCURVE('',#220,#1038);
#1038 = DEFINITIONAL_REPRESENTATION('',(#1039),#1043);
#1039 = LINE('',#1040,#1041);
#1040 = CARTESIAN_POINT('',(-4.218847493576E-15,5.));
#1041 = VECTOR('',#1042,1.);
#1042 = DIRECTION('',(1.,0.));
#1043 = ( GEOMETRIC_REPRESENTATION_CONTEXT(2) 
PARAMETRIC_REPRESENTATION_CONTEXT() REPRESENTATION_CONTEXT('2D SPACE',''
  ) );
#1044 = ORIENTED_EDGE('',*,*,#1045,.F.);
#1045 = EDGE_CURVE('',#947,#1023,#1046,.T.);
#1046 = SURFACE_CURVE('',#1047,(#1051,#1057),.PCURVE_S1.);
#1047 = LINE('',#1048,#1049);
#1048 = CARTESIAN_POINT('',(5.529238162787,-57.73584263989,0.));
#1049 = VECTOR('',#1050,1.);
#1050 = DIRECTION('',(-0.,-0.,-1.));
#1051 = PCURVE('',#249,#1052);
#1052 = DEFINITIONAL_REPRESENTATION('',(#1053),#1056);
#1053 = B_SPLINE_CURVE_WITH_KNOTS('',1,(#1054,#1055),.UNSPECIFIED.,.F.,
  .F.,(2,2),(-90.2,-63.8),.PIECEWISE_BEZIER_KNOTS.);
#1054 = CARTESIAN_POINT('',(24.2,3.94609564069));
#1055 = CARTESIAN_POINT('',(-2.2,3.94609564069));
#1056 = ( GEOMETRIC_REPRESENTATION_CONTEXT(2) 
PARAMETRIC_REPRESENTATION_CONTEXT() REPRESENTATION_CONTEXT('2D SPACE',''
  ) );
#1057 = PCURVE('',#784,#1058);
#1058 = DEFINITIONAL_REPRESENTATION('',(#1059),#1062);
#1059 = B_SPLINE_CURVE_WITH_KNOTS('',1,(#1060,#1061),.UNSPECIFIED.,.F.,
  .F.,(2,2),(-90.2,-63.8),.PIECEWISE_BEZIER_KNOTS.);
#1060 = CARTESIAN_POINT('',(-4.807865664427,-90.2));
#1061 = CARTESIAN_POINT('',(-4.807865664427,-63.8));
#1062 = ( GEOMETRIC_REPRESENTATION_CONTEXT(2) 
PARAMETRIC_REPRESENTATION_CONTEXT() REPRESENTATION_CONTEXT('2D SPACE',''
  ) );
#1063 = ORIENTED_EDGE('',*,*,#946,.T.);
#1064 = ORIENTED_EDGE('',*,*,#236,.T.);
#1065 = ADVANCED_FACE('',(#1066),#192,.T.);
#1066 = FACE_BOUND('',#1067,.T.);
#1067 = EDGE_LOOP('',(#1068,#1091,#1110,#1111));
#1068 = ORIENTED_EDGE('',*,*,#1069,.F.);
#1069 = EDGE_CURVE('',#1070,#178,#1072,.T.);
#1070 = VERTEX_POINT('',#1071);
#1071 = CARTESIAN_POINT('',(0.536090489014,-57.99752242111,66.));
#1072 = SURFACE_CURVE('',#1073,(#1077,#1084),.PCURVE_S1.);
#1073 = LINE('',#1074,#1075);
#1074 = CARTESIAN_POINT('',(0.329567800233,-54.05683476735,66.));
#1075 = VECTOR('',#1076,1.);
#1076 = DIRECTION('',(5.233595624294E-02,-0.998629534755,0.));
#1077 = PCURVE('',#192,#1078);
#1078 = DEFINITIONAL_REPRESENTATION('',(#1079),#1083);
#1079 = LINE('',#1080,#1081);
#1080 = CARTESIAN_POINT('',(0.,0.));
#1081 = VECTOR('',#1082,1.);
#1082 = DIRECTION('',(0.,1.));
#1083 = ( GEOMETRIC_REPRESENTATION_CONTEXT(2) 
PARAMETRIC_REPRESENTATION_CONTEXT() REPRESENTATION_CONTEXT('2D SPACE',''
  ) );
#1084 = PCURVE('',#220,#1085);
#1085 = DEFINITIONAL_REPRESENTATION('',(#1086),#1090);
#1086 = LINE('',#1087,#1088);
#1087 = CARTESIAN_POINT('',(0.,0.));
#1088 = VECTOR('',#1089,1.);
#1089 = DIRECTION('',(1.,0.));
#1090 = ( GEOMETRIC_REPRESENTATION_CONTEXT(2) 
PARAMETRIC_REPRESENTATION_CONTEXT() REPRESENTATION_CONTEXT('2D SPACE',''
  ) );
#1091 = ORIENTED_EDGE('',*,*,#1092,.F.);
#1092 = EDGE_CURVE('',#970,#1070,#1093,.T.);
#1093 = SURFACE_CURVE('',#1094,(#1098,#1104),.PCURVE_S1.);
#1094 = LINE('',#1095,#1096);
#1095 = CARTESIAN_POINT('',(0.536090489014,-57.99752242111,0.));
#1096 = VECTOR('',#1097,1.);
#1097 = DIRECTION('',(-0.,-0.,-1.));
#1098 = PCURVE('',#192,#1099);
#1099 = DEFINITIONAL_REPRESENTATION('',(#1100),#1103);
#1100 = B_SPLINE_CURVE_WITH_KNOTS('',1,(#1101,#1102),.UNSPECIFIED.,.F.,
  .F.,(2,2),(-90.2,-63.8),.PIECEWISE_BEZIER_KNOTS.);
#1101 = CARTESIAN_POINT('',(24.2,3.94609564069));
#1102 = CARTESIAN_POINT('',(-2.2,3.94609564069));
#1103 = ( GEOMETRIC_REPRESENTATION_CONTEXT(2) 
PARAMETRIC_REPRESENTATION_CONTEXT() REPRESENTATION_CONTEXT('2D SPACE',''
  ) );
#1104 = PCURVE('',#784,#1105);
#1105 = DEFINITIONAL_REPRESENTATION('',(#1106),#1109);
#1106 = B_SPLINE_CURVE_WITH_KNOTS('',1,(#1107,#1108),.UNSPECIFIED.,.F.,
  .F.,(2,2),(-90.2,-63.8),.PIECEWISE_BEZIER_KNOTS.);
#1107 = CARTESIAN_POINT('',(-4.721632051463,-90.2));
#1108 = CARTESIAN_POINT('',(-4.721632051463,-63.8));
#1109 = ( GEOMETRIC_REPRESENTATION_CONTEXT(2) 
PARAMETRIC_REPRESENTATION_CONTEXT() REPRESENTATION_CONTEXT('2D SPACE',''
  ) );
#1110 = ORIENTED_EDGE('',*,*,#997,.T.);
#1111 = ORIENTED_EDGE('',*,*,#177,.T.);
#1112 = ADVANCED_FACE('',(#1113),#220,.T.);
#1113 = FACE_BOUND('',#1114,.T.);
#1114 = EDGE_LOOP('',(#1115,#1116,#1142,#1143));
#1115 = ORIENTED_EDGE('',*,*,#1022,.F.);
#1116 = ORIENTED_EDGE('',*,*,#1117,.T.);
#1117 = EDGE_CURVE('',#1023,#1070,#1118,.T.);
#1118 = SURFACE_CURVE('',#1119,(#1124,#1135),.PCURVE_S1.);
#1119 = CIRCLE('',#1120,58.);
#1120 = AXIS2_PLACEMENT_3D('',#1121,#1122,#1123);
#1121 = CARTESIAN_POINT('',(0.,0.,66.));
#1122 = DIRECTION('',(0.,0.,-1.));
#1123 = DIRECTION('',(1.,0.,0.));
#1124 = PCURVE('',#220,#1125);
#1125 = DEFINITIONAL_REPRESENTATION('',(#1126),#1134);
#1126 = ( BOUNDED_CURVE() B_SPLINE_CURVE(2,(#1127,#1128,#1129,#1130,
#1131,#1132,#1133),.UNSPECIFIED.,.T.,.F.) B_SPLINE_CURVE_WITH_KNOTS((1,2
    ,2,2,2,1),(-2.094395102393,0.,2.094395102393,4.188790204786,
6.28318530718,8.377580409573),.UNSPECIFIED.) CURVE() 
GEOMETRIC_REPRESENTATION_ITEM() RATIONAL_B_SPLINE_CURVE((1.,0.5,1.,0.5,
1.,0.5,1.)) REPRESENTATION_ITEM('') );
#1127 = CARTESIAN_POINT('',(-50.9645145379,60.420513015765));
#1128 = CARTESIAN_POINT('',(49.356756805851,55.162897969787));
#1129 = CARTESIAN_POINT('',(-5.357107059165,-29.08906403087));
#1130 = CARTESIAN_POINT('',(-60.07097092418,-113.3410260315));
#1131 = CARTESIAN_POINT('',(-105.6783784029,-23.83144898489));
#1132 = CARTESIAN_POINT('',(-151.2857858816,65.678128061743));
#1133 = CARTESIAN_POINT('',(-50.9645145379,60.420513015765));
#1134 = ( GEOMETRIC_REPRESENTATION_CONTEXT(2) 
PARAMETRIC_REPRESENTATION_CONTEXT() REPRESENTATION_CONTEXT('2D SPACE',''
  ) );
#1135 = PCURVE('',#784,#1136);
#1136 = DEFINITIONAL_REPRESENTATION('',(#1137),#1141);
#1137 = LINE('',#1138,#1139);
#1138 = CARTESIAN_POINT('',(-6.28318530718,-66.));
#1139 = VECTOR('',#1140,1.);
#1140 = DIRECTION('',(1.,-0.));
#1141 = ( GEOMETRIC_REPRESENTATION_CONTEXT(2) 
PARAMETRIC_REPRESENTATION_CONTEXT() REPRESENTATION_CONTEXT('2D SPACE',''
  ) );
#1142 = ORIENTED_EDGE('',*,*,#1069,.T.);
#1143 = ORIENTED_EDGE('',*,*,#203,.F.);
#1144 = ADVANCED_FACE('',(#1145),#281,.F.);
#1145 = FACE_BOUND('',#1146,.F.);
#1146 = EDGE_LOOP('',(#1147,#1170,#1198,#1219));
#1147 = ORIENTED_EDGE('',*,*,#1148,.F.);
#1148 = EDGE_CURVE('',#1149,#263,#1151,.T.);
#1149 = VERTEX_POINT('',#1150);
#1150 = CARTESIAN_POINT('',(0.536090489014,57.997522421114,88.));
#1151 = SURFACE_CURVE('',#1152,(#1156,#1163),.PCURVE_S1.);
#1152 = LINE('',#1153,#1154);
#1153 = CARTESIAN_POINT('',(0.329567800233,54.056834767354,88.));
#1154 = VECTOR('',#1155,1.);
#1155 = DIRECTION('',(5.233595624294E-02,0.998629534755,0.));
#1156 = PCURVE('',#281,#1157);
#1157 = DEFINITIONAL_REPRESENTATION('',(#1158),#1162);
#1158 = LINE('',#1159,#1160);
#1159 = CARTESIAN_POINT('',(4.218847493576E-15,5.));
#1160 = VECTOR('',#1161,1.);
#1161 = DIRECTION('',(1.,0.));
#1162 = ( GEOMETRIC_REPRESENTATION_CONTEXT(2) 
PARAMETRIC_REPRESENTATION_CONTEXT() REPRESENTATION_CONTEXT('2D SPACE',''
  ) );
#1163 = PCURVE('',#369,#1164);
#1164 = DEFINITIONAL_REPRESENTATION('',(#1165),#1169);
#1165 = LINE('',#1166,#1167);
#1166 = CARTESIAN_POINT('',(22.,0.));
#1167 = VECTOR('',#1168,1.);
#1168 = DIRECTION('',(0.,1.));
#1169 = ( GEOMETRIC_REPRESENTATION_CONTEXT(2) 
PARAMETRIC_REPRESENTATION_CONTEXT() REPRESENTATION_CONTEXT('2D SPACE',''
  ) );
#1170 = ORIENTED_EDGE('',*,*,#1171,.T.);
#1171 = EDGE_CURVE('',#1149,#1172,#1174,.T.);
#1172 = VERTEX_POINT('',#1173);
#1173 = CARTESIAN_POINT('',(5.529238162787,57.735842639899,88.));
#1174 = SURFACE_CURVE('',#1175,(#1180,#1191),.PCURVE_S1.);
#1175 = CIRCLE('',#1176,58.);
#1176 = AXIS2_PLACEMENT_3D('',#1177,#1178,#1179);
#1177 = CARTESIAN_POINT('',(0.,0.,88.));
#1178 = DIRECTION('',(0.,0.,-1.));
#1179 = DIRECTION('',(1.,0.,0.));
#1180 = PCURVE('',#281,#1181);
#1181 = DEFINITIONAL_REPRESENTATION('',(#1182),#1190);
#1182 = ( BOUNDED_CURVE() B_SPLINE_CURVE(2,(#1183,#1184,#1185,#1186,
#1187,#1188,#1189),.UNSPECIFIED.,.T.,.F.) B_SPLINE_CURVE_WITH_KNOTS((1,2
    ,2,2,2,1),(-2.094395102393,0.,2.094395102393,4.188790204786,
6.28318530718,8.377580409573),.UNSPECIFIED.) CURVE() 
GEOMETRIC_REPRESENTATION_ITEM() RATIONAL_B_SPLINE_CURVE((1.,0.5,1.,0.5,
1.,0.5,1.)) REPRESENTATION_ITEM('') );
#1183 = CARTESIAN_POINT('',(-50.9645145379,-55.42051301576));
#1184 = CARTESIAN_POINT('',(-151.2857858816,-60.67812806174));
#1185 = CARTESIAN_POINT('',(-105.6783784029,28.831448984894));
#1186 = CARTESIAN_POINT('',(-60.07097092418,118.34102603153));
#1187 = CARTESIAN_POINT('',(-5.357107059165,34.089064030872));
#1188 = CARTESIAN_POINT('',(49.356756805851,-50.16289796978));
#1189 = CARTESIAN_POINT('',(-50.9645145379,-55.42051301576));
#1190 = ( GEOMETRIC_REPRESENTATION_CONTEXT(2) 
PARAMETRIC_REPRESENTATION_CONTEXT() REPRESENTATION_CONTEXT('2D SPACE',''
  ) );
#1191 = PCURVE('',#784,#1192);
#1192 = DEFINITIONAL_REPRESENTATION('',(#1193),#1197);
#1193 = LINE('',#1194,#1195);
#1194 = CARTESIAN_POINT('',(-12.56637061435,-88.));
#1195 = VECTOR('',#1196,1.);
#1196 = DIRECTION('',(1.,-0.));
#1197 = ( GEOMETRIC_REPRESENTATION_CONTEXT(2) 
PARAMETRIC_REPRESENTATION_CONTEXT() REPRESENTATION_CONTEXT('2D SPACE',''
  ) );
#1198 = ORIENTED_EDGE('',*,*,#1199,.T.);
#1199 = EDGE_CURVE('',#1172,#265,#1200,.T.);
#1200 = SURFACE_CURVE('',#1201,(#1205,#1212),.PCURVE_S1.);
#1201 = LINE('',#1202,#1203);
#1202 = CARTESIAN_POINT('',(5.322715474005,53.79515498614,88.));
#1203 = VECTOR('',#1204,1.);
#1204 = DIRECTION('',(5.233595624294E-02,0.998629534755,0.));
#1205 = PCURVE('',#281,#1206);
#1206 = DEFINITIONAL_REPRESENTATION('',(#1207),#1211);
#1207 = LINE('',#1208,#1209);
#1208 = CARTESIAN_POINT('',(0.,0.));
#1209 = VECTOR('',#1210,1.);
#1210 = DIRECTION('',(1.,0.));
#1211 = ( GEOMETRIC_REPRESENTATION_CONTEXT(2) 
PARAMETRIC_REPRESENTATION_CONTEXT() REPRESENTATION_CONTEXT('2D SPACE',''
  ) );
#1212 = PCURVE('',#312,#1213);
#1213 = DEFINITIONAL_REPRESENTATION('',(#1214),#1218);
#1214 = LINE('',#1215,#1216);
#1215 = CARTESIAN_POINT('',(22.,0.));
#1216 = VECTOR('',#1217,1.);
#1217 = DIRECTION('',(0.,1.));
#1218 = ( GEOMETRIC_REPRESENTATION_CONTEXT(2) 
PARAMETRIC_REPRESENTATION_CONTEXT() REPRESENTATION_CONTEXT('2D SPACE',''
  ) );
#1219 = ORIENTED_EDGE('',*,*,#262,.F.);
#1220 = ADVANCED_FACE('',(#1221),#369,.F.);
#1221 = FACE_BOUND('',#1222,.F.);
#1222 = EDGE_LOOP('',(#1223,#1246,#1265,#1266));
#1223 = ORIENTED_EDGE('',*,*,#1224,.F.);
#1224 = EDGE_CURVE('',#1225,#324,#1227,.T.);
#1225 = VERTEX_POINT('',#1226);
#1226 = CARTESIAN_POINT('',(0.536090489014,57.997522421114,66.));
#1227 = SURFACE_CURVE('',#1228,(#1232,#1239),.PCURVE_S1.);
#1228 = LINE('',#1229,#1230);
#1229 = CARTESIAN_POINT('',(0.329567800233,54.056834767354,66.));
#1230 = VECTOR('',#1231,1.);
#1231 = DIRECTION('',(5.233595624294E-02,0.998629534755,0.));
#1232 = PCURVE('',#369,#1233);
#1233 = DEFINITIONAL_REPRESENTATION('',(#1234),#1238);
#1234 = LINE('',#1235,#1236);
#1235 = CARTESIAN_POINT('',(0.,0.));
#1236 = VECTOR('',#1237,1.);
#1237 = DIRECTION('',(0.,1.));
#1238 = ( GEOMETRIC_REPRESENTATION_CONTEXT(2) 
PARAMETRIC_REPRESENTATION_CONTEXT() REPRESENTATION_CONTEXT('2D SPACE',''
  ) );
#1239 = PCURVE('',#340,#1240);
#1240 = DEFINITIONAL_REPRESENTATION('',(#1241),#1245);
#1241 = LINE('',#1242,#1243);
#1242 = CARTESIAN_POINT('',(4.218847493576E-15,5.));
#1243 = VECTOR('',#1244,1.);
#1244 = DIRECTION('',(1.,0.));
#1245 = ( GEOMETRIC_REPRESENTATION_CONTEXT(2) 
PARAMETRIC_REPRESENTATION_CONTEXT() REPRESENTATION_CONTEXT('2D SPACE',''
  ) );
#1246 = ORIENTED_EDGE('',*,*,#1247,.F.);
#1247 = EDGE_CURVE('',#1149,#1225,#1248,.T.);
#1248 = SURFACE_CURVE('',#1249,(#1253,#1259),.PCURVE_S1.);
#1249 = LINE('',#1250,#1251);
#1250 = CARTESIAN_POINT('',(0.536090489014,57.997522421114,0.));
#1251 = VECTOR('',#1252,1.);
#1252 = DIRECTION('',(-0.,-0.,-1.));
#1253 = PCURVE('',#369,#1254);
#1254 = DEFINITIONAL_REPRESENTATION('',(#1255),#1258);
#1255 = B_SPLINE_CURVE_WITH_KNOTS('',1,(#1256,#1257),.UNSPECIFIED.,.F.,
  .F.,(2,2),(-90.2,-63.8),.PIECEWISE_BEZIER_KNOTS.);
#1256 = CARTESIAN_POINT('',(24.2,3.94609564069));
#1257 = CARTESIAN_POINT('',(-2.2,3.94609564069));
#1258 = ( GEOMETRIC_REPRESENTATION_CONTEXT(2) 
PARAMETRIC_REPRESENTATION_CONTEXT() REPRESENTATION_CONTEXT('2D SPACE',''
  ) );
#1259 = PCURVE('',#784,#1260);
#1260 = DEFINITIONAL_REPRESENTATION('',(#1261),#1264);
#1261 = B_SPLINE_CURVE_WITH_KNOTS('',1,(#1262,#1263),.UNSPECIFIED.,.F.,
  .F.,(2,2),(-90.2,-63.8),.PIECEWISE_BEZIER_KNOTS.);
#1262 = CARTESIAN_POINT('',(-7.844738562897,-90.2));
#1263 = CARTESIAN_POINT('',(-7.844738562897,-63.8));
#1264 = ( GEOMETRIC_REPRESENTATION_CONTEXT(2) 
PARAMETRIC_REPRESENTATION_CONTEXT() REPRESENTATION_CONTEXT('2D SPACE',''
  ) );
#1265 = ORIENTED_EDGE('',*,*,#1148,.T.);
#1266 = ORIENTED_EDGE('',*,*,#356,.T.);
#1267 = ADVANCED_FACE('',(#1268),#312,.T.);
#1268 = FACE_BOUND('',#1269,.T.);
#1269 = EDGE_LOOP('',(#1270,#1293,#1312,#1313));
#1270 = ORIENTED_EDGE('',*,*,#1271,.F.);
#1271 = EDGE_CURVE('',#1272,#298,#1274,.T.);
#1272 = VERTEX_POINT('',#1273);
#1273 = CARTESIAN_POINT('',(5.529238162787,57.735842639899,66.));
#1274 = SURFACE_CURVE('',#1275,(#1279,#1286),.PCURVE_S1.);
#1275 = LINE('',#1276,#1277);
#1276 = CARTESIAN_POINT('',(5.322715474005,53.79515498614,66.));
#1277 = VECTOR('',#1278,1.);
#1278 = DIRECTION('',(5.233595624294E-02,0.998629534755,0.));
#1279 = PCURVE('',#312,#1280);
#1280 = DEFINITIONAL_REPRESENTATION('',(#1281),#1285);
#1281 = LINE('',#1282,#1283);
#1282 = CARTESIAN_POINT('',(0.,0.));
#1283 = VECTOR('',#1284,1.);
#1284 = DIRECTION('',(0.,1.));
#1285 = ( GEOMETRIC_REPRESENTATION_CONTEXT(2) 
PARAMETRIC_REPRESENTATION_CONTEXT() REPRESENTATION_CONTEXT('2D SPACE',''
  ) );
#1286 = PCURVE('',#340,#1287);
#1287 = DEFINITIONAL_REPRESENTATION('',(#1288),#1292);
#1288 = LINE('',#1289,#1290);
#1289 = CARTESIAN_POINT('',(0.,0.));
#1290 = VECTOR('',#1291,1.);
#1291 = DIRECTION('',(1.,0.));
#1292 = ( GEOMETRIC_REPRESENTATION_CONTEXT(2) 
PARAMETRIC_REPRESENTATION_CONTEXT() REPRESENTATION_CONTEXT('2D SPACE',''
  ) );
#1293 = ORIENTED_EDGE('',*,*,#1294,.F.);
#1294 = EDGE_CURVE('',#1172,#1272,#1295,.T.);
#1295 = SURFACE_CURVE('',#1296,(#1300,#1306),.PCURVE_S1.);
#1296 = LINE('',#1297,#1298);
#1297 = CARTESIAN_POINT('',(5.529238162787,57.735842639899,0.));
#1298 = VECTOR('',#1299,1.);
#1299 = DIRECTION('',(-0.,-0.,-1.));
#1300 = PCURVE('',#312,#1301);
#1301 = DEFINITIONAL_REPRESENTATION('',(#1302),#1305);
#1302 = B_SPLINE_CURVE_WITH_KNOTS('',1,(#1303,#1304),.UNSPECIFIED.,.F.,
  .F.,(2,2),(-90.2,-63.8),.PIECEWISE_BEZIER_KNOTS.);
#1303 = CARTESIAN_POINT('',(24.2,3.94609564069));
#1304 = CARTESIAN_POINT('',(-2.2,3.94609564069));
#1305 = ( GEOMETRIC_REPRESENTATION_CONTEXT(2) 
PARAMETRIC_REPRESENTATION_CONTEXT() REPRESENTATION_CONTEXT('2D SPACE',''
  ) );
#1306 = PCURVE('',#784,#1307);
#1307 = DEFINITIONAL_REPRESENTATION('',(#1308),#1311);
#1308 = B_SPLINE_CURVE_WITH_KNOTS('',1,(#1309,#1310),.UNSPECIFIED.,.F.,
  .F.,(2,2),(-90.2,-63.8),.PIECEWISE_BEZIER_KNOTS.);
#1309 = CARTESIAN_POINT('',(-7.758504949933,-90.2));
#1310 = CARTESIAN_POINT('',(-7.758504949933,-63.8));
#1311 = ( GEOMETRIC_REPRESENTATION_CONTEXT(2) 
PARAMETRIC_REPRESENTATION_CONTEXT() REPRESENTATION_CONTEXT('2D SPACE',''
  ) );
#1312 = ORIENTED_EDGE('',*,*,#1199,.T.);
#1313 = ORIENTED_EDGE('',*,*,#297,.T.);
#1314 = ADVANCED_FACE('',(#1315),#340,.T.);
#1315 = FACE_BOUND('',#1316,.T.);
#1316 = EDGE_LOOP('',(#1317,#1318,#1344,#1345));
#1317 = ORIENTED_EDGE('',*,*,#1224,.F.);
#1318 = ORIENTED_EDGE('',*,*,#1319,.T.);
#1319 = EDGE_CURVE('',#1225,#1272,#1320,.T.);
#1320 = SURFACE_CURVE('',#1321,(#1326,#1337),.PCURVE_S1.);
#1321 = CIRCLE('',#1322,58.);
#1322 = AXIS2_PLACEMENT_3D('',#1323,#1324,#1325);
#1323 = CARTESIAN_POINT('',(0.,0.,66.));
#1324 = DIRECTION('',(0.,0.,-1.));
#1325 = DIRECTION('',(1.,0.,0.));
#1326 = PCURVE('',#340,#1327);
#1327 = DEFINITIONAL_REPRESENTATION('',(#1328),#1336);
#1328 = ( BOUNDED_CURVE() B_SPLINE_CURVE(2,(#1329,#1330,#1331,#1332,
#1333,#1334,#1335),.UNSPECIFIED.,.T.,.F.) B_SPLINE_CURVE_WITH_KNOTS((1,2
    ,2,2,2,1),(-2.094395102393,0.,2.094395102393,4.188790204786,
6.28318530718,8.377580409573),.UNSPECIFIED.) CURVE() 
GEOMETRIC_REPRESENTATION_ITEM() RATIONAL_B_SPLINE_CURVE((1.,0.5,1.,0.5,
1.,0.5,1.)) REPRESENTATION_ITEM('') );
#1329 = CARTESIAN_POINT('',(-50.9645145379,-55.42051301576));
#1330 = CARTESIAN_POINT('',(-151.2857858816,-60.67812806174));
#1331 = CARTESIAN_POINT('',(-105.6783784029,28.831448984894));
#1332 = CARTESIAN_POINT('',(-60.07097092418,118.34102603153));
#1333 = CARTESIAN_POINT('',(-5.357107059165,34.089064030872));
#1334 = CARTESIAN_POINT('',(49.356756805851,-50.16289796978));
#1335 = CARTESIAN_POINT('',(-50.9645145379,-55.42051301576));
#1336 = ( GEOMETRIC_REPRESENTATION_CONTEXT(2) 
PARAMETRIC_REPRESENTATION_CONTEXT() REPRESENTATION_CONTEXT('2D SPACE',''
  ) );
#1337 = PCURVE('',#784,#1338);
#1338 = DEFINITIONAL_REPRESENTATION('',(#1339),#1343);
#1339 = LINE('',#1340,#1341);
#1340 = CARTESIAN_POINT('',(-12.56637061435,-66.));
#1341 = VECTOR('',#1342,1.);
#1342 = DIRECTION('',(1.,-0.));
#1343 = ( GEOMETRIC_REPRESENTATION_CONTEXT(2) 
PARAMETRIC_REPRESENTATION_CONTEXT() REPRESENTATION_CONTEXT('2D SPACE',''
  ) );
#1344 = ORIENTED_EDGE('',*,*,#1271,.T.);
#1345 = ORIENTED_EDGE('',*,*,#323,.F.);
#1346 = ADVANCED_FACE('',(#1347),#399,.F.);
#1347 = FACE_BOUND('',#1348,.F.);
#1348 = EDGE_LOOP('',(#1349,#1372,#1373,#1396));
#1349 = ORIENTED_EDGE('',*,*,#1350,.F.);
#1350 = EDGE_CURVE('',#383,#1351,#1353,.T.);
#1351 = VERTEX_POINT('',#1352);
#1352 = CARTESIAN_POINT('',(61.4,13.,75.));
#1353 = SURFACE_CURVE('',#1354,(#1358,#1365),.PCURVE_S1.);
#1354 = LINE('',#1355,#1356);
#1355 = CARTESIAN_POINT('',(61.4,-13.,75.));
#1356 = VECTOR('',#1357,1.);
#1357 = DIRECTION('',(0.,1.,0.));
#1358 = PCURVE('',#399,#1359);
#1359 = DEFINITIONAL_REPRESENTATION('',(#1360),#1364);
#1360 = LINE('',#1361,#1362);
#1361 = CARTESIAN_POINT('',(40.,0.));
#1362 = VECTOR('',#1363,1.);
#1363 = DIRECTION('',(0.,-1.));
#1364 = ( GEOMETRIC_REPRESENTATION_CONTEXT(2) 
PARAMETRIC_REPRESENTATION_CONTEXT() REPRESENTATION_CONTEXT('2D SPACE',''
  ) );
#1365 = PCURVE('',#427,#1366);
#1366 = DEFINITIONAL_REPRESENTATION('',(#1367),#1371);
#1367 = LINE('',#1368,#1369);
#1368 = CARTESIAN_POINT('',(0.,0.));
#1369 = VECTOR('',#1370,1.);
#1370 = DIRECTION('',(0.,1.));
#1371 = ( GEOMETRIC_REPRESENTATION_CONTEXT(2) 
PARAMETRIC_REPRESENTATION_CONTEXT() REPRESENTATION_CONTEXT('2D SPACE',''
  ) );
#1372 = ORIENTED_EDGE('',*,*,#382,.T.);
#1373 = ORIENTED_EDGE('',*,*,#1374,.T.);
#1374 = EDGE_CURVE('',#385,#1375,#1377,.T.);
#1375 = VERTEX_POINT('',#1376);
#1376 = CARTESIAN_POINT('',(61.4,13.,35.));
#1377 = SURFACE_CURVE('',#1378,(#1382,#1389),.PCURVE_S1.);
#1378 = LINE('',#1379,#1380);
#1379 = CARTESIAN_POINT('',(61.4,-13.,35.));
#1380 = VECTOR('',#1381,1.);
#1381 = DIRECTION('',(0.,1.,0.));
#1382 = PCURVE('',#399,#1383);
#1383 = DEFINITIONAL_REPRESENTATION('',(#1384),#1388);
#1384 = LINE('',#1385,#1386);
#1385 = CARTESIAN_POINT('',(0.,0.));
#1386 = VECTOR('',#1387,1.);
#1387 = DIRECTION('',(0.,-1.));
#1388 = ( GEOMETRIC_REPRESENTATION_CONTEXT(2) 
PARAMETRIC_REPRESENTATION_CONTEXT() REPRESENTATION_CONTEXT('2D SPACE',''
  ) );
#1389 = PCURVE('',#484,#1390);
#1390 = DEFINITIONAL_REPRESENTATION('',(#1391),#1395);
#1391 = LINE('',#1392,#1393);
#1392 = CARTESIAN_POINT('',(0.,0.));
#1393 = VECTOR('',#1394,1.);
#1394 = DIRECTION('',(0.,1.));
#1395 = ( GEOMETRIC_REPRESENTATION_CONTEXT(2) 
PARAMETRIC_REPRESENTATION_CONTEXT() REPRESENTATION_CONTEXT('2D SPACE',''
  ) );
#1396 = ORIENTED_EDGE('',*,*,#1397,.T.);
#1397 = EDGE_CURVE('',#1375,#1351,#1398,.T.);
#1398 = SURFACE_CURVE('',#1399,(#1403,#1410),.PCURVE_S1.);
#1399 = LINE('',#1400,#1401);
#1400 = CARTESIAN_POINT('',(61.4,13.,35.));
#1401 = VECTOR('',#1402,1.);
#1402 = DIRECTION('',(0.,0.,1.));
#1403 = PCURVE('',#399,#1404);
#1404 = DEFINITIONAL_REPRESENTATION('',(#1405),#1409);
#1405 = LINE('',#1406,#1407);
#1406 = CARTESIAN_POINT('',(0.,-26.));
#1407 = VECTOR('',#1408,1.);
#1408 = DIRECTION('',(1.,0.));
#1409 = ( GEOMETRIC_REPRESENTATION_CONTEXT(2) 
PARAMETRIC_REPRESENTATION_CONTEXT() REPRESENTATION_CONTEXT('2D SPACE',''
  ) );
#1410 = PCURVE('',#1411,#1416);
#1411 = PLANE('',#1412);
#1412 = AXIS2_PLACEMENT_3D('',#1413,#1414,#1415);
#1413 = CARTESIAN_POINT('',(61.4,13.,35.));
#1414 = DIRECTION('',(0.,1.,0.));
#1415 = DIRECTION('',(0.,0.,1.));
#1416 = DEFINITIONAL_REPRESENTATION('',(#1417),#1421);
#1417 = LINE('',#1418,#1419);
#1418 = CARTESIAN_POINT('',(0.,0.));
#1419 = VECTOR('',#1420,1.);
#1420 = DIRECTION('',(1.,0.));
#1421 = ( GEOMETRIC_REPRESENTATION_CONTEXT(2) 
PARAMETRIC_REPRESENTATION_CONTEXT() REPRESENTATION_CONTEXT('2D SPACE',''
  ) );
#1422 = ADVANCED_FACE('',(#1423),#484,.F.);
#1423 = FACE_BOUND('',#1424,.F.);
#1424 = EDGE_LOOP('',(#1425,#1448,#1476,#1504,#1525,#1526));
#1425 = ORIENTED_EDGE('',*,*,#1426,.F.);
#1426 = EDGE_CURVE('',#1427,#444,#1429,.T.);
#1427 = VERTEX_POINT('',#1428);
#1428 = CARTESIAN_POINT('',(61.4,-13.,35.));
#1429 = SURFACE_CURVE('',#1430,(#1434,#1441),.PCURVE_S1.);
#1430 = LINE('',#1431,#1432);
#1431 = CARTESIAN_POINT('',(61.4,-13.,35.));
#1432 = VECTOR('',#1433,1.);
#1433 = DIRECTION('',(0.,1.,0.));
#1434 = PCURVE('',#484,#1435);
#1435 = DEFINITIONAL_REPRESENTATION('',(#1436),#1440);
#1436 = LINE('',#1437,#1438);
#1437 = CARTESIAN_POINT('',(0.,0.));
#1438 = VECTOR('',#1439,1.);
#1439 = DIRECTION('',(0.,1.));
#1440 = ( GEOMETRIC_REPRESENTATION_CONTEXT(2) 
PARAMETRIC_REPRESENTATION_CONTEXT() REPRESENTATION_CONTEXT('2D SPACE',''
  ) );
#1441 = PCURVE('',#458,#1442);
#1442 = DEFINITIONAL_REPRESENTATION('',(#1443),#1447);
#1443 = LINE('',#1444,#1445);
#1444 = CARTESIAN_POINT('',(0.,0.));
#1445 = VECTOR('',#1446,1.);
#1446 = DIRECTION('',(0.,-1.));
#1447 = ( GEOMETRIC_REPRESENTATION_CONTEXT(2) 
PARAMETRIC_REPRESENTATION_CONTEXT() REPRESENTATION_CONTEXT('2D SPACE',''
  ) );
#1448 = ORIENTED_EDGE('',*,*,#1449,.T.);
#1449 = EDGE_CURVE('',#1427,#1450,#1452,.T.);
#1450 = VERTEX_POINT('',#1451);
#1451 = CARTESIAN_POINT('',(69.4,-13.,35.));
#1452 = SURFACE_CURVE('',#1453,(#1457,#1464),.PCURVE_S1.);
#1453 = LINE('',#1454,#1455);
#1454 = CARTESIAN_POINT('',(61.4,-13.,35.));
#1455 = VECTOR('',#1456,1.);
#1456 = DIRECTION('',(1.,0.,0.));
#1457 = PCURVE('',#484,#1458);
#1458 = DEFINITIONAL_REPRESENTATION('',(#1459),#1463);
#1459 = LINE('',#1460,#1461);
#1460 = CARTESIAN_POINT('',(0.,0.));
#1461 = VECTOR('',#1462,1.);
#1462 = DIRECTION('',(1.,0.));
#1463 = ( GEOMETRIC_REPRESENTATION_CONTEXT(2) 
PARAMETRIC_REPRESENTATION_CONTEXT() REPRESENTATION_CONTEXT('2D SPACE',''
  ) );
#1464 = PCURVE('',#1465,#1470);
#1465 = PLANE('',#1466);
#1466 = AXIS2_PLACEMENT_3D('',#1467,#1468,#1469);
#1467 = CARTESIAN_POINT('',(61.4,-13.,35.));
#1468 = DIRECTION('',(0.,1.,0.));
#1469 = DIRECTION('',(0.,0.,1.));
#1470 = DEFINITIONAL_REPRESENTATION('',(#1471),#1475);
#1471 = LINE('',#1472,#1473);
#1472 = CARTESIAN_POINT('',(0.,0.));
#1473 = VECTOR('',#1474,1.);
#1474 = DIRECTION('',(0.,1.));
#1475 = ( GEOMETRIC_REPRESENTATION_CONTEXT(2) 
PARAMETRIC_REPRESENTATION_CONTEXT() REPRESENTATION_CONTEXT('2D SPACE',''
  ) );
#1476 = ORIENTED_EDGE('',*,*,#1477,.T.);
#1477 = EDGE_CURVE('',#1450,#1478,#1480,.T.);
#1478 = VERTEX_POINT('',#1479);
#1479 = CARTESIAN_POINT('',(69.4,13.,35.));
#1480 = SURFACE_CURVE('',#1481,(#1485,#1492),.PCURVE_S1.);
#1481 = LINE('',#1482,#1483);
#1482 = CARTESIAN_POINT('',(69.4,-13.,35.));
#1483 = VECTOR('',#1484,1.);
#1484 = DIRECTION('',(0.,1.,0.));
#1485 = PCURVE('',#484,#1486);
#1486 = DEFINITIONAL_REPRESENTATION('',(#1487),#1491);
#1487 = LINE('',#1488,#1489);
#1488 = CARTESIAN_POINT('',(8.,0.));
#1489 = VECTOR('',#1490,1.);
#1490 = DIRECTION('',(0.,1.));
#1491 = ( GEOMETRIC_REPRESENTATION_CONTEXT(2) 
PARAMETRIC_REPRESENTATION_CONTEXT() REPRESENTATION_CONTEXT('2D SPACE',''
  ) );
#1492 = PCURVE('',#1493,#1498);
#1493 = PLANE('',#1494);
#1494 = AXIS2_PLACEMENT_3D('',#1495,#1496,#1497);
#1495 = CARTESIAN_POINT('',(69.4,-13.,35.));
#1496 = DIRECTION('',(1.,0.,0.));
#1497 = DIRECTION('',(0.,0.,1.));
#1498 = DEFINITIONAL_REPRESENTATION('',(#1499),#1503);
#1499 = LINE('',#1500,#1501);
#1500 = CARTESIAN_POINT('',(0.,0.));
#1501 = VECTOR('',#1502,1.);
#1502 = DIRECTION('',(0.,-1.));
#1503 = ( GEOMETRIC_REPRESENTATION_CONTEXT(2) 
PARAMETRIC_REPRESENTATION_CONTEXT() REPRESENTATION_CONTEXT('2D SPACE',''
  ) );
#1504 = ORIENTED_EDGE('',*,*,#1505,.F.);
#1505 = EDGE_CURVE('',#1375,#1478,#1506,.T.);
#1506 = SURFACE_CURVE('',#1507,(#1511,#1518),.PCURVE_S1.);
#1507 = LINE('',#1508,#1509);
#1508 = CARTESIAN_POINT('',(61.4,13.,35.));
#1509 = VECTOR('',#1510,1.);
#1510 = DIRECTION('',(1.,0.,0.));
#1511 = PCURVE('',#484,#1512);
#1512 = DEFINITIONAL_REPRESENTATION('',(#1513),#1517);
#1513 = LINE('',#1514,#1515);
#1514 = CARTESIAN_POINT('',(0.,26.));
#1515 = VECTOR('',#1516,1.);
#1516 = DIRECTION('',(1.,0.));
#1517 = ( GEOMETRIC_REPRESENTATION_CONTEXT(2) 
PARAMETRIC_REPRESENTATION_CONTEXT() REPRESENTATION_CONTEXT('2D SPACE',''
  ) );
#1518 = PCURVE('',#1411,#1519);
#1519 = DEFINITIONAL_REPRESENTATION('',(#1520),#1524);
#1520 = LINE('',#1521,#1522);
#1521 = CARTESIAN_POINT('',(0.,0.));
#1522 = VECTOR('',#1523,1.);
#1523 = DIRECTION('',(0.,1.));
#1524 = ( GEOMETRIC_REPRESENTATION_CONTEXT(2) 
PARAMETRIC_REPRESENTATION_CONTEXT() REPRESENTATION_CONTEXT('2D SPACE',''
  ) );
#1525 = ORIENTED_EDGE('',*,*,#1374,.F.);
#1526 = ORIENTED_EDGE('',*,*,#469,.T.);
#1527 = ADVANCED_FACE('',(#1528),#458,.F.);
#1528 = FACE_BOUND('',#1529,.F.);
#1529 = EDGE_LOOP('',(#1530,#1553,#1574,#1575));
#1530 = ORIENTED_EDGE('',*,*,#1531,.F.);
#1531 = EDGE_CURVE('',#1532,#411,#1534,.T.);
#1532 = VERTEX_POINT('',#1533);
#1533 = CARTESIAN_POINT('',(61.4,-13.,75.));
#1534 = SURFACE_CURVE('',#1535,(#1539,#1546),.PCURVE_S1.);
#1535 = LINE('',#1536,#1537);
#1536 = CARTESIAN_POINT('',(61.4,-13.,75.));
#1537 = VECTOR('',#1538,1.);
#1538 = DIRECTION('',(0.,1.,0.));
#1539 = PCURVE('',#458,#1540);
#1540 = DEFINITIONAL_REPRESENTATION('',(#1541),#1545);
#1541 = LINE('',#1542,#1543);
#1542 = CARTESIAN_POINT('',(40.,0.));
#1543 = VECTOR('',#1544,1.);
#1544 = DIRECTION('',(0.,-1.));
#1545 = ( GEOMETRIC_REPRESENTATION_CONTEXT(2) 
PARAMETRIC_REPRESENTATION_CONTEXT() REPRESENTATION_CONTEXT('2D SPACE',''
  ) );
#1546 = PCURVE('',#427,#1547);
#1547 = DEFINITIONAL_REPRESENTATION('',(#1548),#1552);
#1548 = LINE('',#1549,#1550);
#1549 = CARTESIAN_POINT('',(0.,0.));
#1550 = VECTOR('',#1551,1.);
#1551 = DIRECTION('',(0.,1.));
#1552 = ( GEOMETRIC_REPRESENTATION_CONTEXT(2) 
PARAMETRIC_REPRESENTATION_CONTEXT() REPRESENTATION_CONTEXT('2D SPACE',''
  ) );
#1553 = ORIENTED_EDGE('',*,*,#1554,.F.);
#1554 = EDGE_CURVE('',#1427,#1532,#1555,.T.);
#1555 = SURFACE_CURVE('',#1556,(#1560,#1567),.PCURVE_S1.);
#1556 = LINE('',#1557,#1558);
#1557 = CARTESIAN_POINT('',(61.4,-13.,35.));
#1558 = VECTOR('',#1559,1.);
#1559 = DIRECTION('',(0.,0.,1.));
#1560 = PCURVE('',#458,#1561);
#1561 = DEFINITIONAL_REPRESENTATION('',(#1562),#1566);
#1562 = LINE('',#1563,#1564);
#1563 = CARTESIAN_POINT('',(0.,0.));
#1564 = VECTOR('',#1565,1.);
#1565 = DIRECTION('',(1.,0.));
#1566 = ( GEOMETRIC_REPRESENTATION_CONTEXT(2) 
PARAMETRIC_REPRESENTATION_CONTEXT() REPRESENTATION_CONTEXT('2D SPACE',''
  ) );
#1567 = PCURVE('',#1465,#1568);
#1568 = DEFINITIONAL_REPRESENTATION('',(#1569),#1573);
#1569 = LINE('',#1570,#1571);
#1570 = CARTESIAN_POINT('',(0.,0.));
#1571 = VECTOR('',#1572,1.);
#1572 = DIRECTION('',(1.,0.));
#1573 = ( GEOMETRIC_REPRESENTATION_CONTEXT(2) 
PARAMETRIC_REPRESENTATION_CONTEXT() REPRESENTATION_CONTEXT('2D SPACE',''
  ) );
#1574 = ORIENTED_EDGE('',*,*,#1426,.T.);
#1575 = ORIENTED_EDGE('',*,*,#443,.F.);
#1576 = ADVANCED_FACE('',(#1577),#427,.T.);
#1577 = FACE_BOUND('',#1578,.T.);
#1578 = EDGE_LOOP('',(#1579,#1580,#1603,#1626,#1647,#1648));
#1579 = ORIENTED_EDGE('',*,*,#1531,.F.);
#1580 = ORIENTED_EDGE('',*,*,#1581,.T.);
#1581 = EDGE_CURVE('',#1532,#1582,#1584,.T.);
#1582 = VERTEX_POINT('',#1583);
#1583 = CARTESIAN_POINT('',(69.4,-13.,75.));
#1584 = SURFACE_CURVE('',#1585,(#1589,#1596),.PCURVE_S1.);
#1585 = LINE('',#1586,#1587);
#1586 = CARTESIAN_POINT('',(61.4,-13.,75.));
#1587 = VECTOR('',#1588,1.);
#1588 = DIRECTION('',(1.,0.,0.));
#1589 = PCURVE('',#427,#1590);
#1590 = DEFINITIONAL_REPRESENTATION('',(#1591),#1595);
#1591 = LINE('',#1592,#1593);
#1592 = CARTESIAN_POINT('',(0.,0.));
#1593 = VECTOR('',#1594,1.);
#1594 = DIRECTION('',(1.,0.));
#1595 = ( GEOMETRIC_REPRESENTATION_CONTEXT(2) 
PARAMETRIC_REPRESENTATION_CONTEXT() REPRESENTATION_CONTEXT('2D SPACE',''
  ) );
#1596 = PCURVE('',#1465,#1597);
#1597 = DEFINITIONAL_REPRESENTATION('',(#1598),#1602);
#1598 = LINE('',#1599,#1600);
#1599 = CARTESIAN_POINT('',(40.,0.));
#1600 = VECTOR('',#1601,1.);
#1601 = DIRECTION('',(0.,1.));
#1602 = ( GEOMETRIC_REPRESENTATION_CONTEXT(2) 
PARAMETRIC_REPRESENTATION_CONTEXT() REPRESENTATION_CONTEXT('2D SPACE',''
  ) );
#1603 = ORIENTED_EDGE('',*,*,#1604,.T.);
#1604 = EDGE_CURVE('',#1582,#1605,#1607,.T.);
#1605 = VERTEX_POINT('',#1606);
#1606 = CARTESIAN_POINT('',(69.4,13.,75.));
#1607 = SURFACE_CURVE('',#1608,(#1612,#1619),.PCURVE_S1.);
#1608 = LINE('',#1609,#1610);
#1609 = CARTESIAN_POINT('',(69.4,-13.,75.));
#1610 = VECTOR('',#1611,1.);
#1611 = DIRECTION('',(0.,1.,0.));
#1612 = PCURVE('',#427,#1613);
#1613 = DEFINITIONAL_REPRESENTATION('',(#1614),#1618);
#1614 = LINE('',#1615,#1616);
#1615 = CARTESIAN_POINT('',(8.,0.));
#1616 = VECTOR('',#1617,1.);
#1617 = DIRECTION('',(0.,1.));
#1618 = ( GEOMETRIC_REPRESENTATION_CONTEXT(2) 
PARAMETRIC_REPRESENTATION_CONTEXT() REPRESENTATION_CONTEXT('2D SPACE',''
  ) );
#1619 = PCURVE('',#1493,#1620);
#1620 = DEFINITIONAL_REPRESENTATION('',(#1621),#1625);
#1621 = LINE('',#1622,#1623);
#1622 = CARTESIAN_POINT('',(40.,0.));
#1623 = VECTOR('',#1624,1.);
#1624 = DIRECTION('',(0.,-1.));
#1625 = ( GEOMETRIC_REPRESENTATION_CONTEXT(2) 
PARAMETRIC_REPRESENTATION_CONTEXT() REPRESENTATION_CONTEXT('2D SPACE',''
  ) );
#1626 = ORIENTED_EDGE('',*,*,#1627,.F.);
#1627 = EDGE_CURVE('',#1351,#1605,#1628,.T.);
#1628 = SURFACE_CURVE('',#1629,(#1633,#1640),.PCURVE_S1.);
#1629 = LINE('',#1630,#1631);
#1630 = CARTESIAN_POINT('',(61.4,13.,75.));
#1631 = VECTOR('',#1632,1.);
#1632 = DIRECTION('',(1.,0.,0.));
#1633 = PCURVE('',#427,#1634);
#1634 = DEFINITIONAL_REPRESENTATION('',(#1635),#1639);
#1635 = LINE('',#1636,#1637);
#1636 = CARTESIAN_POINT('',(0.,26.));
#1637 = VECTOR('',#1638,1.);
#1638 = DIRECTION('',(1.,0.));
#1639 = ( GEOMETRIC_REPRESENTATION_CONTEXT(2) 
PARAMETRIC_REPRESENTATION_CONTEXT() REPRESENTATION_CONTEXT('2D SPACE',''
  ) );
#1640 = PCURVE('',#1411,#1641);
#1641 = DEFINITIONAL_REPRESENTATION('',(#1642),#1646);
#1642 = LINE('',#1643,#1644);
#1643 = CARTESIAN_POINT('',(40.,0.));
#1644 = VECTOR('',#1645,1.);
#1645 = DIRECTION('',(0.,1.));
#1646 = ( GEOMETRIC_REPRESENTATION_CONTEXT(2) 
PARAMETRIC_REPRESENTATION_CONTEXT() REPRESENTATION_CONTEXT('2D SPACE',''
  ) );
#1647 = ORIENTED_EDGE('',*,*,#1350,.F.);
#1648 = ORIENTED_EDGE('',*,*,#410,.T.);
#1649 = ADVANCED_FACE('',(#1650),#521,.F.);
#1650 = FACE_BOUND('',#1651,.F.);
#1651 = EDGE_LOOP('',(#1652,#1675,#1703,#1724));
#1652 = ORIENTED_EDGE('',*,*,#1653,.F.);
#1653 = EDGE_CURVE('',#1654,#503,#1656,.T.);
#1654 = VERTEX_POINT('',#1655);
#1655 = CARTESIAN_POINT('',(5.529238162787,-57.73584263989,44.));
#1656 = SURFACE_CURVE('',#1657,(#1661,#1668),.PCURVE_S1.);
#1657 = LINE('',#1658,#1659);
#1658 = CARTESIAN_POINT('',(5.322715474005,-53.79515498614,44.));
#1659 = VECTOR('',#1660,1.);
#1660 = DIRECTION('',(5.233595624294E-02,-0.998629534755,0.));
#1661 = PCURVE('',#521,#1662);
#1662 = DEFINITIONAL_REPRESENTATION('',(#1663),#1667);
#1663 = LINE('',#1664,#1665);
#1664 = CARTESIAN_POINT('',(-4.218847493576E-15,5.));
#1665 = VECTOR('',#1666,1.);
#1666 = DIRECTION('',(1.,0.));
#1667 = ( GEOMETRIC_REPRESENTATION_CONTEXT(2) 
PARAMETRIC_REPRESENTATION_CONTEXT() REPRESENTATION_CONTEXT('2D SPACE',''
  ) );
#1668 = PCURVE('',#609,#1669);
#1669 = DEFINITIONAL_REPRESENTATION('',(#1670),#1674);
#1670 = LINE('',#1671,#1672);
#1671 = CARTESIAN_POINT('',(22.,0.));
#1672 = VECTOR('',#1673,1.);
#1673 = DIRECTION('',(0.,1.));
#1674 = ( GEOMETRIC_REPRESENTATION_CONTEXT(2) 
PARAMETRIC_REPRESENTATION_CONTEXT() REPRESENTATION_CONTEXT('2D SPACE',''
  ) );
#1675 = ORIENTED_EDGE('',*,*,#1676,.T.);
#1676 = EDGE_CURVE('',#1654,#1677,#1679,.T.);
#1677 = VERTEX_POINT('',#1678);
#1678 = CARTESIAN_POINT('',(0.536090489014,-57.99752242111,44.));
#1679 = SURFACE_CURVE('',#1680,(#1685,#1696),.PCURVE_S1.);
#1680 = CIRCLE('',#1681,58.);
#1681 = AXIS2_PLACEMENT_3D('',#1682,#1683,#1684);
#1682 = CARTESIAN_POINT('',(0.,0.,44.));
#1683 = DIRECTION('',(0.,0.,-1.));
#1684 = DIRECTION('',(1.,0.,0.));
#1685 = PCURVE('',#521,#1686);
#1686 = DEFINITIONAL_REPRESENTATION('',(#1687),#1695);
#1687 = ( BOUNDED_CURVE() B_SPLINE_CURVE(2,(#1688,#1689,#1690,#1691,
#1692,#1693,#1694),.UNSPECIFIED.,.T.,.F.) B_SPLINE_CURVE_WITH_KNOTS((1,2
    ,2,2,2,1),(-2.094395102393,0.,2.094395102393,4.188790204786,
6.28318530718,8.377580409573),.UNSPECIFIED.) CURVE() 
GEOMETRIC_REPRESENTATION_ITEM() RATIONAL_B_SPLINE_CURVE((1.,0.5,1.,0.5,
1.,0.5,1.)) REPRESENTATION_ITEM('') );
#1688 = CARTESIAN_POINT('',(-50.9645145379,60.420513015765));
#1689 = CARTESIAN_POINT('',(49.356756805851,55.162897969787));
#1690 = CARTESIAN_POINT('',(-5.357107059165,-29.08906403087));
#1691 = CARTESIAN_POINT('',(-60.07097092418,-113.3410260315));
#1692 = CARTESIAN_POINT('',(-105.6783784029,-23.83144898489));
#1693 = CARTESIAN_POINT('',(-151.2857858816,65.678128061743));
#1694 = CARTESIAN_POINT('',(-50.9645145379,60.420513015765));
#1695 = ( GEOMETRIC_REPRESENTATION_CONTEXT(2) 
PARAMETRIC_REPRESENTATION_CONTEXT() REPRESENTATION_CONTEXT('2D SPACE',''
  ) );
#1696 = PCURVE('',#784,#1697);
#1697 = DEFINITIONAL_REPRESENTATION('',(#1698),#1702);
#1698 = LINE('',#1699,#1700);
#1699 = CARTESIAN_POINT('',(-6.28318530718,-44.));
#1700 = VECTOR('',#1701,1.);
#1701 = DIRECTION('',(1.,-0.));
#1702 = ( GEOMETRIC_REPRESENTATION_CONTEXT(2) 
PARAMETRIC_REPRESENTATION_CONTEXT() REPRESENTATION_CONTEXT('2D SPACE',''
  ) );
#1703 = ORIENTED_EDGE('',*,*,#1704,.T.);
#1704 = EDGE_CURVE('',#1677,#505,#1705,.T.);
#1705 = SURFACE_CURVE('',#1706,(#1710,#1717),.PCURVE_S1.);
#1706 = LINE('',#1707,#1708);
#1707 = CARTESIAN_POINT('',(0.329567800233,-54.05683476735,44.));
#1708 = VECTOR('',#1709,1.);
#1709 = DIRECTION('',(5.233595624294E-02,-0.998629534755,0.));
#1710 = PCURVE('',#521,#1711);
#1711 = DEFINITIONAL_REPRESENTATION('',(#1712),#1716);
#1712 = LINE('',#1713,#1714);
#1713 = CARTESIAN_POINT('',(0.,0.));
#1714 = VECTOR('',#1715,1.);
#1715 = DIRECTION('',(1.,0.));
#1716 = ( GEOMETRIC_REPRESENTATION_CONTEXT(2) 
PARAMETRIC_REPRESENTATION_CONTEXT() REPRESENTATION_CONTEXT('2D SPACE',''
  ) );
#1717 = PCURVE('',#552,#1718);
#1718 = DEFINITIONAL_REPRESENTATION('',(#1719),#1723);
#1719 = LINE('',#1720,#1721);
#1720 = CARTESIAN_POINT('',(22.,0.));
#1721 = VECTOR('',#1722,1.);
#1722 = DIRECTION('',(0.,1.));
#1723 = ( GEOMETRIC_REPRESENTATION_CONTEXT(2) 
PARAMETRIC_REPRESENTATION_CONTEXT() REPRESENTATION_CONTEXT('2D SPACE',''
  ) );
#1724 = ORIENTED_EDGE('',*,*,#502,.F.);
#1725 = ADVANCED_FACE('',(#1726),#609,.F.);
#1726 = FACE_BOUND('',#1727,.F.);
#1727 = EDGE_LOOP('',(#1728,#1751,#1770,#1771));
#1728 = ORIENTED_EDGE('',*,*,#1729,.F.);
#1729 = EDGE_CURVE('',#1730,#564,#1732,.T.);
#1730 = VERTEX_POINT('',#1731);
#1731 = CARTESIAN_POINT('',(5.529238162787,-57.73584263989,22.));
#1732 = SURFACE_CURVE('',#1733,(#1737,#1744),.PCURVE_S1.);
#1733 = LINE('',#1734,#1735);
#1734 = CARTESIAN_POINT('',(5.322715474005,-53.79515498614,22.));
#1735 = VECTOR('',#1736,1.);
#1736 = DIRECTION('',(5.233595624294E-02,-0.998629534755,0.));
#1737 = PCURVE('',#609,#1738);
#1738 = DEFINITIONAL_REPRESENTATION('',(#1739),#1743);
#1739 = LINE('',#1740,#1741);
#1740 = CARTESIAN_POINT('',(0.,0.));
#1741 = VECTOR('',#1742,1.);
#1742 = DIRECTION('',(0.,1.));
#1743 = ( GEOMETRIC_REPRESENTATION_CONTEXT(2) 
PARAMETRIC_REPRESENTATION_CONTEXT() REPRESENTATION_CONTEXT('2D SPACE',''
  ) );
#1744 = PCURVE('',#580,#1745);
#1745 = DEFINITIONAL_REPRESENTATION('',(#1746),#1750);
#1746 = LINE('',#1747,#1748);
#1747 = CARTESIAN_POINT('',(-4.218847493576E-15,5.));
#1748 = VECTOR('',#1749,1.);
#1749 = DIRECTION('',(1.,0.));
#1750 = ( GEOMETRIC_REPRESENTATION_CONTEXT(2) 
PARAMETRIC_REPRESENTATION_CONTEXT() REPRESENTATION_CONTEXT('2D SPACE',''
  ) );
#1751 = ORIENTED_EDGE('',*,*,#1752,.F.);
#1752 = EDGE_CURVE('',#1654,#1730,#1753,.T.);
#1753 = SURFACE_CURVE('',#1754,(#1758,#1764),.PCURVE_S1.);
#1754 = LINE('',#1755,#1756);
#1755 = CARTESIAN_POINT('',(5.529238162787,-57.73584263989,0.));
#1756 = VECTOR('',#1757,1.);
#1757 = DIRECTION('',(-0.,-0.,-1.));
#1758 = PCURVE('',#609,#1759);
#1759 = DEFINITIONAL_REPRESENTATION('',(#1760),#1763);
#1760 = B_SPLINE_CURVE_WITH_KNOTS('',1,(#1761,#1762),.UNSPECIFIED.,.F.,
  .F.,(2,2),(-46.2,-19.8),.PIECEWISE_BEZIER_KNOTS.);
#1761 = CARTESIAN_POINT('',(24.2,3.94609564069));
#1762 = CARTESIAN_POINT('',(-2.2,3.94609564069));
#1763 = ( GEOMETRIC_REPRESENTATION_CONTEXT(2) 
PARAMETRIC_REPRESENTATION_CONTEXT() REPRESENTATION_CONTEXT('2D SPACE',''
  ) );
#1764 = PCURVE('',#784,#1765);
#1765 = DEFINITIONAL_REPRESENTATION('',(#1766),#1769);
#1766 = B_SPLINE_CURVE_WITH_KNOTS('',1,(#1767,#1768),.UNSPECIFIED.,.F.,
  .F.,(2,2),(-46.2,-19.8),.PIECEWISE_BEZIER_KNOTS.);
#1767 = CARTESIAN_POINT('',(-4.807865664427,-46.2));
#1768 = CARTESIAN_POINT('',(-4.807865664427,-19.8));
#1769 = ( GEOMETRIC_REPRESENTATION_CONTEXT(2) 
PARAMETRIC_REPRESENTATION_CONTEXT() REPRESENTATION_CONTEXT('2D SPACE',''
  ) );
#1770 = ORIENTED_EDGE('',*,*,#1653,.T.);
#1771 = ORIENTED_EDGE('',*,*,#596,.T.);
#1772 = ADVANCED_FACE('',(#1773),#552,.T.);
#1773 = FACE_BOUND('',#1774,.T.);
#1774 = EDGE_LOOP('',(#1775,#1798,#1817,#1818));
#1775 = ORIENTED_EDGE('',*,*,#1776,.F.);
#1776 = EDGE_CURVE('',#1777,#538,#1779,.T.);
#1777 = VERTEX_POINT('',#1778);
#1778 = CARTESIAN_POINT('',(0.536090489014,-57.99752242111,22.));
#1779 = SURFACE_CURVE('',#1780,(#1784,#1791),.PCURVE_S1.);
#1780 = LINE('',#1781,#1782);
#1781 = CARTESIAN_POINT('',(0.329567800233,-54.05683476735,22.));
#1782 = VECTOR('',#1783,1.);
#1783 = DIRECTION('',(5.233595624294E-02,-0.998629534755,0.));
#1784 = PCURVE('',#552,#1785);
#1785 = DEFINITIONAL_REPRESENTATION('',(#1786),#1790);
#1786 = LINE('',#1787,#1788);
#1787 = CARTESIAN_POINT('',(0.,0.));
#1788 = VECTOR('',#1789,1.);
#1789 = DIRECTION('',(0.,1.));
#1790 = ( GEOMETRIC_REPRESENTATION_CONTEXT(2) 
PARAMETRIC_REPRESENTATION_CONTEXT() REPRESENTATION_CONTEXT('2D SPACE',''
  ) );
#1791 = PCURVE('',#580,#1792);
#1792 = DEFINITIONAL_REPRESENTATION('',(#1793),#1797);
#1793 = LINE('',#1794,#1795);
#1794 = CARTESIAN_POINT('',(0.,0.));
#1795 = VECTOR('',#1796,1.);
#1796 = DIRECTION('',(1.,0.));
#1797 = ( GEOMETRIC_REPRESENTATION_CONTEXT(2) 
PARAMETRIC_REPRESENTATION_CONTEXT() REPRESENTATION_CONTEXT('2D SPACE',''
  ) );
#1798 = ORIENTED_EDGE('',*,*,#1799,.F.);
#1799 = EDGE_CURVE('',#1677,#1777,#1800,.T.);
#1800 = SURFACE_CURVE('',#1801,(#1805,#1811),.PCURVE_S1.);
#1801 = LINE('',#1802,#1803);
#1802 = CARTESIAN_POINT('',(0.536090489014,-57.99752242111,0.));
#1803 = VECTOR('',#1804,1.);
#1804 = DIRECTION('',(-0.,-0.,-1.));
#1805 = PCURVE('',#552,#1806);
#1806 = DEFINITIONAL_REPRESENTATION('',(#1807),#1810);
#1807 = B_SPLINE_CURVE_WITH_KNOTS('',1,(#1808,#1809),.UNSPECIFIED.,.F.,
  .F.,(2,2),(-46.2,-19.8),.PIECEWISE_BEZIER_KNOTS.);
#1808 = CARTESIAN_POINT('',(24.2,3.94609564069));
#1809 = CARTESIAN_POINT('',(-2.2,3.94609564069));
#1810 = ( GEOMETRIC_REPRESENTATION_CONTEXT(2) 
PARAMETRIC_REPRESENTATION_CONTEXT() REPRESENTATION_CONTEXT('2D SPACE',''
  ) );
#1811 = PCURVE('',#784,#1812);
#1812 = DEFINITIONAL_REPRESENTATION('',(#1813),#1816);
#1813 = B_SPLINE_CURVE_WITH_KNOTS('',1,(#1814,#1815),.UNSPECIFIED.,.F.,
  .F.,(2,2),(-46.2,-19.8),.PIECEWISE_BEZIER_KNOTS.);
#1814 = CARTESIAN_POINT('',(-4.721632051463,-46.2));
#1815 = CARTESIAN_POINT('',(-4.721632051463,-19.8));
#1816 = ( GEOMETRIC_REPRESENTATION_CONTEXT(2) 
PARAMETRIC_REPRESENTATION_CONTEXT() REPRESENTATION_CONTEXT('2D SPACE',''
  ) );
#1817 = ORIENTED_EDGE('',*,*,#1704,.T.);
#1818 = ORIENTED_EDGE('',*,*,#537,.T.);
#1819 = ADVANCED_FACE('',(#1820),#580,.T.);
#1820 = FACE_BOUND('',#1821,.T.);
#1821 = EDGE_LOOP('',(#1822,#1823,#1849,#1850));
#1822 = ORIENTED_EDGE('',*,*,#1729,.F.);
#1823 = ORIENTED_EDGE('',*,*,#1824,.T.);
#1824 = EDGE_CURVE('',#1730,#1777,#1825,.T.);
#1825 = SURFACE_CURVE('',#1826,(#1831,#1842),.PCURVE_S1.);
#1826 = CIRCLE('',#1827,58.);
#1827 = AXIS2_PLACEMENT_3D('',#1828,#1829,#1830);
#1828 = CARTESIAN_POINT('',(0.,0.,22.));
#1829 = DIRECTION('',(0.,0.,-1.));
#1830 = DIRECTION('',(1.,0.,0.));
#1831 = PCURVE('',#580,#1832);
#1832 = DEFINITIONAL_REPRESENTATION('',(#1833),#1841);
#1833 = ( BOUNDED_CURVE() B_SPLINE_CURVE(2,(#1834,#1835,#1836,#1837,
#1838,#1839,#1840),.UNSPECIFIED.,.T.,.F.) B_SPLINE_CURVE_WITH_KNOTS((1,2
    ,2,2,2,1),(-2.094395102393,0.,2.094395102393,4.188790204786,
6.28318530718,8.377580409573),.UNSPECIFIED.) CURVE() 
GEOMETRIC_REPRESENTATION_ITEM() RATIONAL_B_SPLINE_CURVE((1.,0.5,1.,0.5,
1.,0.5,1.)) REPRESENTATION_ITEM('') );
#1834 = CARTESIAN_POINT('',(-50.9645145379,60.420513015765));
#1835 = CARTESIAN_POINT('',(49.356756805851,55.162897969787));
#1836 = CARTESIAN_POINT('',(-5.357107059165,-29.08906403087));
#1837 = CARTESIAN_POINT('',(-60.07097092418,-113.3410260315));
#1838 = CARTESIAN_POINT('',(-105.6783784029,-23.83144898489));
#1839 = CARTESIAN_POINT('',(-151.2857858816,65.678128061743));
#1840 = CARTESIAN_POINT('',(-50.9645145379,60.420513015765));
#1841 = ( GEOMETRIC_REPRESENTATION_CONTEXT(2) 
PARAMETRIC_REPRESENTATION_CONTEXT() REPRESENTATION_CONTEXT('2D SPACE',''
  ) );
#1842 = PCURVE('',#784,#1843);
#1843 = DEFINITIONAL_REPRESENTATION('',(#1844),#1848);
#1844 = LINE('',#1845,#1846);
#1845 = CARTESIAN_POINT('',(-6.28318530718,-22.));
#1846 = VECTOR('',#1847,1.);
#1847 = DIRECTION('',(1.,-0.));
#1848 = ( GEOMETRIC_REPRESENTATION_CONTEXT(2) 
PARAMETRIC_REPRESENTATION_CONTEXT() REPRESENTATION_CONTEXT('2D SPACE',''
  ) );
#1849 = ORIENTED_EDGE('',*,*,#1776,.T.);
#1850 = ORIENTED_EDGE('',*,*,#563,.F.);
#1851 = ADVANCED_FACE('',(#1852),#641,.F.);
#1852 = FACE_BOUND('',#1853,.F.);
#1853 = EDGE_LOOP('',(#1854,#1877,#1905,#1926));
#1854 = ORIENTED_EDGE('',*,*,#1855,.F.);
#1855 = EDGE_CURVE('',#1856,#623,#1858,.T.);
#1856 = VERTEX_POINT('',#1857);
#1857 = CARTESIAN_POINT('',(0.536090489014,57.997522421114,44.));
#1858 = SURFACE_CURVE('',#1859,(#1863,#1870),.PCURVE_S1.);
#1859 = LINE('',#1860,#1861);
#1860 = CARTESIAN_POINT('',(0.329567800233,54.056834767354,44.));
#1861 = VECTOR('',#1862,1.);
#1862 = DIRECTION('',(5.233595624294E-02,0.998629534755,0.));
#1863 = PCURVE('',#641,#1864);
#1864 = DEFINITIONAL_REPRESENTATION('',(#1865),#1869);
#1865 = LINE('',#1866,#1867);
#1866 = CARTESIAN_POINT('',(4.218847493576E-15,5.));
#1867 = VECTOR('',#1868,1.);
#1868 = DIRECTION('',(1.,0.));
#1869 = ( GEOMETRIC_REPRESENTATION_CONTEXT(2) 
PARAMETRIC_REPRESENTATION_CONTEXT() REPRESENTATION_CONTEXT('2D SPACE',''
  ) );
#1870 = PCURVE('',#729,#1871);
#1871 = DEFINITIONAL_REPRESENTATION('',(#1872),#1876);
#1872 = LINE('',#1873,#1874);
#1873 = CARTESIAN_POINT('',(22.,0.));
#1874 = VECTOR('',#1875,1.);
#1875 = DIRECTION('',(0.,1.));
#1876 = ( GEOMETRIC_REPRESENTATION_CONTEXT(2) 
PARAMETRIC_REPRESENTATION_CONTEXT() REPRESENTATION_CONTEXT('2D SPACE',''
  ) );
#1877 = ORIENTED_EDGE('',*,*,#1878,.T.);
#1878 = EDGE_CURVE('',#1856,#1879,#1881,.T.);
#1879 = VERTEX_POINT('',#1880);
#1880 = CARTESIAN_POINT('',(5.529238162787,57.735842639899,44.));
#1881 = SURFACE_CURVE('',#1882,(#1887,#1898),.PCURVE_S1.);
#1882 = CIRCLE('',#1883,58.);
#1883 = AXIS2_PLACEMENT_3D('',#1884,#1885,#1886);
#1884 = CARTESIAN_POINT('',(0.,0.,44.));
#1885 = DIRECTION('',(0.,0.,-1.));
#1886 = DIRECTION('',(1.,0.,0.));
#1887 = PCURVE('',#641,#1888);
#1888 = DEFINITIONAL_REPRESENTATION('',(#1889),#1897);
#1889 = ( BOUNDED_CURVE() B_SPLINE_CURVE(2,(#1890,#1891,#1892,#1893,
#1894,#1895,#1896),.UNSPECIFIED.,.T.,.F.) B_SPLINE_CURVE_WITH_KNOTS((1,2
    ,2,2,2,1),(-2.094395102393,0.,2.094395102393,4.188790204786,
6.28318530718,8.377580409573),.UNSPECIFIED.) CURVE() 
GEOMETRIC_REPRESENTATION_ITEM() RATIONAL_B_SPLINE_CURVE((1.,0.5,1.,0.5,
1.,0.5,1.)) REPRESENTATION_ITEM('') );
#1890 = CARTESIAN_POINT('',(-50.9645145379,-55.42051301576));
#1891 = CARTESIAN_POINT('',(-151.2857858816,-60.67812806174));
#1892 = CARTESIAN_POINT('',(-105.6783784029,28.831448984894));
#1893 = CARTESIAN_POINT('',(-60.07097092418,118.34102603153));
#1894 = CARTESIAN_POINT('',(-5.357107059165,34.089064030872));
#1895 = CARTESIAN_POINT('',(49.356756805851,-50.16289796978));
#1896 = CARTESIAN_POINT('',(-50.9645145379,-55.42051301576));
#1897 = ( GEOMETRIC_REPRESENTATION_CONTEXT(2) 
PARAMETRIC_REPRESENTATION_CONTEXT() REPRESENTATION_CONTEXT('2D SPACE',''
  ) );
#1898 = PCURVE('',#784,#1899);
#1899 = DEFINITIONAL_REPRESENTATION('',(#1900),#1904);
#1900 = LINE('',#1901,#1902);
#1901 = CARTESIAN_POINT('',(-12.56637061435,-44.));
#1902 = VECTOR('',#1903,1.);
#1903 = DIRECTION('',(1.,-0.));
#1904 = ( GEOMETRIC_REPRESENTATION_CONTEXT(2) 
PARAMETRIC_REPRESENTATION_CONTEXT() REPRESENTATION_CONTEXT('2D SPACE',''
  ) );
#1905 = ORIENTED_EDGE('',*,*,#1906,.T.);
#1906 = EDGE_CURVE('',#1879,#625,#1907,.T.);
#1907 = SURFACE_CURVE('',#1908,(#1912,#1919),.PCURVE_S1.);
#1908 = LINE('',#1909,#1910);
#1909 = CARTESIAN_POINT('',(5.322715474005,53.79515498614,44.));
#1910 = VECTOR('',#1911,1.);
#1911 = DIRECTION('',(5.233595624294E-02,0.998629534755,0.));
#1912 = PCURVE('',#641,#1913);
#1913 = DEFINITIONAL_REPRESENTATION('',(#1914),#1918);
#1914 = LINE('',#1915,#1916);
#1915 = CARTESIAN_POINT('',(0.,0.));
#1916 = VECTOR('',#1917,1.);
#1917 = DIRECTION('',(1.,0.));
#1918 = ( GEOMETRIC_REPRESENTATION_CONTEXT(2) 
PARAMETRIC_REPRESENTATION_CONTEXT() REPRESENTATION_CONTEXT('2D SPACE',''
  ) );
#1919 = PCURVE('',#672,#1920);
#1920 = DEFINITIONAL_REPRESENTATION('',(#1921),#1925);
#1921 = LINE('',#1922,#1923);
#1922 = CARTESIAN_POINT('',(22.,0.));
#1923 = VECTOR('',#1924,1.);
#1924 = DIRECTION('',(0.,1.));
#1925 = ( GEOMETRIC_REPRESENTATION_CONTEXT(2) 
PARAMETRIC_REPRESENTATION_CONTEXT() REPRESENTATION_CONTEXT('2D SPACE',''
  ) );
#1926 = ORIENTED_EDGE('',*,*,#622,.F.);
#1927 = ADVANCED_FACE('',(#1928),#729,.F.);
#1928 = FACE_BOUND('',#1929,.F.);
#1929 = EDGE_LOOP('',(#1930,#1953,#1972,#1973));
#1930 = ORIENTED_EDGE('',*,*,#1931,.F.);
#1931 = EDGE_CURVE('',#1932,#684,#1934,.T.);
#1932 = VERTEX_POINT('',#1933);
#1933 = CARTESIAN_POINT('',(0.536090489014,57.997522421114,22.));
#1934 = SURFACE_CURVE('',#1935,(#1939,#1946),.PCURVE_S1.);
#1935 = LINE('',#1936,#1937);
#1936 = CARTESIAN_POINT('',(0.329567800233,54.056834767354,22.));
#1937 = VECTOR('',#1938,1.);
#1938 = DIRECTION('',(5.233595624294E-02,0.998629534755,0.));
#1939 = PCURVE('',#729,#1940);
#1940 = DEFINITIONAL_REPRESENTATION('',(#1941),#1945);
#1941 = LINE('',#1942,#1943);
#1942 = CARTESIAN_POINT('',(0.,0.));
#1943 = VECTOR('',#1944,1.);
#1944 = DIRECTION('',(0.,1.));
#1945 = ( GEOMETRIC_REPRESENTATION_CONTEXT(2) 
PARAMETRIC_REPRESENTATION_CONTEXT() REPRESENTATION_CONTEXT('2D SPACE',''
  ) );
#1946 = PCURVE('',#700,#1947);
#1947 = DEFINITIONAL_REPRESENTATION('',(#1948),#1952);
#1948 = LINE('',#1949,#1950);
#1949 = CARTESIAN_POINT('',(4.218847493576E-15,5.));
#1950 = VECTOR('',#1951,1.);
#1951 = DIRECTION('',(1.,0.));
#1952 = ( GEOMETRIC_REPRESENTATION_CONTEXT(2) 
PARAMETRIC_REPRESENTATION_CONTEXT() REPRESENTATION_CONTEXT('2D SPACE',''
  ) );
#1953 = ORIENTED_EDGE('',*,*,#1954,.F.);
#1954 = EDGE_CURVE('',#1856,#1932,#1955,.T.);
#1955 = SURFACE_CURVE('',#1956,(#1960,#1966),.PCURVE_S1.);
#1956 = LINE('',#1957,#1958);
#1957 = CARTESIAN_POINT('',(0.536090489014,57.997522421114,0.));
#1958 = VECTOR('',#1959,1.);
#1959 = DIRECTION('',(-0.,-0.,-1.));
#1960 = PCURVE('',#729,#1961);
#1961 = DEFINITIONAL_REPRESENTATION('',(#1962),#1965);
#1962 = B_SPLINE_CURVE_WITH_KNOTS('',1,(#1963,#1964),.UNSPECIFIED.,.F.,
  .F.,(2,2),(-46.2,-19.8),.PIECEWISE_BEZIER_KNOTS.);
#1963 = CARTESIAN_POINT('',(24.2,3.94609564069));
#1964 = CARTESIAN_POINT('',(-2.2,3.94609564069));
#1965 = ( GEOMETRIC_REPRESENTATION_CONTEXT(2) 
PARAMETRIC_REPRESENTATION_CONTEXT() REPRESENTATION_CONTEXT('2D SPACE',''
  ) );
#1966 = PCURVE('',#784,#1967);
#1967 = DEFINITIONAL_REPRESENTATION('',(#1968),#1971);
#1968 = B_SPLINE_CURVE_WITH_KNOTS('',1,(#1969,#1970),.UNSPECIFIED.,.F.,
  .F.,(2,2),(-46.2,-19.8),.PIECEWISE_BEZIER_KNOTS.);
#1969 = CARTESIAN_POINT('',(-7.844738562897,-46.2));
#1970 = CARTESIAN_POINT('',(-7.844738562897,-19.8));
#1971 = ( GEOMETRIC_REPRESENTATION_CONTEXT(2) 
PARAMETRIC_REPRESENTATION_CONTEXT() REPRESENTATION_CONTEXT('2D SPACE',''
  ) );
#1972 = ORIENTED_EDGE('',*,*,#1855,.T.);
#1973 = ORIENTED_EDGE('',*,*,#716,.T.);
#1974 = ADVANCED_FACE('',(#1975),#672,.T.);
#1975 = FACE_BOUND('',#1976,.T.);
#1976 = EDGE_LOOP('',(#1977,#2000,#2019,#2020));
#1977 = ORIENTED_EDGE('',*,*,#1978,.F.);
#1978 = EDGE_CURVE('',#1979,#658,#1981,.T.);
#1979 = VERTEX_POINT('',#1980);
#1980 = CARTESIAN_POINT('',(5.529238162787,57.735842639899,22.));
#1981 = SURFACE_CURVE('',#1982,(#1986,#1993),.PCURVE_S1.);
#1982 = LINE('',#1983,#1984);
#1983 = CARTESIAN_POINT('',(5.322715474005,53.79515498614,22.));
#1984 = VECTOR('',#1985,1.);
#1985 = DIRECTION('',(5.233595624294E-02,0.998629534755,0.));
#1986 = PCURVE('',#672,#1987);
#1987 = DEFINITIONAL_REPRESENTATION('',(#1988),#1992);
#1988 = LINE('',#1989,#1990);
#1989 = CARTESIAN_POINT('',(0.,0.));
#1990 = VECTOR('',#1991,1.);
#1991 = DIRECTION('',(0.,1.));
#1992 = ( GEOMETRIC_REPRESENTATION_CONTEXT(2) 
PARAMETRIC_REPRESENTATION_CONTEXT() REPRESENTATION_CONTEXT('2D SPACE',''
  ) );
#1993 = PCURVE('',#700,#1994);
#1994 = DEFINITIONAL_REPRESENTATION('',(#1995),#1999);
#1995 = LINE('',#1996,#1997);
#1996 = CARTESIAN_POINT('',(0.,0.));
#1997 = VECTOR('',#1998,1.);
#1998 = DIRECTION('',(1.,0.));
#1999 = ( GEOMETRIC_REPRESENTATION_CONTEXT(2) 
PARAMETRIC_REPRESENTATION_CONTEXT() REPRESENTATION_CONTEXT('2D SPACE',''
  ) );
#2000 = ORIENTED_EDGE('',*,*,#2001,.F.);
#2001 = EDGE_CURVE('',#1879,#1979,#2002,.T.);
#2002 = SURFACE_CURVE('',#2003,(#2007,#2013),.PCURVE_S1.);
#2003 = LINE('',#2004,#2005);
#2004 = CARTESIAN_POINT('',(5.529238162787,57.735842639899,0.));
#2005 = VECTOR('',#2006,1.);
#2006 = DIRECTION('',(-0.,-0.,-1.));
#2007 = PCURVE('',#672,#2008);
#2008 = DEFINITIONAL_REPRESENTATION('',(#2009),#2012);
#2009 = B_SPLINE_CURVE_WITH_KNOTS('',1,(#2010,#2011),.UNSPECIFIED.,.F.,
  .F.,(2,2),(-46.2,-19.8),.PIECEWISE_BEZIER_KNOTS.);
#2010 = CARTESIAN_POINT('',(24.2,3.94609564069));
#2011 = CARTESIAN_POINT('',(-2.2,3.94609564069));
#2012 = ( GEOMETRIC_REPRESENTATION_CONTEXT(2) 
PARAMETRIC_REPRESENTATION_CONTEXT() REPRESENTATION_CONTEXT('2D SPACE',''
  ) );
#2013 = PCURVE('',#784,#2014);
#2014 = DEFINITIONAL_REPRESENTATION('',(#2015),#2018);
#2015 = B_SPLINE_CURVE_WITH_KNOTS('',1,(#2016,#2017),.UNSPECIFIED.,.F.,
  .F.,(2,2),(-46.2,-19.8),.PIECEWISE_BEZIER_KNOTS.);
#2016 = CARTESIAN_POINT('',(-7.758504949933,-46.2));
#2017 = CARTESIAN_POINT('',(-7.758504949933,-19.8));
#2018 = ( GEOMETRIC_REPRESENTATION_CONTEXT(2) 
PARAMETRIC_REPRESENTATION_CONTEXT() REPRESENTATION_CONTEXT('2D SPACE',''
  ) );
#2019 = ORIENTED_EDGE('',*,*,#1906,.T.);
#2020 = ORIENTED_EDGE('',*,*,#657,.T.);
#2021 = ADVANCED_FACE('',(#2022),#700,.T.);
#2022 = FACE_BOUND('',#2023,.T.);
#2023 = EDGE_LOOP('',(#2024,#2025,#2051,#2052));
#2024 = ORIENTED_EDGE('',*,*,#1931,.F.);
#2025 = ORIENTED_EDGE('',*,*,#2026,.T.);
#2026 = EDGE_CURVE('',#1932,#1979,#2027,.T.);
#2027 = SURFACE_CURVE('',#2028,(#2033,#2044),.PCURVE_S1.);
#2028 = CIRCLE('',#2029,58.);
#2029 = AXIS2_PLACEMENT_3D('',#2030,#2031,#2032);
#2030 = CARTESIAN_POINT('',(0.,0.,22.));
#2031 = DIRECTION('',(0.,0.,-1.));
#2032 = DIRECTION('',(1.,0.,0.));
#2033 = PCURVE('',#700,#2034);
#2034 = DEFINITIONAL_REPRESENTATION('',(#2035),#2043);
#2035 = ( BOUNDED_CURVE() B_SPLINE_CURVE(2,(#2036,#2037,#2038,#2039,
#2040,#2041,#2042),.UNSPECIFIED.,.T.,.F.) B_SPLINE_CURVE_WITH_KNOTS((1,2
    ,2,2,2,1),(-2.094395102393,0.,2.094395102393,4.188790204786,
6.28318530718,8.377580409573),.UNSPECIFIED.) CURVE() 
GEOMETRIC_REPRESENTATION_ITEM() RATIONAL_B_SPLINE_CURVE((1.,0.5,1.,0.5,
1.,0.5,1.)) REPRESENTATION_ITEM('') );
#2036 = CARTESIAN_POINT('',(-50.9645145379,-55.42051301576));
#2037 = CARTESIAN_POINT('',(-151.2857858816,-60.67812806174));
#2038 = CARTESIAN_POINT('',(-105.6783784029,28.831448984894));
#2039 = CARTESIAN_POINT('',(-60.07097092418,118.34102603153));
#2040 = CARTESIAN_POINT('',(-5.357107059165,34.089064030872));
#2041 = CARTESIAN_POINT('',(49.356756805851,-50.16289796978));
#2042 = CARTESIAN_POINT('',(-50.9645145379,-55.42051301576));
#2043 = ( GEOMETRIC_REPRESENTATION_CONTEXT(2) 
PARAMETRIC_REPRESENTATION_CONTEXT() REPRESENTATION_CONTEXT('2D SPACE',''
  ) );
#2044 = PCURVE('',#784,#2045);
#2045 = DEFINITIONAL_REPRESENTATION('',(#2046),#2050);
#2046 = LINE('',#2047,#2048);
#2047 = CARTESIAN_POINT('',(-12.56637061435,-22.));
#2048 = VECTOR('',#2049,1.);
#2049 = DIRECTION('',(1.,-0.));
#2050 = ( GEOMETRIC_REPRESENTATION_CONTEXT(2) 
PARAMETRIC_REPRESENTATION_CONTEXT() REPRESENTATION_CONTEXT('2D SPACE',''
  ) );
#2051 = ORIENTED_EDGE('',*,*,#1978,.T.);
#2052 = ORIENTED_EDGE('',*,*,#683,.F.);
#2053 = ADVANCED_FACE('',(#2054,#2060,#2066,#2275,#2281,#2490,#2496),
  #784,.F.);
#2054 = FACE_BOUND('',#2055,.T.);
#2055 = EDGE_LOOP('',(#2056,#2057,#2058,#2059));
#2056 = ORIENTED_EDGE('',*,*,#917,.F.);
#2057 = ORIENTED_EDGE('',*,*,#892,.T.);
#2058 = ORIENTED_EDGE('',*,*,#767,.F.);
#2059 = ORIENTED_EDGE('',*,*,#821,.F.);
#2060 = FACE_BOUND('',#2061,.T.);
#2061 = EDGE_LOOP('',(#2062,#2063,#2064,#2065));
#2062 = ORIENTED_EDGE('',*,*,#969,.T.);
#2063 = ORIENTED_EDGE('',*,*,#1092,.T.);
#2064 = ORIENTED_EDGE('',*,*,#1117,.F.);
#2065 = ORIENTED_EDGE('',*,*,#1045,.F.);
#2066 = FACE_BOUND('',#2067,.T.);
#2067 = EDGE_LOOP('',(#2068));
#2068 = ORIENTED_EDGE('',*,*,#2069,.T.);
#2069 = EDGE_CURVE('',#2070,#2070,#2072,.T.);
#2070 = VERTEX_POINT('',#2071);
#2071 = CARTESIAN_POINT('',(58.,0.,63.9));
#2072 = SURFACE_CURVE('',#2073,(#2124,#2197),.PCURVE_S1.);
#2073 = B_SPLINE_CURVE_WITH_KNOTS('',7,(#2074,#2075,#2076,#2077,#2078,
    #2079,#2080,#2081,#2082,#2083,#2084,#2085,#2086,#2087,#2088,#2089,
    #2090,#2091,#2092,#2093,#2094,#2095,#2096,#2097,#2098,#2099,#2100,
    #2101,#2102,#2103,#2104,#2105,#2106,#2107,#2108,#2109,#2110,#2111,
    #2112,#2113,#2114,#2115,#2116,#2117,#2118,#2119,#2120,#2121,#2122,
    #2123),.UNSPECIFIED.,.T.,.F.,(8,6,6,6,6,6,6,6,8),(0.,0.255404514229,
    0.500012034452,0.744630573909,1.,1.255427560924,1.500048901416,
    1.744669700935,1.999979632594),.UNSPECIFIED.);
#2074 = CARTESIAN_POINT('',(58.,-7.360127262876E-15,63.9));
#2075 = CARTESIAN_POINT('',(58.,0.290649153467,63.9));
#2076 = CARTESIAN_POINT('',(57.998300748946,0.572895192968,
    63.946931097954));
#2077 = CARTESIAN_POINT('',(57.995079134857,0.838077941766,
    64.035912449158));
#2078 = CARTESIAN_POINT('',(57.99080765392,1.079162688405,
    64.160474722794));
#2079 = CARTESIAN_POINT('',(57.986116740064,1.290950459729,
    64.312646024517));
#2080 = CARTESIAN_POINT('',(57.981541577097,1.470581037033,
    64.483116650862));
#2081 = CARTESIAN_POINT('',(57.973482693468,1.759339290439,
    64.832165418697));
#2082 = CARTESIAN_POINT('',(57.969857022076,1.874851596004,
    65.014599647458));
#2083 = CARTESIAN_POINT('',(57.966780450501,1.965736535088,
    65.204917919699));
#2084 = CARTESIAN_POINT('',(57.964395264906,2.033068999184,
    65.400445737955));
#2085 = CARTESIAN_POINT('',(57.962779171957,2.077673994549,
    65.599187383587));
#2086 = CARTESIAN_POINT('',(57.961970290873,2.1,65.799532066807));
#2087 = CARTESIAN_POINT('',(57.961970290873,2.1,66.200476964));
#2088 = CARTESIAN_POINT('',(57.962779243115,2.077672015433,
    66.40081938384));
#2089 = CARTESIAN_POINT('',(57.964395323754,2.033067415113,
    66.599555844512));
#2090 = CARTESIAN_POINT('',(57.966780427843,1.965736849183,
    66.795080676121));
#2091 = CARTESIAN_POINT('',(57.969856998746,1.87485256869,
    66.985399517703));
#2092 = CARTESIAN_POINT('',(57.973482710746,1.759338671336,
    67.167835329671));
#2093 = CARTESIAN_POINT('',(57.981540808124,1.470608590153,
    67.516850043137));
#2094 = CARTESIAN_POINT('',(57.986116064275,1.290980597742,
    67.687335031913));
#2095 = CARTESIAN_POINT('',(57.990807797402,1.079167609949,
    67.839535152362));
#2096 = CARTESIAN_POINT('',(57.995080124237,0.838041240654,
    67.964114933912));
#2097 = CARTESIAN_POINT('',(57.998301523283,0.572824036508,
    68.053090270433));
#2098 = CARTESIAN_POINT('',(58.,0.290583002266,68.1));
#2099 = CARTESIAN_POINT('',(58.,-0.290649153467,68.1));
#2100 = CARTESIAN_POINT('',(57.998300748946,-0.572895192967,
    68.053068902046));
#2101 = CARTESIAN_POINT('',(57.995079134857,-0.838077941767,
    67.964087550841));
#2102 = CARTESIAN_POINT('',(57.99080765392,-1.079162688404,
    67.839525277207));
#2103 = CARTESIAN_POINT('',(57.986116740064,-1.29095045973,
    67.687353975482));
#2104 = CARTESIAN_POINT('',(57.981541577097,-1.470581037033,
    67.516883349138));
#2105 = CARTESIAN_POINT('',(57.973482826459,-1.759334525233,
    67.167840341448));
#2106 = CARTESIAN_POINT('',(57.969857017531,-1.874852731452,
    66.985401844478));
#2107 = CARTESIAN_POINT('',(57.966780331833,-1.965739478603,
    66.795076991398));
#2108 = CARTESIAN_POINT('',(57.964395264076,-2.033069055495,
    66.599549457276));
#2109 = CARTESIAN_POINT('',(57.962779247574,-2.077671897821,
    66.400815526443));
#2110 = CARTESIAN_POINT('',(57.961970290873,-2.1,66.200477411949));
#2111 = CARTESIAN_POINT('',(57.961970290873,-2.1,65.799523031401));
#2112 = CARTESIAN_POINT('',(57.962779243142,-2.077672014318,
    65.599180627386));
#2113 = CARTESIAN_POINT('',(57.964395323612,-2.033067420407,
    65.400444147468));
#2114 = CARTESIAN_POINT('',(57.966780428121,-1.965736839214,
    65.204919319581));
#2115 = CARTESIAN_POINT('',(57.969856998493,-1.874852577657,
    65.01460049155));
#2116 = CARTESIAN_POINT('',(57.973482710842,-1.759338667916,
    64.832164666195));
#2117 = CARTESIAN_POINT('',(57.981539811161,-1.470644312371,
    64.483193137606));
#2118 = CARTESIAN_POINT('',(57.986115412189,-1.291011509523,
    64.312679726873));
#2119 = CARTESIAN_POINT('',(57.990808342835,-1.079158546789,
    64.160442421478));
#2120 = CARTESIAN_POINT('',(57.995081484032,-0.837980788579,
    64.03584769449));
#2121 = CARTESIAN_POINT('',(57.998302414022,-0.572732176175,
    63.946885086819));
#2122 = CARTESIAN_POINT('',(58.,-0.290506638052,63.9));
#2123 = CARTESIAN_POINT('',(58.,-7.549516567451E-15,63.9));
#2124 = PCURVE('',#784,#2125);
#2125 = DEFINITIONAL_REPRESENTATION('',(#2126),#2196);
#2126 = B_SPLINE_CURVE_WITH_KNOTS('',3,(#2127,#2128,#2129,#2130,#2131,
    #2132,#2133,#2134,#2135,#2136,#2137,#2138,#2139,#2140,#2141,#2142,
    #2143,#2144,#2145,#2146,#2147,#2148,#2149,#2150,#2151,#2152,#2153,
    #2154,#2155,#2156,#2157,#2158,#2159,#2160,#2161,#2162,#2163,#2164,
    #2165,#2166,#2167,#2168,#2169,#2170,#2171,#2172,#2173,#2174,#2175,
    #2176,#2177,#2178,#2179,#2180,#2181,#2182,#2183,#2184,#2185,#2186,
    #2187,#2188,#2189,#2190,#2191,#2192,#2193,#2194,#2195),
  .UNSPECIFIED.,.T.,.F.,(4,1,1,1,1,1,1,1,1,1,1,1,1,1,1,1,1,1,1,1,1,1,1,1
    ,1,1,1,1,1,1,1,1,1,1,1,1,1,1,1,1,1,1,1,1,1,1,1,1,1,1,1,1,1,1,1,1,1,1
    ,1,1,1,1,1,1,1,1,4),(0.,3.030272170596E-02,6.060544341192E-02,
    9.090816511789E-02,0.121210886824,0.15151360853,0.181816330236,
    0.212119051942,0.242421773648,0.272724495354,0.30302721706,
    0.333329938766,0.363632660472,0.393935382178,0.424238103883,
    0.454540825589,0.484843547295,0.515146269001,0.545448990707,
    0.575751712413,0.606054434119,0.636357155825,0.666659877531,
    0.696962599237,0.727265320943,0.757568042649,0.787870764355,
    0.818173486061,0.848476207767,0.878778929473,0.909081651179,
    0.939384372885,0.969687094591,0.999989816297,1.030292538003,
    1.060595259709,1.090897981415,1.121200703121,1.151503424827,
    1.181806146533,1.212108868238,1.242411589944,1.27271431165,
    1.303017033356,1.333319755062,1.363622476768,1.393925198474,
    1.42422792018,1.454530641886,1.484833363592,1.515136085298,
    1.545438807004,1.57574152871,1.606044250416,1.636346972122,
    1.666649693828,1.696952415534,1.72725513724,1.757557858946,
    1.787860580652,1.818163302358,1.848466024064,1.87876874577,
    1.909071467476,1.939374189182,1.969676910888,1.999979632594),
  .QUASI_UNIFORM_KNOTS.);
#2127 = CARTESIAN_POINT('',(-6.28318530718,-63.9));
#2128 = CARTESIAN_POINT('',(-6.28457302236,-63.89997854765));
#2129 = CARTESIAN_POINT('',(-6.287318337144,-63.90926626589));
#2130 = CARTESIAN_POINT('',(-6.291301464144,-63.94906354938));
#2131 = CARTESIAN_POINT('',(-6.295103229355,-64.01269965818));
#2132 = CARTESIAN_POINT('',(-6.298684179747,-64.09780022522));
#2133 = CARTESIAN_POINT('',(-6.302009921414,-64.20176937402));
#2134 = CARTESIAN_POINT('',(-6.305052254755,-64.32177731053));
#2135 = CARTESIAN_POINT('',(-6.307789149814,-64.45473316627));
#2136 = CARTESIAN_POINT('',(-6.310206488125,-64.59745894627));
#2137 = CARTESIAN_POINT('',(-6.312294118139,-64.74607680079));
#2138 = CARTESIAN_POINT('',(-6.314104841294,-64.90160333218));
#2139 = CARTESIAN_POINT('',(-6.315639881519,-65.06245419187));
#2140 = CARTESIAN_POINT('',(-6.31690773726,-65.22758643412));
#2141 = CARTESIAN_POINT('',(-6.317914069119,-65.39600506165));
#2142 = CARTESIAN_POINT('',(-6.318664158639,-65.56686199213));
#2143 = CARTESIAN_POINT('',(-6.319162008334,-65.73940132231));
#2144 = CARTESIAN_POINT('',(-6.319410390448,-65.91293788652));
#2145 = CARTESIAN_POINT('',(-6.31941052893,-66.08686579192));
#2146 = CARTESIAN_POINT('',(-6.319162438507,-66.26039702279));
#2147 = CARTESIAN_POINT('',(-6.318664911802,-66.43292904754));
#2148 = CARTESIAN_POINT('',(-6.317915181103,-66.60377873012));
#2149 = CARTESIAN_POINT('',(-6.316909242356,-66.77219167884));
#2150 = CARTESIAN_POINT('',(-6.315641807237,-66.93732079593));
#2151 = CARTESIAN_POINT('',(-6.314107220325,-67.09817088437));
#2152 = CARTESIAN_POINT('',(-6.312296957519,-67.25370055325));
#2153 = CARTESIAN_POINT('',(-6.310209919526,-67.40231818626));
#2154 = CARTESIAN_POINT('',(-6.307792857463,-67.54506928468));
#2155 = CARTESIAN_POINT('',(-6.305055874945,-67.67806532515));
#2156 = CARTESIAN_POINT('',(-6.302013200282,-67.79811782222));
#2157 = CARTESIAN_POINT('',(-6.298686795098,-67.90212767023));
#2158 = CARTESIAN_POINT('',(-6.295105573359,-67.98726121525));
#2159 = CARTESIAN_POINT('',(-6.291301886344,-68.05091495187));
#2160 = CARTESIAN_POINT('',(-6.28732354282,-68.09073607695));
#2161 = CARTESIAN_POINT('',(-6.283186676358,-68.10462735132));
#2162 = CARTESIAN_POINT('',(-6.27904998608,-68.09075450835));
#2163 = CARTESIAN_POINT('',(-6.275072248317,-68.05095996355));
#2164 = CARTESIAN_POINT('',(-6.271269346087,-67.98734577858));
#2165 = CARTESIAN_POINT('',(-6.267688930215,-67.90226521041));
#2166 = CARTESIAN_POINT('',(-6.264363190613,-67.79831873737));
#2167 = CARTESIAN_POINT('',(-6.261320912185,-67.67833369763));
#2168 = CARTESIAN_POINT('',(-6.258583969639,-67.54540054688));
#2169 = CARTESIAN_POINT('',(-6.256166515392,-67.4026953028));
#2170 = CARTESIAN_POINT('',(-6.254078736481,-67.25409763048));
#2171 = CARTESIAN_POINT('',(-6.252267781134,-67.09858647199));
#2172 = CARTESIAN_POINT('',(-6.250732475743,-66.93774833515));
#2173 = CARTESIAN_POINT('',(-6.249464346999,-66.77262875851));
#2174 = CARTESIAN_POINT('',(-6.248457735084,-66.60422394669));
#2175 = CARTESIAN_POINT('',(-6.247707347373,-66.43338196015));
#2176 = CARTESIAN_POINT('',(-6.247209168356,-66.26085696279));
#2177 = CARTESIAN_POINT('',(-6.246960419175,-66.08733152328));
#2178 = CARTESIAN_POINT('',(-6.246959892996,-65.91340485265));
#2179 = CARTESIAN_POINT('',(-6.247207593599,-65.739874225));
#2180 = CARTESIAN_POINT('',(-6.247704721789,-65.56734168885));
#2181 = CARTESIAN_POINT('',(-6.248454044315,-65.39649035367));
#2182 = CARTESIAN_POINT('',(-6.249459562188,-65.22807446767));
#2183 = CARTESIAN_POINT('',(-6.250726564668,-65.06294078555));
#2184 = CARTESIAN_POINT('',(-6.252260695756,-64.90208482984));
#2185 = CARTESIAN_POINT('',(-6.254070515301,-64.7465455736));
#2186 = CARTESIAN_POINT('',(-6.256156983863,-64.59792224164));
#2187 = CARTESIAN_POINT('',(-6.258574005163,-64.45512971599));
#2188 = CARTESIAN_POINT('',(-6.261311432651,-64.32207662846));
#2189 = CARTESIAN_POINT('',(-6.264354953594,-64.2019665902));
#2190 = CARTESIAN_POINT('',(-6.267682303196,-64.09790867111));
#2191 = CARTESIAN_POINT('',(-6.271264985232,-64.01274396322));
#2192 = CARTESIAN_POINT('',(-6.27506827735,-63.94907212122));
#2193 = CARTESIAN_POINT('',(-6.279052380539,-63.90926459562));
#2194 = CARTESIAN_POINT('',(-6.281797760916,-63.89997787164));
#2195 = CARTESIAN_POINT('',(-6.28318530718,-63.9));
#2196 = ( GEOMETRIC_REPRESENTATION_CONTEXT(2) 
PARAMETRIC_REPRESENTATION_CONTEXT() REPRESENTATION_CONTEXT('2D SPACE',''
  ) );
#2197 = PCURVE('',#2198,#2203);
#2198 = CYLINDRICAL_SURFACE('',#2199,2.1);
#2199 = AXIS2_PLACEMENT_3D('',#2200,#2201,#2202);
#2200 = CARTESIAN_POINT('',(50.,0.,66.));
#2201 = DIRECTION('',(-1.,-0.,-1.110223024625E-16));
#2202 = DIRECTION('',(1.110223024625E-16,0.,-1.));
#2203 = DEFINITIONAL_REPRESENTATION('',(#2204),#2274);
#2204 = B_SPLINE_CURVE_WITH_KNOTS('',3,(#2205,#2206,#2207,#2208,#2209,
    #2210,#2211,#2212,#2213,#2214,#2215,#2216,#2217,#2218,#2219,#2220,
    #2221,#2222,#2223,#2224,#2225,#2226,#2227,#2228,#2229,#2230,#2231,
    #2232,#2233,#2234,#2235,#2236,#2237,#2238,#2239,#2240,#2241,#2242,
    #2243,#2244,#2245,#2246,#2247,#2248,#2249,#2250,#2251,#2252,#2253,
    #2254,#2255,#2256,#2257,#2258,#2259,#2260,#2261,#2262,#2263,#2264,
    #2265,#2266,#2267,#2268,#2269,#2270,#2271,#2272,#2273),
  .UNSPECIFIED.,.F.,.F.,(4,1,1,1,1,1,1,1,1,1,1,1,1,1,1,1,1,1,1,1,1,1,1,1
    ,1,1,1,1,1,1,1,1,1,1,1,1,1,1,1,1,1,1,1,1,1,1,1,1,1,1,1,1,1,1,1,1,1,1
    ,1,1,1,1,1,1,1,1,4),(0.,3.030272170596E-02,6.060544341192E-02,
    9.090816511789E-02,0.121210886824,0.15151360853,0.181816330236,
    0.212119051942,0.242421773648,0.272724495354,0.30302721706,
    0.333329938766,0.363632660472,0.393935382178,0.424238103883,
    0.454540825589,0.484843547295,0.515146269001,0.545448990707,
    0.575751712413,0.606054434119,0.636357155825,0.666659877531,
    0.696962599237,0.727265320943,0.757568042649,0.787870764355,
    0.818173486061,0.848476207767,0.878778929473,0.909081651179,
    0.939384372885,0.969687094591,0.999989816297,1.030292538003,
    1.060595259709,1.090897981415,1.121200703121,1.151503424827,
    1.181806146533,1.212108868238,1.242411589944,1.27271431165,
    1.303017033356,1.333319755062,1.363622476768,1.393925198474,
    1.42422792018,1.454530641886,1.484833363592,1.515136085298,
    1.545438807004,1.57574152871,1.606044250416,1.636346972122,
    1.666649693828,1.696952415534,1.72725513724,1.757557858946,
    1.787860580652,1.818163302358,1.848466024064,1.87876874577,
    1.909071467476,1.939374189182,1.969676910888,1.999979632594),
  .QUASI_UNIFORM_KNOTS.);
#2205 = CARTESIAN_POINT('',(3.552713678801E-15,-8.));
#2206 = CARTESIAN_POINT('',(-3.831127857322E-02,-8.000003188157));
#2207 = CARTESIAN_POINT('',(-0.114163017843,-7.999662322887));
#2208 = CARTESIAN_POINT('',(-0.225610227745,-7.998237071372));
#2209 = CARTESIAN_POINT('',(-0.334731102928,-7.996012939699));
#2210 = CARTESIAN_POINT('',(-0.441452673873,-7.993149443234));
#2211 = CARTESIAN_POINT('',(-0.545646130366,-7.989821797971));
#2212 = CARTESIAN_POINT('',(-0.647118992555,-7.986214511293));
#2213 = CARTESIAN_POINT('',(-0.745585141235,-7.982509939797));
#2214 = CARTESIAN_POINT('',(-0.840734687377,-7.978875780723));
#2215 = CARTESIAN_POINT('',(-0.931909313008,-7.975465715343));
#2216 = CARTESIAN_POINT('',(-1.021173133524,-7.972304654264));
#2217 = CARTESIAN_POINT('',(-1.108624859978,-7.96947580415));
#2218 = CARTESIAN_POINT('',(-1.194616604962,-7.967036627692));
#2219 = CARTESIAN_POINT('',(-1.279413922737,-7.965034324371));
#2220 = CARTESIAN_POINT('',(-1.363293609619,-7.96350376376));
#2221 = CARTESIAN_POINT('',(-1.446524333815,-7.962469922588));
#2222 = CARTESIAN_POINT('',(-1.52937357953,-7.9619487679));
#2223 = CARTESIAN_POINT('',(-1.612125615162,-7.961948476314));
#2224 = CARTESIAN_POINT('',(-1.694971672669,-7.962469022925));
#2225 = CARTESIAN_POINT('',(-1.778197508406,-7.963502210207));
#2226 = CARTESIAN_POINT('',(-1.862071424199,-7.965032078605));
#2227 = CARTESIAN_POINT('',(-1.946862650821,-7.96703367553));
#2228 = CARTESIAN_POINT('',(-2.03284833458,-7.969472167633));
#2229 = CARTESIAN_POINT('',(-2.120293692976,-7.972300374507));
#2230 = CARTESIAN_POINT('',(-2.209551667792,-7.975460901139));
#2231 = CARTESIAN_POINT('',(-2.3007159149,-7.978870381147));
#2232 = CARTESIAN_POINT('',(-2.395868700827,-7.98250464719));
#2233 = CARTESIAN_POINT('',(-2.4943489656,-7.986209923583));
#2234 = CARTESIAN_POINT('',(-2.595841383921,-7.989818277836));
#2235 = CARTESIAN_POINT('',(-2.700060247021,-7.993147035956));
#2236 = CARTESIAN_POINT('',(-2.806794433413,-7.99601166949));
#2237 = CARTESIAN_POINT('',(-2.915967702117,-7.998236004586));
#2238 = CARTESIAN_POINT('',(-3.027293885393,-7.999663527015));
#2239 = CARTESIAN_POINT('',(-3.14155491547,-8.000168069538));
#2240 = CARTESIAN_POINT('',(-3.255810615833,-7.999664194494));
#2241 = CARTESIAN_POINT('',(-3.367118243951,-7.998237605749));
#2242 = CARTESIAN_POINT('',(-3.476265592285,-7.996014586871));
#2243 = CARTESIAN_POINT('',(-3.582969753269,-7.993151579295));
#2244 = CARTESIAN_POINT('',(-3.687158250465,-7.989824551062));
#2245 = CARTESIAN_POINT('',(-3.78862366753,-7.986217739447));
#2246 = CARTESIAN_POINT('',(-3.887083938538,-7.982513521025));
#2247 = CARTESIAN_POINT('',(-3.982228758553,-7.978879529494));
#2248 = CARTESIAN_POINT('',(-4.073398548287,-7.975469504233));
#2249 = CARTESIAN_POINT('',(-4.162659897137,-7.972308263085));
#2250 = CARTESIAN_POINT('',(-4.250109871873,-7.969479091573));
#2251 = CARTESIAN_POINT('',(-4.336099178768,-7.967039508104));
#2252 = CARTESIAN_POINT('',(-4.420892821156,-7.965036725413));
#2253 = CARTESIAN_POINT('',(-4.504767654504,-7.963505601995));
#2254 = CARTESIAN_POINT('',(-4.587993162654,-7.962471098239));
#2255 = CARTESIAN_POINT('',(-4.670837976194,-7.961949178982));
#2256 = CARTESIAN_POINT('',(-4.753589429102,-7.961948071172));
#2257 = CARTESIAN_POINT('',(-4.836434313247,-7.962467805373));
#2258 = CARTESIAN_POINT('',(-4.919658581397,-7.963500187533));
#2259 = CARTESIAN_POINT('',(-5.003530488613,-7.965029274269));
#2260 = CARTESIAN_POINT('',(-5.088319241362,-7.967030126929));
#2261 = CARTESIAN_POINT('',(-5.174302068627,-7.969467934413));
#2262 = CARTESIAN_POINT('',(-5.261743781921,-7.972295522491));
#2263 = CARTESIAN_POINT('',(-5.350998721614,-7.975455575704));
#2264 = CARTESIAN_POINT('',(-5.442155149583,-7.978864548913));
#2265 = CARTESIAN_POINT('',(-5.537321204081,-7.982499301068));
#2266 = CARTESIAN_POINT('',(-5.635828186105,-7.986205774534));
#2267 = CARTESIAN_POINT('',(-5.737355295627,-7.989815619491));
#2268 = CARTESIAN_POINT('',(-5.841607643845,-7.993145844328));
#2269 = CARTESIAN_POINT('',(-5.948384812525,-7.996011400493));
#2270 = CARTESIAN_POINT('',(-6.057550687621,-7.998236763101));
#2271 = CARTESIAN_POINT('',(-6.169025253917,-7.99966238067));
#2272 = CARTESIAN_POINT('',(-6.244878593658,-8.000003217713));
#2273 = CARTESIAN_POINT('',(-6.28318530718,-8.));
#2274 = ( GEOMETRIC_REPRESENTATION_CONTEXT(2) 
PARAMETRIC_REPRESENTATION_CONTEXT() REPRESENTATION_CONTEXT('2D SPACE',''
  ) );
#2275 = FACE_BOUND('',#2276,.T.);
#2276 = EDGE_LOOP('',(#2277,#2278,#2279,#2280));
#2277 = ORIENTED_EDGE('',*,*,#1171,.T.);
#2278 = ORIENTED_EDGE('',*,*,#1294,.T.);
#2279 = ORIENTED_EDGE('',*,*,#1319,.F.);
#2280 = ORIENTED_EDGE('',*,*,#1247,.F.);
#2281 = FACE_BOUND('',#2282,.T.);
#2282 = EDGE_LOOP('',(#2283));
#2283 = ORIENTED_EDGE('',*,*,#2284,.T.);
#2284 = EDGE_CURVE('',#2285,#2285,#2287,.T.);
#2285 = VERTEX_POINT('',#2286);
#2286 = CARTESIAN_POINT('',(58.,0.,41.9));
#2287 = SURFACE_CURVE('',#2288,(#2339,#2412),.PCURVE_S1.);
#2288 = B_SPLINE_CURVE_WITH_KNOTS('',7,(#2289,#2290,#2291,#2292,#2293,
    #2294,#2295,#2296,#2297,#2298,#2299,#2300,#2301,#2302,#2303,#2304,
    #2305,#2306,#2307,#2308,#2309,#2310,#2311,#2312,#2313,#2314,#2315,
    #2316,#2317,#2318,#2319,#2320,#2321,#2322,#2323,#2324,#2325,#2326,
    #2327,#2328,#2329,#2330,#2331,#2332,#2333,#2334,#2335,#2336,#2337,
    #2338),.UNSPECIFIED.,.T.,.F.,(8,6,6,6,6,6,6,6,8),(0.,0.255404517499,
    0.500012034568,0.744630570944,1.,1.25542756389,1.500048901204,
    1.744669687421,1.999979602246),.UNSPECIFIED.);
#2289 = CARTESIAN_POINT('',(58.,-7.360127262876E-15,41.9));
#2290 = CARTESIAN_POINT('',(58.,0.290649153467,41.9));
#2291 = CARTESIAN_POINT('',(57.998300748946,0.572895192968,
    41.946931097954));
#2292 = CARTESIAN_POINT('',(57.995079134857,0.838077941766,
    42.035912449158));
#2293 = CARTESIAN_POINT('',(57.99080765392,1.079162688405,
    42.160474722795));
#2294 = CARTESIAN_POINT('',(57.986116740064,1.290950459729,
    42.312646024517));
#2295 = CARTESIAN_POINT('',(57.981541577097,1.470581037033,
    42.483116650862));
#2296 = CARTESIAN_POINT('',(57.973482693569,1.759339286809,
    42.832165414309));
#2297 = CARTESIAN_POINT('',(57.969857021813,1.874851605328,
    43.014599657033));
#2298 = CARTESIAN_POINT('',(57.966780450782,1.965736525021,
    43.204917915635));
#2299 = CARTESIAN_POINT('',(57.964395264767,2.03306900434,
    43.400445729555));
#2300 = CARTESIAN_POINT('',(57.962779171984,2.077673993463,
    43.599187394588));
#2301 = CARTESIAN_POINT('',(57.961970290873,2.1,43.799532062267));
#2302 = CARTESIAN_POINT('',(57.961970290873,2.1,44.200476968599));
#2303 = CARTESIAN_POINT('',(57.962779243142,2.077672014318,
    44.400819372614));
#2304 = CARTESIAN_POINT('',(57.964395323612,2.033067420407,
    44.599555852532));
#2305 = CARTESIAN_POINT('',(57.966780428121,1.965736839214,
    44.795080680419));
#2306 = CARTESIAN_POINT('',(57.969856998493,1.874852577657,
    44.98539950845));
#2307 = CARTESIAN_POINT('',(57.973482710842,1.759338667916,
    45.167835333805));
#2308 = CARTESIAN_POINT('',(57.981540808124,1.470608590153,
    45.516850043137));
#2309 = CARTESIAN_POINT('',(57.986116064275,1.290980597742,
    45.687335031913));
#2310 = CARTESIAN_POINT('',(57.990807797402,1.079167609949,
    45.839535152362));
#2311 = CARTESIAN_POINT('',(57.995080124237,0.838041240654,
    45.964114933911));
#2312 = CARTESIAN_POINT('',(57.998301523283,0.572824036508,
    46.053090270433));
#2313 = CARTESIAN_POINT('',(58.,0.290583002266,46.1));
#2314 = CARTESIAN_POINT('',(58.,-0.290649153467,46.1));
#2315 = CARTESIAN_POINT('',(57.998300748946,-0.572895192967,
    46.053068902046));
#2316 = CARTESIAN_POINT('',(57.995079134857,-0.838077941767,
    45.964087550842));
#2317 = CARTESIAN_POINT('',(57.99080765392,-1.079162688404,
    45.839525277206));
#2318 = CARTESIAN_POINT('',(57.986116740064,-1.290950459729,
    45.687353975482));
#2319 = CARTESIAN_POINT('',(57.981541577097,-1.470581037033,
    45.516883349138));
#2320 = CARTESIAN_POINT('',(57.973482826556,-1.759334521757,
    45.16784034565));
#2321 = CARTESIAN_POINT('',(57.96985701728,-1.874852740379,
    44.985401835298));
#2322 = CARTESIAN_POINT('',(57.9667803321,-1.965739468985,
    44.795076995328));
#2323 = CARTESIAN_POINT('',(57.964395263949,-2.033069060341,
    44.599549465258));
#2324 = CARTESIAN_POINT('',(57.962779247595,-2.0776718969,
    44.400815516162));
#2325 = CARTESIAN_POINT('',(57.961970290873,-2.1,44.200477415647));
#2326 = CARTESIAN_POINT('',(57.961970290873,-2.1,43.799523036));
#2327 = CARTESIAN_POINT('',(57.962779243115,-2.077672015433,
    43.59918061616));
#2328 = CARTESIAN_POINT('',(57.964395323754,-2.033067415113,
    43.400444155487));
#2329 = CARTESIAN_POINT('',(57.966780427843,-1.965736849183,
    43.204919323879));
#2330 = CARTESIAN_POINT('',(57.969856998746,-1.87485256869,
    43.014600482297));
#2331 = CARTESIAN_POINT('',(57.973482710746,-1.759338671336,
    42.832164670329));
#2332 = CARTESIAN_POINT('',(57.981539811214,-1.470644310505,
    42.483193135351));
#2333 = CARTESIAN_POINT('',(57.986115412037,-1.291011513478,
    42.312679733168));
#2334 = CARTESIAN_POINT('',(57.990808343011,-1.079158546588,
    42.160442414181));
#2335 = CARTESIAN_POINT('',(57.995081483942,-0.837980780877,
    42.035847698416));
#2336 = CARTESIAN_POINT('',(57.998302414038,-0.572732185393,
    41.946885086021));
#2337 = CARTESIAN_POINT('',(58.,-0.290506634227,41.9));
#2338 = CARTESIAN_POINT('',(58.,-7.549516567451E-15,41.9));
#2339 = PCURVE('',#784,#2340);
#2340 = DEFINITIONAL_REPRESENTATION('',(#2341),#2411);
#2341 = B_SPLINE_CURVE_WITH_KNOTS('',3,(#2342,#2343,#2344,#2345,#2346,
    #2347,#2348,#2349,#2350,#2351,#2352,#2353,#2354,#2355,#2356,#2357,
    #2358,#2359,#2360,#2361,#2362,#2363,#2364,#2365,#2366,#2367,#2368,
    #2369,#2370,#2371,#2372,#2373,#2374,#2375,#2376,#2377,#2378,#2379,
    #2380,#2381,#2382,#2383,#2384,#2385,#2386,#2387,#2388,#2389,#2390,
    #2391,#2392,#2393,#2394,#2395,#2396,#2397,#2398,#2399,#2400,#2401,
    #2402,#2403,#2404,#2405,#2406,#2407,#2408,#2409,#2410),
  .UNSPECIFIED.,.T.,.F.,(4,1,1,1,1,1,1,1,1,1,1,1,1,1,1,1,1,1,1,1,1,1,1,1
    ,1,1,1,1,1,1,1,1,1,1,1,1,1,1,1,1,1,1,1,1,1,1,1,1,1,1,1,1,1,1,1,1,1,1
    ,1,1,1,1,1,1,1,1,4),(0.,3.030272124615E-02,6.06054424923E-02,
    9.090816373845E-02,0.121210884985,0.151513606231,0.181816327477,
    0.212119048723,0.242421769969,0.272724491215,0.303027212462,
    0.333329933708,0.363632654954,0.3939353762,0.424238097446,
    0.454540818692,0.484843539938,0.515146261185,0.545448982431,
    0.575751703677,0.606054424923,0.636357146169,0.666659867415,
    0.696962588661,0.727265309908,0.757568031154,0.7878707524,
    0.818173473646,0.848476194892,0.878778916138,0.909081637385,
    0.939384358631,0.969687079877,0.999989801123,1.030292522369,
    1.060595243615,1.090897964861,1.121200686108,1.151503407354,
    1.1818061286,1.212108849846,1.242411571092,1.272714292338,
    1.303017013584,1.333319734831,1.363622456077,1.393925177323,
    1.424227898569,1.454530619815,1.484833341061,1.515136062308,
    1.545438783554,1.5757415048,1.606044226046,1.636346947292,
    1.666649668538,1.696952389784,1.727255111031,1.757557832277,
    1.787860553523,1.818163274769,1.848465996015,1.878768717261,
    1.909071438507,1.939374159754,1.969676881,1.999979602246),
  .QUASI_UNIFORM_KNOTS.);
#2342 = CARTESIAN_POINT('',(-6.28318530718,-41.9));
#2343 = CARTESIAN_POINT('',(-6.284573022321,-41.89997854766));
#2344 = CARTESIAN_POINT('',(-6.287318337029,-41.90926626537));
#2345 = CARTESIAN_POINT('',(-6.291301463924,-41.94906354669));
#2346 = CARTESIAN_POINT('',(-6.295103229043,-42.0126996521));
#2347 = CARTESIAN_POINT('',(-6.298684179358,-42.09780021476));
#2348 = CARTESIAN_POINT('',(-6.302009920966,-42.20176935844));
#2349 = CARTESIAN_POINT('',(-6.305052254267,-42.32177728932));
#2350 = CARTESIAN_POINT('',(-6.307789149307,-42.45473313927));
#2351 = CARTESIAN_POINT('',(-6.310206487617,-42.59745891352));
#2352 = CARTESIAN_POINT('',(-6.312294117655,-42.74607676304));
#2353 = CARTESIAN_POINT('',(-6.314104840904,-42.90160329504));
#2354 = CARTESIAN_POINT('',(-6.315639881184,-43.06245415297));
#2355 = CARTESIAN_POINT('',(-6.316907736979,-43.22758639291));
#2356 = CARTESIAN_POINT('',(-6.3179140689,-43.39600501924));
#2357 = CARTESIAN_POINT('',(-6.318664158486,-43.56686194978));
#2358 = CARTESIAN_POINT('',(-6.319162008241,-43.7394012796));
#2359 = CARTESIAN_POINT('',(-6.319410390415,-43.91293784079));
#2360 = CARTESIAN_POINT('',(-6.319410528961,-44.08686574927));
#2361 = CARTESIAN_POINT('',(-6.319162438604,-44.26039697732));
#2362 = CARTESIAN_POINT('',(-6.318664911966,-44.43292900228));
#2363 = CARTESIAN_POINT('',(-6.317915181331,-44.60377868595));
#2364 = CARTESIAN_POINT('',(-6.316909242653,-44.77219163498));
#2365 = CARTESIAN_POINT('',(-6.315641807615,-44.93732075168));
#2366 = CARTESIAN_POINT('',(-6.314107220787,-45.09817084067));
#2367 = CARTESIAN_POINT('',(-6.31229695803,-45.25370051322));
#2368 = CARTESIAN_POINT('',(-6.310209920165,-45.40231814451));
#2369 = CARTESIAN_POINT('',(-6.307792858268,-45.54506924117));
#2370 = CARTESIAN_POINT('',(-6.305055875925,-45.67806528184));
#2371 = CARTESIAN_POINT('',(-6.302013201449,-45.7981177808));
#2372 = CARTESIAN_POINT('',(-6.298686796457,-45.90212763266));
#2373 = CARTESIAN_POINT('',(-6.295105574911,-45.98726118361));
#2374 = CARTESIAN_POINT('',(-6.291301888088,-46.05091492836));
#2375 = CARTESIAN_POINT('',(-6.287323544735,-46.0907360638));
#2376 = CARTESIAN_POINT('',(-6.283186678471,-46.10462735107));
#2377 = CARTESIAN_POINT('',(-6.279049988216,-46.09075452248));
#2378 = CARTESIAN_POINT('',(-6.275072250482,-46.05095999219));
#2379 = CARTESIAN_POINT('',(-6.271269348237,-45.98734582184));
#2380 = CARTESIAN_POINT('',(-6.267688932319,-45.90226526796));
#2381 = CARTESIAN_POINT('',(-6.264363192639,-45.7983188086));
#2382 = CARTESIAN_POINT('',(-6.261320914101,-45.67833378151));
#2383 = CARTESIAN_POINT('',(-6.258583971417,-45.54540064205));
#2384 = CARTESIAN_POINT('',(-6.256166517005,-45.40269540724));
#2385 = CARTESIAN_POINT('',(-6.254078737919,-45.25409774278));
#2386 = CARTESIAN_POINT('',(-6.252267782345,-45.09858658688));
#2387 = CARTESIAN_POINT('',(-6.250732476764,-44.93774845408));
#2388 = CARTESIAN_POINT('',(-6.249464347838,-44.77262888156));
#2389 = CARTESIAN_POINT('',(-6.248457735734,-44.60422407229));
#2390 = CARTESIAN_POINT('',(-6.247707347831,-44.43338208665));
#2391 = CARTESIAN_POINT('',(-6.247209168631,-44.26085709016));
#2392 = CARTESIAN_POINT('',(-6.24696041927,-44.08733165392));
#2393 = CARTESIAN_POINT('',(-6.246959892902,-43.91340498049));
#2394 = CARTESIAN_POINT('',(-6.247207593341,-43.73987434284));
#2395 = CARTESIAN_POINT('',(-6.247704721386,-43.56734179938));
#2396 = CARTESIAN_POINT('',(-6.248454043777,-43.3964904572));
#2397 = CARTESIAN_POINT('',(-6.249459561536,-43.22807456292));
#2398 = CARTESIAN_POINT('',(-6.250726563928,-43.06294087129));
#2399 = CARTESIAN_POINT('',(-6.252260694944,-42.90208490654));
#2400 = CARTESIAN_POINT('',(-6.2540705144,-42.74654564359));
#2401 = CARTESIAN_POINT('',(-6.256156982956,-42.59792230008));
#2402 = CARTESIAN_POINT('',(-6.258574004238,-42.45512976534));
#2403 = CARTESIAN_POINT('',(-6.261311431759,-42.32207666717));
#2404 = CARTESIAN_POINT('',(-6.264354952783,-42.20196661837));
#2405 = CARTESIAN_POINT('',(-6.267682302496,-42.09790868992));
#2406 = CARTESIAN_POINT('',(-6.271264984664,-42.01274397431));
#2407 = CARTESIAN_POINT('',(-6.275068276939,-41.94907212621));
#2408 = CARTESIAN_POINT('',(-6.279052380339,-41.90926459652));
#2409 = CARTESIAN_POINT('',(-6.281797760854,-41.89997787158));
#2410 = CARTESIAN_POINT('',(-6.28318530718,-41.9));
#2411 = ( GEOMETRIC_REPRESENTATION_CONTEXT(2) 
PARAMETRIC_REPRESENTATION_CONTEXT() REPRESENTATION_CONTEXT('2D SPACE',''
  ) );
#2412 = PCURVE('',#2413,#2418);
#2413 = CYLINDRICAL_SURFACE('',#2414,2.1);
#2414 = AXIS2_PLACEMENT_3D('',#2415,#2416,#2417);
#2415 = CARTESIAN_POINT('',(50.,0.,44.));
#2416 = DIRECTION('',(-1.,-0.,-1.110223024625E-16));
#2417 = DIRECTION('',(1.110223024625E-16,0.,-1.));
#2418 = DEFINITIONAL_REPRESENTATION('',(#2419),#2489);
#2419 = B_SPLINE_CURVE_WITH_KNOTS('',3,(#2420,#2421,#2422,#2423,#2424,
    #2425,#2426,#2427,#2428,#2429,#2430,#2431,#2432,#2433,#2434,#2435,
    #2436,#2437,#2438,#2439,#2440,#2441,#2442,#2443,#2444,#2445,#2446,
    #2447,#2448,#2449,#2450,#2451,#2452,#2453,#2454,#2455,#2456,#2457,
    #2458,#2459,#2460,#2461,#2462,#2463,#2464,#2465,#2466,#2467,#2468,
    #2469,#2470,#2471,#2472,#2473,#2474,#2475,#2476,#2477,#2478,#2479,
    #2480,#2481,#2482,#2483,#2484,#2485,#2486,#2487,#2488),
  .UNSPECIFIED.,.F.,.F.,(4,1,1,1,1,1,1,1,1,1,1,1,1,1,1,1,1,1,1,1,1,1,1,1
    ,1,1,1,1,1,1,1,1,1,1,1,1,1,1,1,1,1,1,1,1,1,1,1,1,1,1,1,1,1,1,1,1,1,1
    ,1,1,1,1,1,1,1,1,4),(0.,3.030272124615E-02,6.06054424923E-02,
    9.090816373845E-02,0.121210884985,0.151513606231,0.181816327477,
    0.212119048723,0.242421769969,0.272724491215,0.303027212462,
    0.333329933708,0.363632654954,0.3939353762,0.424238097446,
    0.454540818692,0.484843539938,0.515146261185,0.545448982431,
    0.575751703677,0.606054424923,0.636357146169,0.666659867415,
    0.696962588661,0.727265309908,0.757568031154,0.7878707524,
    0.818173473646,0.848476194892,0.878778916138,0.909081637385,
    0.939384358631,0.969687079877,0.999989801123,1.030292522369,
    1.060595243615,1.090897964861,1.121200686108,1.151503407354,
    1.1818061286,1.212108849846,1.242411571092,1.272714292338,
    1.303017013584,1.333319734831,1.363622456077,1.393925177323,
    1.424227898569,1.454530619815,1.484833341061,1.515136062308,
    1.545438783554,1.5757415048,1.606044226046,1.636346947292,
    1.666649668538,1.696952389784,1.727255111031,1.757557832277,
    1.787860553523,1.818163274769,1.848465996015,1.878768717261,
    1.909071438507,1.939374159754,1.969676881,1.999979602246),
  .QUASI_UNIFORM_KNOTS.);
#2420 = CARTESIAN_POINT('',(3.552713678801E-15,-8.));
#2421 = CARTESIAN_POINT('',(-3.831127750179E-02,-8.000003188157));
#2422 = CARTESIAN_POINT('',(-0.114163014671,-7.999662322906));
#2423 = CARTESIAN_POINT('',(-0.225610221553,-7.998237071468));
#2424 = CARTESIAN_POINT('',(-0.334731093847,-7.996012939909));
#2425 = CARTESIAN_POINT('',(-0.441452662045,-7.993149443579));
#2426 = CARTESIAN_POINT('',(-0.545646115951,-7.989821798458));
#2427 = CARTESIAN_POINT('',(-0.647118975735,-7.986214511911));
#2428 = CARTESIAN_POINT('',(-0.745585122244,-7.982509940521));
#2429 = CARTESIAN_POINT('',(-0.840734666425,-7.97887578152));
#2430 = CARTESIAN_POINT('',(-0.931909290645,-7.975465716161));
#2431 = CARTESIAN_POINT('',(-1.021173112837,-7.972304654967));
#2432 = CARTESIAN_POINT('',(-1.108624839303,-7.969475804783));
#2433 = CARTESIAN_POINT('',(-1.19461658388,-7.967036628242));
#2434 = CARTESIAN_POINT('',(-1.279413901681,-7.965034324813));
#2435 = CARTESIAN_POINT('',(-1.363293589039,-7.963503764077));
#2436 = CARTESIAN_POINT('',(-1.44652431334,-7.962469922782));
#2437 = CARTESIAN_POINT('',(-1.529373557755,-7.961948767968));
#2438 = CARTESIAN_POINT('',(-1.612125594862,-7.961948476249));
#2439 = CARTESIAN_POINT('',(-1.694971650879,-7.962469022723));
#2440 = CARTESIAN_POINT('',(-1.778197486405,-7.963502209868));
#2441 = CARTESIAN_POINT('',(-1.862071402269,-7.965032078144));
#2442 = CARTESIAN_POINT('',(-1.946862628404,-7.967033674946));
#2443 = CARTESIAN_POINT('',(-2.03284831109,-7.969472166918));
#2444 = CARTESIAN_POINT('',(-2.120293668596,-7.972300373676));
#2445 = CARTESIAN_POINT('',(-2.209551644105,-7.975460900271));
#2446 = CARTESIAN_POINT('',(-2.300715888365,-7.97887038014));
#2447 = CARTESIAN_POINT('',(-2.395868670473,-7.982504646031));
#2448 = CARTESIAN_POINT('',(-2.494348931621,-7.98620992233));
#2449 = CARTESIAN_POINT('',(-2.595841346202,-7.98981827655));
#2450 = CARTESIAN_POINT('',(-2.700060205514,-7.993147034721));
#2451 = CARTESIAN_POINT('',(-2.806794388065,-7.996011668402));
#2452 = CARTESIAN_POINT('',(-2.915967652763,-7.998236003752));
#2453 = CARTESIAN_POINT('',(-3.02729383223,-7.999663526539));
#2454 = CARTESIAN_POINT('',(-3.141554857241,-8.000168069529));
#2455 = CARTESIAN_POINT('',(-3.255810556592,-7.999664195006));
#2456 = CARTESIAN_POINT('',(-3.367118182752,-7.998237606766));
#2457 = CARTESIAN_POINT('',(-3.476265529559,-7.996014588359));
#2458 = CARTESIAN_POINT('',(-3.582969689126,-7.993151581191));
#2459 = CARTESIAN_POINT('',(-3.687158185156,-7.98982455328));
#2460 = CARTESIAN_POINT('',(-3.788623601351,-7.986217741884));
#2461 = CARTESIAN_POINT('',(-3.887083871824,-7.982513523569));
#2462 = CARTESIAN_POINT('',(-3.982228691896,-7.978879532029));
#2463 = CARTESIAN_POINT('',(-4.073398481783,-7.975469506666));
#2464 = CARTESIAN_POINT('',(-4.162659833095,-7.972308265264));
#2465 = CARTESIAN_POINT('',(-4.250109808679,-7.969479093502));
#2466 = CARTESIAN_POINT('',(-4.336099115843,-7.967039509747));
#2467 = CARTESIAN_POINT('',(-4.420892758794,-7.965036726724));
#2468 = CARTESIAN_POINT('',(-4.504767593018,-7.963505602941));
#2469 = CARTESIAN_POINT('',(-4.587993101597,-7.962471098815));
#2470 = CARTESIAN_POINT('',(-4.670837914004,-7.96194917918));
#2471 = CARTESIAN_POINT('',(-4.753589368241,-7.961948070974));
#2472 = CARTESIAN_POINT('',(-4.836434256747,-7.962467804835));
#2473 = CARTESIAN_POINT('',(-4.919658527661,-7.963500186701));
#2474 = CARTESIAN_POINT('',(-5.003530437186,-7.965029273184));
#2475 = CARTESIAN_POINT('',(-5.088319192623,-7.967030125653));
#2476 = CARTESIAN_POINT('',(-5.174302023031,-7.969467933017));
#2477 = CARTESIAN_POINT('',(-5.261743739126,-7.972295521032));
#2478 = CARTESIAN_POINT('',(-5.350998680092,-7.975455574184));
#2479 = CARTESIAN_POINT('',(-5.4421551122,-7.978864547489));
#2480 = CARTESIAN_POINT('',(-5.53732116941,-7.982499299745));
#2481 = CARTESIAN_POINT('',(-5.635828155384,-7.986205773408));
#2482 = CARTESIAN_POINT('',(-5.737355269564,-7.989815618611));
#2483 = CARTESIAN_POINT('',(-5.841607622588,-7.993145843706));
#2484 = CARTESIAN_POINT('',(-5.948384795996,-7.996011400111));
#2485 = CARTESIAN_POINT('',(-6.057550676063,-7.998236762923));
#2486 = CARTESIAN_POINT('',(-6.169025248406,-7.999662380636));
#2487 = CARTESIAN_POINT('',(-6.244878591946,-8.000003217715));
#2488 = CARTESIAN_POINT('',(-6.28318530718,-8.));
#2489 = ( GEOMETRIC_REPRESENTATION_CONTEXT(2) 
PARAMETRIC_REPRESENTATION_CONTEXT() REPRESENTATION_CONTEXT('2D SPACE',''
  ) );
#2490 = FACE_BOUND('',#2491,.T.);
#2491 = EDGE_LOOP('',(#2492,#2493,#2494,#2495));
#2492 = ORIENTED_EDGE('',*,*,#1676,.T.);
#2493 = ORIENTED_EDGE('',*,*,#1799,.T.);
#2494 = ORIENTED_EDGE('',*,*,#1824,.F.);
#2495 = ORIENTED_EDGE('',*,*,#1752,.F.);
#2496 = FACE_BOUND('',#2497,.T.);
#2497 = EDGE_LOOP('',(#2498,#2499,#2500,#2501));
#2498 = ORIENTED_EDGE('',*,*,#1878,.T.);
#2499 = ORIENTED_EDGE('',*,*,#2001,.T.);
#2500 = ORIENTED_EDGE('',*,*,#2026,.F.);
#2501 = ORIENTED_EDGE('',*,*,#1954,.F.);
#2502 = ADVANCED_FACE('',(#2503),#1411,.T.);
#2503 = FACE_BOUND('',#2504,.T.);
#2504 = EDGE_LOOP('',(#2505,#2506,#2507,#2508));
#2505 = ORIENTED_EDGE('',*,*,#1505,.F.);
#2506 = ORIENTED_EDGE('',*,*,#1397,.T.);
#2507 = ORIENTED_EDGE('',*,*,#1627,.T.);
#2508 = ORIENTED_EDGE('',*,*,#2509,.F.);
#2509 = EDGE_CURVE('',#1478,#1605,#2510,.T.);
#2510 = SURFACE_CURVE('',#2511,(#2515,#2522),.PCURVE_S1.);
#2511 = LINE('',#2512,#2513);
#2512 = CARTESIAN_POINT('',(69.4,13.,35.));
#2513 = VECTOR('',#2514,1.);
#2514 = DIRECTION('',(0.,0.,1.));
#2515 = PCURVE('',#1411,#2516);
#2516 = DEFINITIONAL_REPRESENTATION('',(#2517),#2521);
#2517 = LINE('',#2518,#2519);
#2518 = CARTESIAN_POINT('',(0.,8.));
#2519 = VECTOR('',#2520,1.);
#2520 = DIRECTION('',(1.,0.));
#2521 = ( GEOMETRIC_REPRESENTATION_CONTEXT(2) 
PARAMETRIC_REPRESENTATION_CONTEXT() REPRESENTATION_CONTEXT('2D SPACE',''
  ) );
#2522 = PCURVE('',#1493,#2523);
#2523 = DEFINITIONAL_REPRESENTATION('',(#2524),#2528);
#2524 = LINE('',#2525,#2526);
#2525 = CARTESIAN_POINT('',(0.,-26.));
#2526 = VECTOR('',#2527,1.);
#2527 = DIRECTION('',(1.,0.));
#2528 = ( GEOMETRIC_REPRESENTATION_CONTEXT(2) 
PARAMETRIC_REPRESENTATION_CONTEXT() REPRESENTATION_CONTEXT('2D SPACE',''
  ) );
#2529 = ADVANCED_FACE('',(#2530,#2556,#2586),#1493,.T.);
#2530 = FACE_BOUND('',#2531,.T.);
#2531 = EDGE_LOOP('',(#2532,#2553,#2554,#2555));
#2532 = ORIENTED_EDGE('',*,*,#2533,.F.);
#2533 = EDGE_CURVE('',#1450,#1582,#2534,.T.);
#2534 = SURFACE_CURVE('',#2535,(#2539,#2546),.PCURVE_S1.);
#2535 = LINE('',#2536,#2537);
#2536 = CARTESIAN_POINT('',(69.4,-13.,35.));
#2537 = VECTOR('',#2538,1.);
#2538 = DIRECTION('',(0.,0.,1.));
#2539 = PCURVE('',#1493,#2540);
#2540 = DEFINITIONAL_REPRESENTATION('',(#2541),#2545);
#2541 = LINE('',#2542,#2543);
#2542 = CARTESIAN_POINT('',(0.,0.));
#2543 = VECTOR('',#2544,1.);
#2544 = DIRECTION('',(1.,0.));
#2545 = ( GEOMETRIC_REPRESENTATION_CONTEXT(2) 
PARAMETRIC_REPRESENTATION_CONTEXT() REPRESENTATION_CONTEXT('2D SPACE',''
  ) );
#2546 = PCURVE('',#1465,#2547);
#2547 = DEFINITIONAL_REPRESENTATION('',(#2548),#2552);
#2548 = LINE('',#2549,#2550);
#2549 = CARTESIAN_POINT('',(0.,8.));
#2550 = VECTOR('',#2551,1.);
#2551 = DIRECTION('',(1.,0.));
#2552 = ( GEOMETRIC_REPRESENTATION_CONTEXT(2) 
PARAMETRIC_REPRESENTATION_CONTEXT() REPRESENTATION_CONTEXT('2D SPACE',''
  ) );
#2553 = ORIENTED_EDGE('',*,*,#1477,.T.);
#2554 = ORIENTED_EDGE('',*,*,#2509,.T.);
#2555 = ORIENTED_EDGE('',*,*,#1604,.F.);
#2556 = FACE_BOUND('',#2557,.T.);
#2557 = EDGE_LOOP('',(#2558));
#2558 = ORIENTED_EDGE('',*,*,#2559,.T.);
#2559 = EDGE_CURVE('',#2560,#2560,#2562,.T.);
#2560 = VERTEX_POINT('',#2561);
#2561 = CARTESIAN_POINT('',(69.4,0.,41.9));
#2562 = SURFACE_CURVE('',#2563,(#2568,#2579),.PCURVE_S1.);
#2563 = CIRCLE('',#2564,2.1);
#2564 = AXIS2_PLACEMENT_3D('',#2565,#2566,#2567);
#2565 = CARTESIAN_POINT('',(69.4,0.,44.));
#2566 = DIRECTION('',(-1.,-0.,-1.110223024625E-16));
#2567 = DIRECTION('',(1.110223024625E-16,0.,-1.));
#2568 = PCURVE('',#1493,#2569);
#2569 = DEFINITIONAL_REPRESENTATION('',(#2570),#2578);
#2570 = ( BOUNDED_CURVE() B_SPLINE_CURVE(2,(#2571,#2572,#2573,#2574,
#2575,#2576,#2577),.UNSPECIFIED.,.T.,.F.) B_SPLINE_CURVE_WITH_KNOTS((1,2
    ,2,2,2,1),(-2.094395102393,0.,2.094395102393,4.188790204786,
6.28318530718,8.377580409573),.UNSPECIFIED.) CURVE() 
GEOMETRIC_REPRESENTATION_ITEM() RATIONAL_B_SPLINE_CURVE((1.,0.5,1.,0.5,
1.,0.5,1.)) REPRESENTATION_ITEM('') );
#2571 = CARTESIAN_POINT('',(6.9,-13.));
#2572 = CARTESIAN_POINT('',(6.9,-9.362693304105));
#2573 = CARTESIAN_POINT('',(10.05,-11.18134665205));
#2574 = CARTESIAN_POINT('',(13.2,-13.));
#2575 = CARTESIAN_POINT('',(10.05,-14.81865334794));
#2576 = CARTESIAN_POINT('',(6.9,-16.63730669589));
#2577 = CARTESIAN_POINT('',(6.9,-13.));
#2578 = ( GEOMETRIC_REPRESENTATION_CONTEXT(2) 
PARAMETRIC_REPRESENTATION_CONTEXT() REPRESENTATION_CONTEXT('2D SPACE',''
  ) );
#2579 = PCURVE('',#2413,#2580);
#2580 = DEFINITIONAL_REPRESENTATION('',(#2581),#2585);
#2581 = LINE('',#2582,#2583);
#2582 = CARTESIAN_POINT('',(-6.28318530718,-19.4));
#2583 = VECTOR('',#2584,1.);
#2584 = DIRECTION('',(1.,-0.));
#2585 = ( GEOMETRIC_REPRESENTATION_CONTEXT(2) 
PARAMETRIC_REPRESENTATION_CONTEXT() REPRESENTATION_CONTEXT('2D SPACE',''
  ) );
#2586 = FACE_BOUND('',#2587,.T.);
#2587 = EDGE_LOOP('',(#2588));
#2588 = ORIENTED_EDGE('',*,*,#2589,.T.);
#2589 = EDGE_CURVE('',#2590,#2590,#2592,.T.);
#2590 = VERTEX_POINT('',#2591);
#2591 = CARTESIAN_POINT('',(69.4,0.,63.9));
#2592 = SURFACE_CURVE('',#2593,(#2598,#2609),.PCURVE_S1.);
#2593 = CIRCLE('',#2594,2.1);
#2594 = AXIS2_PLACEMENT_3D('',#2595,#2596,#2597);
#2595 = CARTESIAN_POINT('',(69.4,0.,66.));
#2596 = DIRECTION('',(-1.,-0.,-1.110223024625E-16));
#2597 = DIRECTION('',(1.110223024625E-16,0.,-1.));
#2598 = PCURVE('',#1493,#2599);
#2599 = DEFINITIONAL_REPRESENTATION('',(#2600),#2608);
#2600 = ( BOUNDED_CURVE() B_SPLINE_CURVE(2,(#2601,#2602,#2603,#2604,
#2605,#2606,#2607),.UNSPECIFIED.,.T.,.F.) B_SPLINE_CURVE_WITH_KNOTS((1,2
    ,2,2,2,1),(-2.094395102393,0.,2.094395102393,4.188790204786,
6.28318530718,8.377580409573),.UNSPECIFIED.) CURVE() 
GEOMETRIC_REPRESENTATION_ITEM() RATIONAL_B_SPLINE_CURVE((1.,0.5,1.,0.5,
1.,0.5,1.)) REPRESENTATION_ITEM('') );
#2601 = CARTESIAN_POINT('',(28.9,-13.));
#2602 = CARTESIAN_POINT('',(28.9,-9.362693304105));
#2603 = CARTESIAN_POINT('',(32.05,-11.18134665205));
#2604 = CARTESIAN_POINT('',(35.2,-13.));
#2605 = CARTESIAN_POINT('',(32.05,-14.81865334794));
#2606 = CARTESIAN_POINT('',(28.9,-16.63730669589));
#2607 = CARTESIAN_POINT('',(28.9,-13.));
#2608 = ( GEOMETRIC_REPRESENTATION_CONTEXT(2) 
PARAMETRIC_REPRESENTATION_CONTEXT() REPRESENTATION_CONTEXT('2D SPACE',''
  ) );
#2609 = PCURVE('',#2198,#2610);
#2610 = DEFINITIONAL_REPRESENTATION('',(#2611),#2615);
#2611 = LINE('',#2612,#2613);
#2612 = CARTESIAN_POINT('',(-6.28318530718,-19.4));
#2613 = VECTOR('',#2614,1.);
#2614 = DIRECTION('',(1.,-0.));
#2615 = ( GEOMETRIC_REPRESENTATION_CONTEXT(2) 
PARAMETRIC_REPRESENTATION_CONTEXT() REPRESENTATION_CONTEXT('2D SPACE',''
  ) );
#2616 = ADVANCED_FACE('',(#2617),#1465,.F.);
#2617 = FACE_BOUND('',#2618,.F.);
#2618 = EDGE_LOOP('',(#2619,#2620,#2621,#2622));
#2619 = ORIENTED_EDGE('',*,*,#1449,.F.);
#2620 = ORIENTED_EDGE('',*,*,#1554,.T.);
#2621 = ORIENTED_EDGE('',*,*,#1581,.T.);
#2622 = ORIENTED_EDGE('',*,*,#2533,.F.);
#2623 = ADVANCED_FACE('',(#2624),#2198,.F.);
#2624 = FACE_BOUND('',#2625,.T.);
#2625 = EDGE_LOOP('',(#2626,#2627,#2648,#2649));
#2626 = ORIENTED_EDGE('',*,*,#2069,.F.);
#2627 = ORIENTED_EDGE('',*,*,#2628,.T.);
#2628 = EDGE_CURVE('',#2070,#2590,#2629,.T.);
#2629 = SEAM_CURVE('',#2630,(#2634,#2641),.PCURVE_S1.);
#2630 = LINE('',#2631,#2632);
#2631 = CARTESIAN_POINT('',(50.,0.,63.9));
#2632 = VECTOR('',#2633,1.);
#2633 = DIRECTION('',(1.,0.,1.110223024625E-16));
#2634 = PCURVE('',#2198,#2635);
#2635 = DEFINITIONAL_REPRESENTATION('',(#2636),#2640);
#2636 = LINE('',#2637,#2638);
#2637 = CARTESIAN_POINT('',(-0.,0.));
#2638 = VECTOR('',#2639,1.);
#2639 = DIRECTION('',(-0.,-1.));
#2640 = ( GEOMETRIC_REPRESENTATION_CONTEXT(2) 
PARAMETRIC_REPRESENTATION_CONTEXT() REPRESENTATION_CONTEXT('2D SPACE',''
  ) );
#2641 = PCURVE('',#2198,#2642);
#2642 = DEFINITIONAL_REPRESENTATION('',(#2643),#2647);
#2643 = LINE('',#2644,#2645);
#2644 = CARTESIAN_POINT('',(-6.28318530718,0.));
#2645 = VECTOR('',#2646,1.);
#2646 = DIRECTION('',(-0.,-1.));
#2647 = ( GEOMETRIC_REPRESENTATION_CONTEXT(2) 
PARAMETRIC_REPRESENTATION_CONTEXT() REPRESENTATION_CONTEXT('2D SPACE',''
  ) );
#2648 = ORIENTED_EDGE('',*,*,#2589,.F.);
#2649 = ORIENTED_EDGE('',*,*,#2628,.F.);
#2650 = ADVANCED_FACE('',(#2651),#2413,.F.);
#2651 = FACE_BOUND('',#2652,.T.);
#2652 = EDGE_LOOP('',(#2653,#2654,#2675,#2676));
#2653 = ORIENTED_EDGE('',*,*,#2284,.F.);
#2654 = ORIENTED_EDGE('',*,*,#2655,.T.);
#2655 = EDGE_CURVE('',#2285,#2560,#2656,.T.);
#2656 = SEAM_CURVE('',#2657,(#2661,#2668),.PCURVE_S1.);
#2657 = LINE('',#2658,#2659);
#2658 = CARTESIAN_POINT('',(50.,0.,41.9));
#2659 = VECTOR('',#2660,1.);
#2660 = DIRECTION('',(1.,0.,1.110223024625E-16));
#2661 = PCURVE('',#2413,#2662);
#2662 = DEFINITIONAL_REPRESENTATION('',(#2663),#2667);
#2663 = LINE('',#2664,#2665);
#2664 = CARTESIAN_POINT('',(-0.,0.));
#2665 = VECTOR('',#2666,1.);
#2666 = DIRECTION('',(-0.,-1.));
#2667 = ( GEOMETRIC_REPRESENTATION_CONTEXT(2) 
PARAMETRIC_REPRESENTATION_CONTEXT() REPRESENTATION_CONTEXT('2D SPACE',''
  ) );
#2668 = PCURVE('',#2413,#2669);
#2669 = DEFINITIONAL_REPRESENTATION('',(#2670),#2674);
#2670 = LINE('',#2671,#2672);
#2671 = CARTESIAN_POINT('',(-6.28318530718,0.));
#2672 = VECTOR('',#2673,1.);
#2673 = DIRECTION('',(-0.,-1.));
#2674 = ( GEOMETRIC_REPRESENTATION_CONTEXT(2) 
PARAMETRIC_REPRESENTATION_CONTEXT() REPRESENTATION_CONTEXT('2D SPACE',''
  ) );
#2675 = ORIENTED_EDGE('',*,*,#2559,.F.);
#2676 = ORIENTED_EDGE('',*,*,#2655,.F.);
#2677 = ( GEOMETRIC_REPRESENTATION_CONTEXT(3) 
GLOBAL_UNCERTAINTY_ASSIGNED_CONTEXT((#2681)) 
GLOBAL_UNIT_ASSIGNED_CONTEXT((#2678,#2679,#2680)) REPRESENTATION_CONTEXT
('Context #1','3D Context with UNIT and UNCERTAINTY') );
#2678 = ( LENGTH_UNIT() NAMED_UNIT(*) SI_UNIT(.MILLI.,.METRE.) );
#2679 = ( NAMED_UNIT(*) PLANE_ANGLE_UNIT() SI_UNIT($,.RADIAN.) );
#2680 = ( NAMED_UNIT(*) SI_UNIT($,.STERADIAN.) SOLID_ANGLE_UNIT() );
#2681 = UNCERTAINTY_MEASURE_WITH_UNIT(LENGTH_MEASURE(1.E-07),#2678,
  'distance_accuracy_value','confusion accuracy');
#2682 = PRODUCT_RELATED_PRODUCT_CATEGORY('part',$,(#7));
ENDSEC;
END-ISO-10303-21;
